{
  "config": {
    "p": 97,
    "train_frac": 0.5,
    "data_mode": "fixed",
    "online_batch": 512,
    "label_noise": 0.0,
    "hidden": 256,
    "lr": 0.001,
    "weight_decay": 0.0,
    "steps": 20000,
    "eval_every": 200,
    "seed": 0,
    "boredom_gamma": 0.0,
    "boredom_floor": 0.05,
    "boredom_ema": 0.9,
    "forget_noise": 0.0,
    "shrink_lambda": 0.001,
    "stoch_shrink_frac": 0.0,
    "stoch_shrink_amount": 0.0
  },
  "metrics_version": "rf-metrics-v1",
  "steps_log": [
    0,
    200,
    400,
    600,
    800,
    1000,
    1200,
    1400,
    1600,
    1800,
    2000,
    2200,
    2400,
    2600,
    2800,
    3000,
    3200,
    3400,
    3600,
    3800,
    4000,
    4200,
    4400,
    4600,
    4800,
    5000,
    5200,
    5400,
    5600,
    5800,
    6000,
    6200,
    6400,
    6600,
    6800,
    7000,
    7200,
    7400,
    7600,
    7800,
    8000,
    8200,
    8400,
    8600,
    8800,
    9000,
    9200,
    9400,
    9600,
    9800,
    10000,
    10200,
    10400,
    10600,
    10800,
    11000,
    11200,
    11400,
    11600,
    11800,
    12000,
    12200,
    12400,
    12600,
    12800,
    13000,
    13200,
    13400,
    13600,
    13800,
    14000,
    14200,
    14400,
    14600,
    14800,
    15000,
    15200,
    15400,
    15600,
    15800,
    16000,
    16200,
    16400,
    16600,
    16800,
    17000,
    17200,
    17400,
    17600,
    17800,
    18000,
    18200,
    18400,
    18600,
    18800,
    19000,
    19200,
    19400,
    19600,
    19800,
    20000
  ],
  "train_acc": [
    0.014455782249569893,
    0.34778910875320435,
    0.9017857313156128,
    1.0,
    1.0,
    1.0,
    1.0,
    1.0,
    1.0,
    1.0,
    1.0,
    1.0,
    1.0,
    1.0,
    1.0,
    1.0,
    1.0,
    1.0,
    1.0,
    1.0,
    1.0,
    1.0,
    1.0,
    1.0,
    1.0,
    1.0,
    1.0,
    1.0,
    1.0,
    1.0,
    1.0,
    1.0,
    1.0,
    1.0,
    1.0,
    1.0,
    1.0,
    1.0,
    1.0,
    1.0,
    1.0,
    1.0,
    1.0,
    1.0,
    1.0,
    1.0,
    1.0,
    1.0,
    1.0,
    1.0,
    1.0,
    1.0,
    1.0,
    1.0,
    1.0,
    1.0,
    1.0,
    1.0,
    1.0,
    1.0,
    1.0,
    1.0,
    1.0,
    1.0,
    1.0,
    1.0,
    1.0,
    1.0,
    1.0,
    1.0,
    1.0,
    1.0,
    1.0,
    1.0,
    1.0,
    1.0,
    1.0,
    1.0,
    1.0,
    1.0,
    1.0,
    1.0,
    1.0,
    1.0,
    1.0,
    1.0,
    1.0,
    1.0,
    1.0,
    1.0,
    1.0,
    1.0,
    1.0,
    1.0,
    1.0,
    1.0,
    1.0,
    1.0,
    1.0,
    1.0,
    1.0
  ],
  "val_acc": [
    0.00913921371102333,
    0.0,
    0.0,
    0.0,
    0.0004250796919222921,
    0.005100956652313471,
    0.018916046246886253,
    0.050159405916929245,
    0.10988309979438782,
    0.19872476160526276,
    0.3096705675125122,
    0.42274177074432373,
    0.5368756651878357,
    0.6507970094680786,
    0.7468650341033936,
    0.8206163644790649,
    0.8746014833450317,
    0.9083953499794006,
    0.9356003999710083,
    0.9547290205955505,
    0.9666312336921692,
    0.976408064365387,
    0.9838469624519348,
    0.9868225455284119,
    0.9893730282783508,
    0.9927736520767212,
    0.9942614436149597,
    0.9959617257118225,
    0.9965993762016296,
    0.997449517250061,
    0.9980871677398682,
    0.9985122084617615,
    0.9989373087882996,
    0.9991498589515686,
    0.9993624091148376,
    0.9995748996734619,
    0.9995748996734619,
    0.9995748996734619,
    0.9995748996734619,
    0.999787449836731,
    0.999787449836731,
    0.999787449836731,
    1.0,
    1.0,
    1.0,
    1.0,
    1.0,
    1.0,
    1.0,
    1.0,
    1.0,
    1.0,
    1.0,
    1.0,
    1.0,
    1.0,
    1.0,
    1.0,
    1.0,
    1.0,
    1.0,
    1.0,
    1.0,
    1.0,
    1.0,
    1.0,
    1.0,
    1.0,
    1.0,
    1.0,
    1.0,
    1.0,
    1.0,
    1.0,
    1.0,
    1.0,
    1.0,
    1.0,
    1.0,
    1.0,
    1.0,
    1.0,
    1.0,
    1.0,
    1.0,
    1.0,
    1.0,
    1.0,
    1.0,
    1.0,
    1.0,
    1.0,
    1.0,
    1.0,
    1.0,
    1.0,
    1.0,
    1.0,
    1.0,
    1.0,
    1.0
  ],
  "train_loss": [
    4.573686122894287,
    3.2992866039276123,
    1.6893798112869263,
    0.5666079521179199,
    0.1572539061307907,
    0.046208739280700684,
    0.01405017264187336,
    0.004401781130582094,
    0.0014198415447026491,
    0.0004805077041964978,
    0.00017680763266980648,
    7.509050919907168e-05,
    3.977467349614017e-05,
    2.703726750041824e-05,
    2.225729258498177e-05,
    2.0289066014811397e-05,
    1.9300445273984224e-05,
    1.8652031940291636e-05,
    1.8121199900633655e-05,
    1.7662767277215607e-05,
    1.7247193682123907e-05,
    1.6841549950186163e-05,
    1.646948112465907e-05,
    1.6102358131320216e-05,
    1.5767898730700836e-05,
    1.5469426216441207e-05,
    1.5194341358437669e-05,
    1.4943762835173402e-05,
    1.4710162759001832e-05,
    1.4504819773719646e-05,
    1.4310448023024946e-05,
    1.4133588592812885e-05,
    1.3963697711005807e-05,
    1.3790969205729198e-05,
    1.3627412954519968e-05,
    1.3479266272042878e-05,
    1.3337453310668934e-05,
    1.3212645171734039e-05,
    1.3102535376674496e-05,
    1.3005298569623847e-05,
    1.2919922482979018e-05,
    1.284339032281423e-05,
    1.2765311112161726e-05,
    1.269519270863384e-05,
    1.2630013770831283e-05,
    1.2575554137583822e-05,
    1.2520613381639123e-05,
    1.2468864042602945e-05,
    1.2429256457835436e-05,
    1.2396970305417199e-05,
    1.2366332157398574e-05,
    1.2331157449807506e-05,
    1.2299761692702305e-05,
    1.2265068107808474e-05,
    1.223607705469476e-05,
    1.2209670785523485e-05,
    1.2179564691905398e-05,
    1.2153614989074413e-05,
    1.212791812577052e-05,
    1.2102221262466628e-05,
    1.2080377018719446e-05,
    1.2056833838869352e-05,
    1.2035673535137903e-05,
    1.2018187590001617e-05,
    1.19999167509377e-05,
    1.1981974239461124e-05,
    1.1962259122810792e-05,
    1.1940946023969445e-05,
    1.1919785720237996e-05,
    1.1896926480403636e-05,
    1.187361340271309e-05,
    1.185037490358809e-05,
    1.1827060006908141e-05,
    1.1807623195636552e-05,
    1.179211449198192e-05,
    1.1779291526181623e-05,
    1.1766494026232976e-05,
    1.1752910722861998e-05,
    1.1744699804694392e-05,
    1.1738186913134996e-05,
    1.172870906884782e-05,
    1.1722854651452508e-05,
    1.171649455500301e-05,
    1.1707573321473319e-05,
    1.1703848940669559e-05,
    1.1696120054693893e-05,
    1.169077313534217e-05,
    1.1686160178214777e-05,
    1.1680052921292372e-05,
    1.1674680536089e-05,
    1.1671994798234664e-05,
    1.166753463621717e-05,
    1.1661325515888166e-05,
    1.1657929462671746e-05,
    1.165519279311411e-05,
    1.1652861758193467e-05,
    1.1649668522295542e-05,
    1.1643535799521487e-05,
    1.164006425824482e-05,
    1.163410888693761e-05,
    1.162947137345327e-05
  ],