{
  "config": {
    "p": 97,
    "train_frac": 0.5,
    "data_mode": "fixed",
    "online_batch": 512,
    "label_noise": 0.0,
    "hidden": 256,
    "lr": 0.001,
    "weight_decay": 0.0,
    "steps": 20000,
    "eval_every": 200,
    "seed": 0,
    "boredom_gamma": 0.0,
    "boredom_floor": 0.05,
    "boredom_ema": 0.9,
    "forget_noise": 0.0,
    "shrink_lambda": 0.0,
    "stoch_shrink_frac": 0.05,
    "stoch_shrink_amount": 0.02
  },
  "metrics_version": "rf-metrics-v1",
  "steps_log": [
    0,
    200,
    400,
    600,
    800,
    1000,
    1200,
    1400,
    1600,
    1800,
    2000,
    2200,
    2400,
    2600,
    2800,
    3000,
    3200,
    3400,
    3600,
    3800,
    4000,
    4200,
    4400,
    4600,
    4800,
    5000,
    5200,
    5400,
    5600,
    5800,
    6000,
    6200,
    6400,
    6600,
    6800,
    7000,
    7200,
    7400,
    7600,
    7800,
    8000,
    8200,
    8400,
    8600,
    8800,
    9000,
    9200,
    9400,
    9600,
    9800,
    10000,
    10200,
    10400,
    10600,
    10800,
    11000,
    11200,
    11400,
    11600,
    11800,
    12000,
    12200,
    12400,
    12600,
    12800,
    13000,
    13200,
    13400,
    13600,
    13800,
    14000,
    14200,
    14400,
    14600,
    14800,
    15000,
    15200,
    15400,
    15600,
    15800,
    16000,
    16200,
    16400,
    16600,
    16800,
    17000,
    17200,
    17400,
    17600,
    17800,
    18000,
    18200,
    18400,
    18600,
    18800,
    19000,
    19200,
    19400,
    19600,
    19800,
    20000
  ],
  "train_acc": [
    0.01424319762736559,
    0.3499149680137634,
    0.9034863710403442,
    1.0,
    1.0,
    1.0,
    1.0,
    1.0,
    1.0,
    1.0,
    1.0,
    1.0,
    1.0,
    1.0,
    1.0,
    1.0,
    1.0,
    1.0,
    1.0,
    1.0,
    1.0,
    1.0,
    1.0,
    1.0,
    1.0,
    1.0,
    1.0,
    1.0,
    1.0,
    1.0,
    1.0,
    1.0,
    1.0,
    1.0,
    1.0,
    1.0,
    1.0,
    1.0,
    1.0,
    1.0,
    1.0,
    1.0,
    1.0,
    1.0,
    1.0,
    1.0,
    1.0,
    1.0,
    1.0,
    1.0,
    1.0,
    1.0,
    1.0,
    1.0,
    1.0,
    1.0,
    1.0,
    1.0,
    1.0,
    1.0,
    1.0,
    1.0,
    1.0,
    1.0,
    1.0,
    1.0,
    1.0,
    1.0,
    1.0,
    1.0,
    1.0,
    1.0,
    1.0,
    1.0,
    1.0,
    1.0,
    1.0,
    1.0,
    1.0,
    1.0,
    1.0,
    1.0,
    1.0,
    1.0,
    1.0,
    1.0,
    1.0,
    1.0,
    1.0,
    1.0,
    1.0,
    1.0,
    1.0,
    1.0,
    1.0,
    1.0,
    1.0,
    1.0,
    1.0,
    1.0,
    1.0
  ],
  "val_acc": [
    0.008714133873581886,
    0.0,
    0.0,
    0.0,
    0.0004250796919222921,
    0.0019128586864098907,
    0.015940489247441292,
    0.04144527018070221,
    0.09521785378456116,
    0.1755579113960266,
    0.2907545268535614,
    0.42231667041778564,
    0.5496280789375305,
    0.6652497053146362,
    0.75345379114151,
    0.8225291967391968,
    0.8737513422966003,
    0.9130712151527405,
    0.937725841999054,
    0.9570669531822205,
    0.9687566161155701,
    0.973857581615448,
    0.9832093715667725,
    0.9868225455284119,
    0.9910733103752136,
    0.9929862022399902,
    0.9936237931251526,
    0.9948990345001221,
    0.997236967086792,
    0.9976620674133301,
    0.9985122084617615,
    0.9985122084617615,
    0.9989373087882996,
    0.9991498589515686,
    0.9993624091148376,
    0.9995748996734619,
    0.999787449836731,
    0.9995748996734619,
    0.999787449836731,
    0.999787449836731,
    0.999787449836731,
    0.999787449836731,
    1.0,
    1.0,
    1.0,
    1.0,
    1.0,
    1.0,
    1.0,
    1.0,
    1.0,
    1.0,
    1.0,
    0.999787449836731,
    1.0,
    1.0,
    1.0,
    1.0,
    1.0,
    1.0,
    1.0,
    1.0,
    1.0,
    1.0,
    1.0,
    1.0,
    1.0,
    1.0,
    1.0,
    1.0,
    1.0,
    1.0,
    1.0,
    1.0,
    1.0,
    1.0,
    1.0,
    1.0,
    1.0,
    1.0,
    1.0,
    1.0,
    1.0,
    1.0,
    1.0,
    1.0,
    1.0,
    1.0,
    1.0,
    1.0,
    1.0,
    1.0,
    1.0,
    1.0,
    1.0,
    1.0,
    1.0,
    1.0,
    1.0,
    1.0,
    1.0
  ],
  "train_loss": [
    4.5736894607543945,
    3.3040080070495605,
    1.7211923599243164,
    0.6138659715652466,
    0.186604306101799,
    0.0609903447329998,
    0.020960524678230286,
    0.007398527581244707,
    0.0026437186170369387,
    0.00097734818700701,
    0.0003760782128665596,
    0.0001543565740576014,
    7.253010699059814e-05,
    4.104310573893599e-05,
    2.8701422706944868e-05,
    2.3553908249596134e-05,
    2.1194620785536245e-05,
    1.9860668544424698e-05,
    1.9171604435541667e-05,
    1.8572836779640056e-05,
    1.806668660719879e-05,
    1.7721662516123615e-05,
    1.7382310034008697e-05,
    1.693148624326568e-05,
    1.640552181925159e-05,
    1.631063969398383e-05,
    1.5935205738060176e-05,
    1.5791316400282085e-05,
    1.5544816051260568e-05,
    1.5309238733607344e-05,
    1.5047233318910003e-05,
    1.4902278962836135e-05,
    1.4656058738182765e-05,
    1.4500434190267697e-05,
    1.45298299685237e-05,
    1.4362373804033268e-05,
    1.4173298040986992e-05,
    1.4155712051433511e-05,
    1.3998414942761883e-05,
    1.3892156857764348e-05,
    1.382120080961613e-05,
    1.3687495993508492e-05,
    1.3556634257838596e-05,
    1.3437019333650824e-05,
    1.3337833479454275e-05,
    1.3348373613553122e-05,
    1.3226811461208854e-05,
    1.3202102309151087e-05,
    1.3152940482541453e-05,
    1.3163330550014507e-05,
    1.3177394066588022e-05,
    1.2976434845768381e-05,
    1.2998025340493768e-05,
    1.2898612112621777e-05,
    1.2802237506548408e-05,
    1.2782546036760323e-05,
    1.2686196896538604e-05,
    1.2765187420882285e-05,
    1.2710424016404431e-05,
    1.2676008736889344e-05,
    1.2584017895278521e-05,
    1.2563162272272166e-05,
    1.2578823771036696e-05,
    1.2534653251350392e-05,
    1.2448236702766735e-05,
    1.2362353118078317e-05,
    1.24369844343164e-05,
    1.2426696230249945e-05,
    1.2351582881819922e-05,
    1.2348820746410638e-05,
    1.239063567481935e-05,
    1.2323225746513344e-05,
    1.224765492224833e-05,
    1.2242005141160917e-05,
    1.2155792319390457e-05,
    1.2229334970470518e-05,
    1.2137470548623241e-05,
    1.2091981261619367e-05,
    1.2122442058171146e-05,
    1.2071554920112249e-05,
    1.1974143490078859e-05,
    1.2012435945507605e-05,
    1.1938793250010349e-05,
    1.196238645206904e-05,
    1.1880380952788983e-05,
    1.1848043868667446e-05,
    1.1854049262183253e-05,
    1.1807547707576305e-05,
    1.1779621672758367e-05,
    1.184358279715525e-05,
    1.1859777259815019e-05,
    1.1792748409789056e-05,
    1.1725973308784887e-05,
    1.1798273590102326e-05,
    1.1746374184440356e-05,
    1.172670818050392e-05,
    1.1659754818538204e-05,
    1.171107214759104e-05,
    1.1719233043550048e-05,
    1.1686971447488759e-05,
    1.1679167073452845e-05
  ],