{
  "config": {
    "p": 97,
    "train_frac": 0.5,
    "data_mode": "fixed",
    "online_batch": 512,
    "label_noise": 0.0,
    "hidden": 256,
    "lr": 0.001,
    "weight_decay": 0.0,
    "steps": 20000,
    "eval_every": 200,
    "seed": 0,
    "boredom_gamma": 0.0,
    "boredom_floor": 0.05,
    "boredom_ema": 0.9,
    "forget_noise": 0.0,
    "shrink_lambda": 0.0,
    "stoch_shrink_frac": 0.02,
    "stoch_shrink_amount": 0.05
  },
  "metrics_version": "rf-metrics-v1",
  "steps_log": [
    0,
    200,
    400,
    600,
    800,
    1000,
    1200,
    1400,
    1600,
    1800,
    2000,
    2200,
    2400,
    2600,
    2800,
    3000,
    3200,
    3400,
    3600,
    3800,
    4000,
    4200,
    4400,
    4600,
    4800,
    5000,
    5200,
    5400,
    5600,
    5800,
    6000,
    6200,
    6400,
    6600,
    6800,
    7000,
    7200,
    7400,
    7600,
    7800,
    8000,
    8200,
    8400,
    8600,
    8800,
    9000,
    9200,
    9400,
    9600,
    9800,
    10000,
    10200,
    10400,
    10600,
    10800,
    11000,
    11200,
    11400,
    11600,
    11800,
    12000,
    12200,
    12400,
    12600,
    12800,
    13000,
    13200,
    13400,
    13600,
    13800,
    14000,
    14200,
    14400,
    14600,
    14800,
    15000,
    15200,
    15400,
    15600,
    15800,
    16000,
    16200,
    16400,
    16600,
    16800,
    17000,
    17200,
    17400,
    17600,
    17800,
    18000,
    18200,
    18400,
    18600,
    18800,
    19000,
    19200,
    19400,
    19600,
    19800,
    20000
  ],
  "train_acc": [
    0.014455782249569893,
    0.3428996503353119,
    0.8964710831642151,
    0.9995748400688171,
    1.0,
    1.0,
    1.0,
    1.0,
    1.0,
    1.0,
    1.0,
    1.0,
    1.0,
    1.0,
    1.0,
    1.0,
    1.0,
    1.0,
    1.0,
    1.0,
    1.0,
    1.0,
    1.0,
    1.0,
    1.0,
    1.0,
    1.0,
    1.0,
    1.0,
    1.0,
    1.0,
    1.0,
    1.0,
    1.0,
    1.0,
    1.0,
    1.0,
    1.0,
    1.0,
    1.0,
    1.0,
    1.0,
    1.0,
    1.0,
    1.0,
    1.0,
    1.0,
    1.0,
    1.0,
    1.0,
    1.0,
    1.0,
    1.0,
    1.0,
    1.0,
    1.0,
    1.0,
    1.0,
    1.0,
    1.0,
    1.0,
    1.0,
    1.0,
    1.0,
    1.0,
    1.0,
    1.0,
    1.0,
    1.0,
    1.0,
    1.0,
    1.0,
    1.0,
    1.0,
    1.0,
    1.0,
    1.0,
    1.0,
    1.0,
    1.0,
    1.0,
    1.0,
    1.0,
    1.0,
    1.0,
    1.0,
    1.0,
    1.0,
    1.0,
    1.0,
    1.0,
    1.0,
    1.0,
    1.0,
    1.0,
    1.0,
    1.0,
    1.0,
    1.0,
    1.0,
    1.0
  ],
  "val_acc": [
    0.00913921371102333,
    0.0,
    0.0,
    0.0,
    0.0006376195815391839,
    0.003613177454099059,
    0.01849096640944481,
    0.05185972526669502,
    0.1115834191441536,
    0.20807652175426483,
    0.33326247334480286,
    0.47417640686035156,
    0.5972369909286499,
    0.6971307396888733,
    0.7827842831611633,
    0.8473963737487793,
    0.8916046619415283,
    0.9239107370376587,
    0.9470775723457336,
    0.9649309515953064,
    0.9749202728271484,
    0.981934130191803,
    0.9859723448753357,
    0.9887353777885437,
    0.9917109608650208,
    0.9942614436149597,
    0.9957491755485535,
    0.9968119263648987,
    0.9965993762016296,
    0.997449517250061,
    0.9978746175765991,
    0.9987247586250305,
    0.9989373087882996,
    0.9993624091148376,
    0.9991498589515686,
    0.9993624091148376,
    0.9995748996734619,
    0.9995748996734619,
    0.9995748996734619,
    1.0,
    0.999787449836731,
    0.999787449836731,
    0.999787449836731,
    1.0,
    0.999787449836731,
    0.999787449836731,
    0.999787449836731,
    0.999787449836731,
    0.999787449836731,
    1.0,
    1.0,
    0.999787449836731,
    1.0,
    1.0,
    1.0,
    1.0,
    1.0,
    1.0,
    1.0,
    1.0,
    1.0,
    1.0,
    1.0,
    1.0,
    1.0,
    1.0,
    1.0,
    1.0,
    1.0,
    1.0,
    1.0,
    1.0,
    1.0,
    1.0,
    1.0,
    1.0,
    1.0,
    1.0,
    1.0,
    1.0,
    1.0,
    1.0,
    1.0,
    1.0,
    1.0,
    1.0,
    1.0,
    1.0,
    1.0,
    1.0,
    1.0,
    1.0,
    1.0,
    1.0,
    1.0,
    1.0,
    1.0,
    1.0,
    1.0,
    1.0,
    1.0
  ],
  "train_loss": [
    4.573688507080078,
    3.307004690170288,
    1.74936842918396,
    0.6598264575004578,
    0.21502985060214996,
    0.0743982270359993,
    0.02743215300142765,
    0.01025855727493763,
    0.0038609548937529325,
    0.0015042409067973495,
    0.0006047813803888857,
    0.00025428918888792396,
    0.00011740362970158458,
    6.140494951978326e-05,
    3.959141031373292e-05,
    2.9871043807361275e-05,
    2.5214299967046827e-05,
    2.271018638566602e-05,
    2.158330607926473e-05,
    2.055697223113384e-05,
    1.9757449990720488e-05,
    1.937015440489631e-05,
    1.9046263332711533e-05,
    1.837496347434353e-05,
    1.7950849724002182e-05,
    1.7821050278143957e-05,
    1.737384263833519e-05,
    1.7039232261595316e-05,
    1.6718586266506463e-05,
    1.6514057278982364e-05,
    1.6226476873271167e-05,
    1.5922380043775775e-05,
    1.547172541904729e-05,
    1.5498641005251557e-05,
    1.5421424905071035e-05,
    1.5091806744749192e-05,
    1.4981821550463792e-05,
    1.4836133232165594e-05,
    1.4671310054836795e-05,
    1.4681144421047065e-05,
    1.474028977099806e-05,
    1.42952394526219e-05,
    1.4182647646521218e-05,
    1.4269468010752462e-05,
    1.399245775246527e-05,
    1.3849834431312047e-05,
    1.3837771803082433e-05,
    1.381932361255167e-05,
    1.3649356333189644e-05,
    1.3660227523359936e-05,
    1.3734175809076987e-05,
    1.340714061370818e-05,
    1.3454733561957255e-05,
    1.3272930118546356e-05,
    1.316294765274506e-05,
    1.3186438081902452e-05,
    1.307346610701643e-05,
    1.305316709476756e-05,
    1.3236287486506626e-05,
    1.3043158105574548e-05,
    1.306109788856702e-05,
    1.3145715456630569e-05,
    1.3084540114505216e-05,
    1.2940169654029887e-05,
    1.2829833394789603e-05,
    1.2798913303413428e-05,
    1.2903526112495456e-05,
    1.2829678780690301e-05,
    1.2827829777961597e-05,
    1.2707481801044196e-05,
    1.283312576561002e-05,
    1.2845162927987985e-05,
    1.2777703886968084e-05,
    1.2928740943607409e-05,
    1.2770151442964561e-05,
    1.2674082427110989e-05,
    1.2738753866869956e-05,
    1.2715263437712565e-05,
    1.2722460269287694e-05,
    1.266686012968421e-05,
    1.2612475984496996e-05,
    1.2758114280586597e-05,
    1.2634014638024382e-05,
    1.2700740626314655e-05,
    1.2755251191265415e-05,
    1.2490149856603239e-05,
    1.2563363270601258e-05,
    1.2454850548238028e-05,
    1.2515468370111194e-05,
    1.2530115782283247e-05,
    1.267101561097661e-05,
    1.2476465599320363e-05,
    1.2461970072763506e-05,
    1.2456802323868033e-05,
    1.2558904018078465e-05,
    1.2435463759175036e-05,
    1.2344105925876647e-05,
    1.2344082279014401e-05,
    1.2350846191111486e-05,
    1.2389999938022811e-05,
    1.2445068023225758e-05
  ],