{
  "config": {
    "p": 97,
    "train_frac": 0.5,
    "data_mode": "fixed",
    "online_batch": 512,
    "label_noise": 0.0,
    "hidden": 256,
    "lr": 0.001,
    "weight_decay": 0.0,
    "steps": 20000,
    "eval_every": 200,
    "seed": 0,
    "boredom_gamma": 0.0,
    "boredom_floor": 0.05,
    "boredom_ema": 0.9,
    "forget_noise": 0.0,
    "shrink_lambda": 0.0,
    "stoch_shrink_frac": 0.3,
    "stoch_shrink_amount": 0.01
  },
  "metrics_version": "rf-metrics-v1",
  "steps_log": [
    0,
    200,
    400,
    600,
    800,
    1000,
    1200,
    1400,
    1600,
    1800,
    2000,
    2200,
    2400,
    2600,
    2800,
    3000,
    3200,
    3400,
    3600,
    3800,
    4000,
    4200,
    4400,
    4600,
    4800,
    5000,
    5200,
    5400,
    5600,
    5800,
    6000,
    6200,
    6400,
    6600,
    6800,
    7000,
    7200,
    7400,
    7600,
    7800,
    8000,
    8200,
    8400,
    8600,
    8800,
    9000,
    9200,
    9400,
    9600,
    9800,
    10000,
    10200,
    10400,
    10600,
    10800,
    11000,
    11200,
    11400,
    11600,
    11800,
    12000,
    12200,
    12400,
    12600,
    12800,
    13000,
    13200,
    13400,
    13600,
    13800,
    14000,
    14200,
    14400,
    14600,
    14800,
    15000,
    15200,
    15400,
    15600,
    15800,
    16000,
    16200,
    16400,
    16600,
    16800,
    17000,
    17200,
    17400,
    17600,
    17800,
    18000,
    18200,
    18400,
    18600,
    18800,
    19000,
    19200,
    19400,
    19600,
    19800,
    20000
  ],
  "train_acc": [
    0.014668367803096771,
    0.2663690447807312,
    0.6760203838348389,
    0.9126275777816772,
    0.9800170063972473,
    0.9959608912467957,
    0.9993622303009033,
    1.0,
    1.0,
    1.0,
    1.0,
    1.0,
    1.0,
    1.0,
    1.0,
    1.0,
    1.0,
    1.0,
    1.0,
    1.0,
    1.0,
    1.0,
    1.0,
    1.0,
    1.0,
    1.0,
    1.0,
    1.0,
    1.0,
    1.0,
    1.0,
    1.0,
    1.0,
    1.0,
    1.0,
    1.0,
    1.0,
    1.0,
    1.0,
    1.0,
    1.0,
    1.0,
    1.0,
    1.0,
    1.0,
    1.0,
    1.0,
    1.0,
    1.0,
    1.0,
    1.0,
    1.0,
    1.0,
    1.0,
    1.0,
    1.0,
    1.0,
    1.0,
    1.0,
    1.0,
    1.0,
    1.0,
    1.0,
    1.0,
    1.0,
    1.0,
    1.0,
    1.0,
    1.0,
    1.0,
    1.0,
    1.0,
    1.0,
    1.0,
    1.0,
    1.0,
    1.0,
    1.0,
    1.0,
    1.0,
    1.0,
    1.0,
    1.0,
    1.0,
    1.0,
    1.0,
    1.0,
    1.0,
    1.0,
    1.0,
    1.0,
    1.0,
    1.0,
    1.0,
    1.0,
    1.0,
    1.0,
    1.0,
    1.0,
    1.0,
    1.0
  ],
  "val_acc": [
    0.00913921371102333,
    0.0,
    0.0,
    0.0,
    0.0,
    0.004250796977430582,
    0.024229543283581734,
    0.08544102311134338,
    0.1832093447446823,
    0.3047821521759033,
    0.43634432554244995,
    0.5523910522460938,
    0.6535600423812866,
    0.727098822593689,
    0.7868225574493408,
    0.8395324349403381,
    0.8792773485183716,
    0.9047821760177612,
    0.9275239109992981,
    0.9360255002975464,
    0.9466524720191956,
    0.950690746307373,
    0.9523910880088806,
    0.9579170942306519,
    0.9649309515953064,
    0.9698193669319153,
    0.9742826819419861,
    0.9770457148551941,
    0.9817215800285339,
    0.981934130191803,
    0.9851222038269043,
    0.9857598543167114,
    0.9872475862503052,
    0.9878852367401123,
    0.9889479279518127,
    0.9889479279518127,
    0.9895855188369751,
    0.9908607602119446,
    0.9927736520767212,
    0.9921360015869141,
    0.9919235110282898,
    0.9914984107017517,
    0.9917109608650208,
    0.9929862022399902,
    0.9929862022399902,
    0.9934112429618835,
    0.9938363432884216,
    0.9940488934516907,
    0.9936237931251526,
    0.994686484336853,
    0.994473934173584,
    0.9938363432884216,
    0.9942614436149597,
    0.9942614436149597,
    0.9942614436149597,
    0.9940488934516907,
    0.994686484336853,
    0.994686484336853,
    0.9942614436149597,
    0.9938363432884216,
    0.994686484336853,
    0.994473934173584,
    0.994686484336853,
    0.9942614436149597,
    0.9948990345001221,
    0.9957491755485535,
    0.9959617257118225,
    0.9963868260383606,
    0.9963868260383606,
    0.9963868260383606,
    0.9961742758750916,
    0.997024416923523,
    0.9965993762016296,
    0.997024416923523,
    0.997236967086792,
    0.997024416923523,
    0.9968119263648987,
    0.9961742758750916,
    0.997024416923523,
    0.9968119263648987,
    0.9963868260383606,
    0.9963868260383606,
    0.9965993762016296,
    0.9965993762016296,
    0.9965993762016296,
    0.997024416923523,
    0.997449517250061,
    0.9978746175765991,
    0.997024416923523,
    0.997024416923523,
    0.997236967086792,
    0.9968119263648987,
    0.9968119263648987,
    0.997024416923523,
    0.997449517250061,
    0.997449517250061,
    0.9976620674133301,
    0.9976620674133301,
    0.9980871677398682,
    0.9976620674133301,
    0.9978746175765991
  ],
  "train_loss": [
    4.573691368103027,
    3.619364023208618,
    2.756392002105713,
    2.1468868255615234,
    1.705308437347412,
    1.371431827545166,
    1.1106966733932495,
    0.9107664823532104,
    0.7632867693901062,
    0.6530119180679321,
    0.5679836869239807,
    0.49987563490867615,
    0.44485753774642944,
    0.40122613310813904,
    0.3661545217037201,
    0.335721880197525,
    0.3092726469039917,
    0.28710463643074036,
    0.26805582642555237,
    0.25340014696121216,
    0.2416968047618866,
    0.23204316198825836,
    0.2239905148744583,
    0.21674613654613495,
    0.20990371704101562,
    0.20445547997951508,
    0.19916801154613495,
    0.19514279067516327,
    0.19044767320156097,
    0.18661238253116608,
    0.1836453676223755,
    0.18078835308551788,
    0.17786157131195068,
    0.17613305151462555,
    0.17398115992546082,
    0.17194069921970367,
    0.17041389644145966,
    0.16840195655822754,
    0.16656611859798431,
    0.16422909498214722,
    0.16255192458629608,
    0.16104574501514435,
    0.15936614573001862,
    0.1580190658569336,
    0.15684020519256592,
    0.15631061792373657,
    0.15539689362049103,
    0.15462473034858704,
    0.15415962040424347,
    0.15370751917362213,
    0.1533578336238861,
    0.15310800075531006,
    0.15295030176639557,
    0.15252721309661865,
    0.1521451622247696,
    0.15181797742843628,
    0.15100353956222534,
    0.15091873705387115,
    0.1512107104063034,
    0.15104089677333832,
    0.1506192833185196,
    0.150302916765213,
    0.1494206041097641,
    0.1489132195711136,
    0.1486278623342514,
    0.14795835316181183,
    0.14776255190372467,
    0.14725147187709808,
    0.1457177698612213,
    0.14529924094676971,
    0.14519959688186646,
    0.14495877921581268,
    0.1448003649711609,
    0.14450590312480927,
    0.1446273773908615,
    0.14427344501018524,
    0.1442638337612152,
    0.14358361065387726,
    0.14342224597930908,
    0.143393412232399,
    0.1431380659341812,
    0.14360885322093964,
    0.14339524507522583,
    0.14329810440540314,
    0.1427834928035736,
    0.14234699308872223,
    0.1415567398071289,
    0.14166048169136047,
    0.1409483551979065,
    0.14110027253627777,
    0.14060457050800323,
    0.14053528010845184,
    0.14025403559207916,
    0.14050154387950897,
    0.14060848951339722,
    0.14013317227363586,
    0.13956817984580994,
    0.1396160125732422,
    0.139536514878273,
    0.13976192474365234,
    0.13996711373329163
  ],