{
  "config": {
    "p": 97,
    "train_frac": 0.5,
    "data_mode": "fixed",
    "online_batch": 512,
    "label_noise": 0.0,
    "hidden": 256,
    "lr": 0.001,
    "weight_decay": 0.0,
    "steps": 20000,
    "eval_every": 200,
    "seed": 0,
    "boredom_gamma": 0.0,
    "boredom_floor": 0.05,
    "boredom_ema": 0.9,
    "forget_noise": 0.0,
    "shrink_lambda": 0.0,
    "stoch_shrink_frac": 0.1,
    "stoch_shrink_amount": 0.01
  },
  "metrics_version": "rf-metrics-v1",
  "steps_log": [
    0,
    200,
    400,
    600,
    800,
    1000,
    1200,
    1400,
    1600,
    1800,
    2000,
    2200,
    2400,
    2600,
    2800,
    3000,
    3200,
    3400,
    3600,
    3800,
    4000,
    4200,
    4400,
    4600,
    4800,
    5000,
    5200,
    5400,
    5600,
    5800,
    6000,
    6200,
    6400,
    6600,
    6800,
    7000,
    7200,
    7400,
    7600,
    7800,
    8000,
    8200,
    8400,
    8600,
    8800,
    9000,
    9200,
    9400,
    9600,
    9800,
    10000,
    10200,
    10400,
    10600,
    10800,
    11000,
    11200,
    11400,
    11600,
    11800,
    12000,
    12200,
    12400,
    12600,
    12800,
    13000,
    13200,
    13400,
    13600,
    13800,
    14000,
    14200,
    14400,
    14600,
    14800,
    15000,
    15200,
    15400,
    15600,
    15800,
    16000,
    16200,
    16400,
    16600,
    16800,
    17000,
    17200,
    17400,
    17600,
    17800,
    18000,
    18200,
    18400,
    18600,
    18800,
    19000,
    19200,
    19400,
    19600,
    19800,
    20000
  ],
  "train_acc": [
    0.014455782249569893,
    0.3473639488220215,
    0.9066751599311829,
    1.0,
    1.0,
    1.0,
    1.0,
    1.0,
    1.0,
    1.0,
    1.0,
    1.0,
    1.0,
    1.0,
    1.0,
    1.0,
    1.0,
    1.0,
    1.0,
    1.0,
    1.0,
    1.0,
    1.0,
    1.0,
    1.0,
    1.0,
    1.0,
    1.0,
    1.0,
    1.0,
    1.0,
    1.0,
    1.0,
    1.0,
    1.0,
    1.0,
    1.0,
    1.0,
    1.0,
    1.0,
    1.0,
    1.0,
    1.0,
    1.0,
    1.0,
    1.0,
    1.0,
    1.0,
    1.0,
    1.0,
    1.0,
    1.0,
    1.0,
    1.0,
    1.0,
    1.0,
    1.0,
    1.0,
    1.0,
    1.0,
    1.0,
    1.0,
    1.0,
    1.0,
    1.0,
    1.0,
    1.0,
    1.0,
    1.0,
    1.0,
    1.0,
    1.0,
    1.0,
    1.0,
    1.0,
    1.0,
    1.0,
    1.0,
    1.0,
    1.0,
    1.0,
    1.0,
    1.0,
    1.0,
    1.0,
    1.0,
    1.0,
    1.0,
    1.0,
    1.0,
    1.0,
    1.0,
    1.0,
    1.0,
    1.0,
    1.0,
    1.0,
    1.0,
    1.0,
    1.0,
    1.0
  ],
  "val_acc": [
    0.008926673792302608,
    0.0,
    0.0,
    0.0,
    0.00021253984596114606,
    0.0046758768148720264,
    0.019553666934370995,
    0.05164718255400658,
    0.11179596185684204,
    0.20850159227848053,
    0.32837405800819397,
    0.4586609899997711,
    0.5853347778320312,
    0.6907545328140259,
    0.7783209085464478,
    0.8505845069885254,
    0.8958554863929749,
    0.9302869439125061,
    0.9492029547691345,
    0.9674813747406006,
    0.9776833057403564,
    0.9849096536636353,
    0.9895855188369751,
    0.9914984107017517,
    0.9929862022399902,
    0.9942614436149597,
    0.9961742758750916,
    0.9965993762016296,
    0.997449517250061,
    0.9987247586250305,
    0.9989373087882996,
    0.9991498589515686,
    0.9991498589515686,
    0.9993624091148376,
    0.999787449836731,
    0.999787449836731,
    0.9995748996734619,
    0.999787449836731,
    0.999787449836731,
    1.0,
    1.0,
    1.0,
    0.999787449836731,
    1.0,
    1.0,
    1.0,
    1.0,
    1.0,
    1.0,
    1.0,
    1.0,
    1.0,
    1.0,
    1.0,
    1.0,
    1.0,
    1.0,
    1.0,
    1.0,
    1.0,
    1.0,
    1.0,
    1.0,
    1.0,
    1.0,
    1.0,
    1.0,
    1.0,
    1.0,
    1.0,
    1.0,
    1.0,
    1.0,
    1.0,
    1.0,
    1.0,
    1.0,
    1.0,
    1.0,
    1.0,
    1.0,
    1.0,
    1.0,
    1.0,
    1.0,
    1.0,
    1.0,
    1.0,
    1.0,
    1.0,
    1.0,
    1.0,
    1.0,
    1.0,
    1.0,
    1.0,
    1.0,
    1.0,
    1.0,
    1.0,
    1.0
  ],
  "train_loss": [
    4.573687553405762,
    3.304075241088867,
    1.7101655006408691,
    0.5906755328178406,
    0.17081475257873535,
    0.05278073251247406,
    0.017136938869953156,
    0.005750994198024273,
    0.0019722767174243927,
    0.0007025899249128997,
    0.00026246911147609353,
    0.00010797125287353992,
    5.2751885959878564e-05,
    3.216887125745416e-05,
    2.435399073874578e-05,
    2.1074833057355136e-05,
    1.9439312382019125e-05,
    1.8581273252493702e-05,
    1.7988206309382804e-05,
    1.7446551282773726e-05,
    1.709770003799349e-05,
    1.6740106730139814e-05,
    1.6373232938349247e-05,
    1.6064954252215102e-05,
    1.568649895489216e-05,
    1.5457791960216127e-05,
    1.5148269085329957e-05,
    1.5000528037489858e-05,
    1.4739431207999587e-05,
    1.4622302842326462e-05,
    1.4379629647010006e-05,
    1.4169547284836881e-05,
    1.3998617760080379e-05,
    1.3903740182286128e-05,
    1.3786863746645395e-05,
    1.3683343240700196e-05,
    1.3533979654312134e-05,
    1.3401921933109406e-05,
    1.326368328591343e-05,
    1.3190445315558463e-05,
    1.311566029471578e-05,
    1.2989029528398532e-05,
    1.2880896974820644e-05,
    1.2811559827241581e-05,
    1.2751756003126502e-05,
    1.2760396202793345e-05,
    1.266174058400793e-05,
    1.2606724340002984e-05,
    1.2572741070471238e-05,
    1.2568661077239085e-05,
    1.2544765013444703e-05,
    1.2432118637661915e-05,
    1.2426315151969902e-05,
    1.2295121450733859e-05,
    1.2253408385731746e-05,
    1.2233212146384176e-05,
    1.2193120710435323e-05,
    1.2200647688587196e-05,
    1.2176039490441326e-05,
    1.2144490938226227e-05,
    1.207801960845245e-05,
    1.2099153536837548e-05,
    1.2062839232385159e-05,
    1.199434063892113e-05,
    1.1962234566453844e-05,
    1.1951261512876954e-05,
    1.1947333405259997e-05,
    1.1945154255954549e-05,
    1.1890467249031644e-05,
    1.1910383364011068e-05,
    1.1921154509764165e-05,
    1.1887146683875471e-05,
    1.1862489373015705e-05,
    1.1852275747514796e-05,
    1.1811222975666169e-05,
    1.1877541510330047e-05,
    1.1827466551039834e-05,
    1.1790112694143318e-05,
    1.1835524674097542e-05,
    1.1799464118666947e-05,
    1.175022407551296e-05,
    1.1785551578213926e-05,
    1.1779671694966964e-05,
    1.1769408047257457e-05,
    1.1771411664085463e-05,
    1.1694675777107477e-05,
    1.1688796803355217e-05,
    1.1720575457729865e-05,
    1.1682966942316853e-05,
    1.1725136573659256e-05,
    1.170382347481791e-05,
    1.1684108358167578e-05,
    1.1672627806547098e-05,
    1.166839683719445e-05,
    1.1694168279063888e-05,
    1.1644397091004066e-05,
    1.1613962669798639e-05,
    1.163273918791674e-05,
    1.1653773071884643e-05,
    1.164546119980514e-05,
    1.1660210475383792e-05
  ],