{"step": [0, 200, 400, 600, 800, 1000, 1200, 1400, 1600, 1800, 2000, 2200, 2400, 2600, 2800, 3000, 3200, 3400, 3600, 3800, 4000, 4200, 4400, 4600, 4800, 5000, 5200, 5400, 5600, 5800, 6000, 6200, 6400, 6600, 6800, 7000, 7200, 7400, 7600, 7800, 8000, 8200, 8400, 8600, 8800, 9000, 9200, 9400, 9600, 9800, 10000, 10200, 10400, 10600, 10800, 11000, 11200, 11400, 11600, 11800, 12000, 12200, 12400, 12600, 12800, 13000, 13200, 13400, 13600, 13800, 14000, 14200, 14400, 14600, 14800, 15000], "val_acc": [0.00913921371102333, 0.0, 0.0, 0.0, 0.0004250796919222921, 0.004888416733592749, 0.018703507259488106, 0.05164718255400658, 0.11540913581848145, 0.20913921296596527, 0.3213602602481842, 0.45249733328819275, 0.5759829878807068, 0.6882040500640869, 0.774282693862915, 0.8384696841239929, 0.8852284550666809, 0.9200850129127502, 0.9404888153076172, 0.9555791616439819, 0.9676939249038696, 0.976620614528656, 0.9836344122886658, 0.9863974452018738, 0.9900106191635132, 0.9910733103752136, 0.9919235110282898, 0.9948990345001221, 0.9951115846633911, 0.9965993762016296, 0.997236967086792, 0.997236967086792, 0.9980871677398682, 0.9987247586250305, 0.9989373087882996, 0.9991498589515686, 0.9993624091148376, 0.999787449836731, 1.0, 1.0, 1.0, 1.0, 1.0, 1.0, 1.0, 1.0, 1.0, 1.0, 1.0, 1.0, 1.0, 1.0, 1.0, 1.0, 1.0, 1.0, 1.0, 1.0, 1.0, 1.0, 1.0, 1.0, 1.0, 1.0, 1.0, 1.0, 1.0, 1.0, 1.0, 1.0, 1.0, 1.0, 1.0, 1.0, 1.0, 1.0], "train_acc": [0.014455782249569893, 0.3505527079105377, 0.9028486609458923, 1.0, 1.0, 1.0, 1.0, 1.0, 1.0, 1.0, 1.0, 1.0, 1.0, 1.0, 1.0, 1.0, 1.0, 1.0, 1.0, 1.0, 1.0, 1.0, 1.0, 1.0, 1.0, 1.0, 1.0, 1.0, 1.0, 1.0, 1.0, 1.0, 1.0, 1.0, 1.0, 1.0, 1.0, 1.0, 1.0, 1.0, 1.0, 1.0, 1.0, 1.0, 1.0, 1.0, 1.0, 1.0, 1.0, 1.0, 1.0, 1.0, 1.0, 1.0, 1.0, 1.0, 1.0, 1.0, 1.0, 1.0, 1.0, 1.0, 1.0, 1.0, 1.0, 1.0, 1.0, 1.0, 1.0, 1.0, 1.0, 1.0, 1.0, 1.0, 1.0, 1.0], "fc1_norm": [9.235725591297225, 39.568078254971326, 65.75571116602038, 83.50305002461202, 93.9746385587179, 100.54591906136841, 105.30892427073437, 109.1441437180655, 112.43796916490587, 115.19810911647097, 117.24522866370474, 118.10100545194756, 117.36318422701693, 115.3200108353821, 112.73021522297039, 110.22673762931649, 108.05089494973588, 106.2225883140539, 104.6922300926978, 103.41492710269387, 102.34062738328593, 101.43076751047022, 100.64657504588115, 99.96205223448779, 99.36044268717565, 98.83060415060898, 98.34841204109394, 97.91078384231757, 97.51793813139511, 97.1577125370524, 96.83384457965911, 96.54351620651073, 96.28179875768119, 96.04056057668879, 95.82146436494254, 95.62263312308998, 95.43977752883347, 95.27306770168481, 95.11667178286382, 94.97594192200474, 94.84489890444358, 94.72036854736997, 94.59914780141173, 94.47995792521623, 94.36467252143822, 94.2534204116613, 94.14787320040796, 94.04336251656717, 93.93955871790558, 93.83878825545692, 93.73897783208417, 93.64275573338084, 93.55114468295227, 93.46590925725266, 93.38594785277901, 93.31106296334704, 93.24233752567413, 93.1762430439235, 93.11411518706561, 93.05522223632734, 92.99949764813343, 92.94612321823111, 92.89421829126643, 92.8459303724098, 92.80017447719841, 92.75596301749802, 92.71323881751113, 92.67523410197457, 92.64081780704245, 92.60964495621299, 92.5807890895814, 92.55505047995284, 92.52999616325467, 92.50512499981183, 92.48204413323947, 92.4610432465065], "fc2_norm": [5.670577814528536, 31.63930779717635, 50.96730837019843, 64.03290805559588, 72.10570659460797, 77.35978806180631, 81.2758888550389, 84.40902245553738, 87.01021031503235, 89.14837701574963, 90.80406858680796, 91.81688426789388, 92.09284505150319, 91.76648910118223, 91.13669278827625, 90.45469652300959, 89.81325981439917, 89.22895635425247, 88.69283075421451, 88.20455435176723, 87.75401978373957, 87.33809317352839, 86.95017991609478, 86.59052209471828, 86.25822413943759, 85.94941775827661, 85.65642674513809, 85.38042189778227, 85.12520999294377, 84.88506531620249, 84.665344667877, 84.46679840204322, 84.28648901339726, 84.11961420342138, 83.96519629366065, 83.8236604267805, 83.69401887000579, 83.57707071343609, 83.46805232880091, 83.37086247782634, 83.2782286992362, 83.19142847794801, 83.10836575937577, 83.02882507194478, 82.95110162655351, 82.87659396138986, 82.80551483636442, 82.73369795654611, 82.65907899165332, 82.58715897933278, 82.51845398473978, 82.4539191818809, 82.39229806741879, 82.33577705018014, 82.28185131752981, 82.2313915641432, 82.1851916202939, 82.14082092586877, 82.09932969455083, 82.05873018483051, 82.0201281813648, 81.9841918477971, 81.95014737577378, 81.91908141238154, 81.89002286518229, 81.86267007194697, 81.83613072629709, 81.81224629455349, 81.78977626540467, 81.76948190110919, 81.74911585455095, 81.72998124033606, 81.71048571954736, 81.69095852337499, 81.67254392015352, 81.6551089289196]}