{
  "config": {
    "encoding": "fourier",
    "p": 97,
    "train_frac": 0.5,
    "hidden": 256,
    "lr": 0.001,
    "weight_decay": 1.0,
    "steps": 30000,
    "eval_every": 200,
    "seed": 0,
    "num_freqs": 4,
    "num_distractor": 8,
    "train_acc_thresh": 0.99,
    "val_acc_thresh": 0.9
  },
  "metrics_version": "grok-metrics-v1",
  "encoding_version": "enc-v1",
  "steps_log": [
    0,
    200,
    400,
    600,
    800,
    1000,
    1200,
    1400,
    1600,
    1800,
    2000,
    2200,
    2400,
    2600,
    2800,
    3000,
    3200,
    3400,
    3600,
    3800,
    4000,
    4200,
    4400,
    4600,
    4800,
    5000,
    5200,
    5400,
    5600,
    5800,
    6000,
    6200,
    6400,
    6600,
    6800,
    7000,
    7200,
    7400,
    7600,
    7800,
    8000,
    8200,
    8400,
    8600,
    8800,
    9000,
    9200,
    9400,
    9600,
    9800,
    10000,
    10200,
    10400,
    10600,
    10800,
    11000,
    11200,
    11400,
    11600,
    11800,
    12000,
    12200,
    12400,
    12600,
    12800,
    13000,
    13200,
    13400,
    13600,
    13800,
    14000,
    14200,
    14400,
    14600,
    14800,
    15000,
    15200,
    15400,
    15600,
    15800,
    16000,
    16200,
    16400,
    16600,
    16800,
    17000,
    17200,
    17400,
    17600,
    17800,
    18000,
    18200,
    18400,
    18600,
    18800,
    19000,
    19200,
    19400,
    19600,
    19800,
    20000,
    20200,
    20400,
    20600,
    20800,
    21000,
    21200,
    21400,
    21600,
    21800,
    22000,
    22200,
    22400,
    22600,
    22800,
    23000,
    23200,
    23400,
    23600,
    23800,
    24000,
    24200,
    24400,
    24600,
    24800,
    25000,
    25200,
    25400,
    25600,
    25800,
    26000,
    26200,
    26400,
    26600,
    26800,
    27000,
    27200,
    27400,
    27600,
    27800,
    28000,
    28200,
    28400,
    28600,
    28800,
    29000,
    29200,
    29400,
    29600,
    29800,
    30000
  ],
  "train_acc": [
    0.009778911247849464,
    0.3696853816509247,
    0.5403911471366882,
    0.6730442047119141,
    0.7795493006706238,
    0.850977897644043,
    0.9051870703697205,
    0.9381377696990967,
    0.9627976417541504,
    0.9778911471366882,
    0.988095223903656,
    0.9929847121238708,
    0.995323121547699,
    0.9970238208770752,
    0.9978741407394409,
    0.9982993006706238,
    0.9982993006706238,
    0.9989370703697205,
    0.9991496801376343,
    0.9991496801376343,
    0.9993622303009033,
    0.9993622303009033,
    0.9993622303009033,
    0.9993622303009033,
    0.9995748400688171,
    0.9995748400688171,
    0.9997873902320862,
    0.9997873902320862,
    0.9997873902320862,
    0.9997873902320862,
    0.9997873902320862,
    0.9997873902320862,
    0.9997873902320862,
    0.9995748400688171,
    0.9995748400688171,
    0.9995748400688171,
    0.9997873902320862,
    0.9997873902320862,
    0.9997873902320862,
    0.9997873902320862,
    0.9997873902320862,
    1.0,
    1.0,
    1.0,
    1.0,
    1.0,
    1.0,
    1.0,
    1.0,
    1.0,
    1.0,
    1.0,
    1.0,
    1.0,
    1.0,
    1.0,
    1.0,
    1.0,
    1.0,
    1.0,
    1.0,
    1.0,
    1.0,
    1.0,
    1.0,
    1.0,
    1.0,
    0.9997873902320862,
    0.9997873902320862,
    1.0,
    1.0,
    1.0,
    1.0,
    1.0,
    1.0,
    1.0,
    1.0,
    1.0,
    1.0,
    1.0,
    1.0,
    1.0,
    1.0,
    1.0,
    1.0,
    1.0,
    1.0,
    1.0,
    1.0,
    1.0,
    1.0,
    1.0,
    1.0,
    1.0,
    1.0,
    1.0,
    1.0,
    1.0,
    1.0,
    1.0,
    1.0,
    1.0,
    1.0,
    1.0,
    1.0,
    1.0,
    1.0,
    1.0,
    1.0,
    1.0,
    1.0,
    1.0,
    1.0,
    1.0,
    1.0,
    1.0,
    1.0,
    1.0,
    1.0,
    1.0,
    1.0,
    1.0,
    1.0,
    1.0,
    1.0,
    1.0,
    1.0,
    1.0,
    1.0,
    1.0,
    1.0,
    1.0,
    1.0,
    1.0,
    1.0,
    1.0,
    1.0,
    1.0,
    1.0,
    1.0,
    1.0,
    1.0,
    1.0,
    1.0,
    1.0,
    1.0,
    1.0,
    1.0,
    1.0,
    1.0,
    1.0
  ],
  "val_acc": [
    0.00998937338590622,
    0.14006376266479492,
    0.23910732567310333,
    0.3001062572002411,
    0.33092454075813293,
    0.36025506258010864,
    0.3857598304748535,
    0.39893731474876404,
    0.41381508111953735,
    0.4191285967826843,
    0.4257173240184784,
    0.4308182895183563,
    0.43358129262924194,
    0.4344314634799957,
    0.4342189133167267,
    0.43634432554244995,
    0.4414452612400055,
    0.442933052778244,
    0.4425079822540283,
    0.44357067346572876,
    0.44314560294151306,
    0.442720502614975,
    0.442933052778244,
    0.4422954320907593,
    0.44208288192749023,
    0.44357067346572876,
    0.4433581233024597,
    0.445483535528183,
    0.44718384742736816,
    0.4459086060523987,
    0.44357067346572876,
    0.4450584352016449,
    0.44357067346572876,
    0.44442081451416016,
    0.4461211562156677,
    0.4446333646774292,
    0.4437832236289978,
    0.4442082941532135,
    0.4437832236289978,
    0.44357067346572876,
    0.4437832236289978,
    0.4450584352016449,
    0.442933052778244,
    0.4422954320907593,
    0.44357067346572876,
    0.44399574398994446,
    0.4446333646774292,
    0.442933052778244,
    0.4442082941532135,
    0.4437832236289978,
    0.4446333646774292,
    0.44442081451416016,
    0.4437832236289978,
    0.44357067346572876,
    0.4425079822540283,
    0.44208288192749023,
    0.44208288192749023,
    0.44123274087905884,
    0.44208288192749023,
    0.442720502614975,
    0.44208288192749023,
    0.4410201907157898,
    0.4414452612400055,
    0.44165781140327454,
    0.4422954320907593,
    0.44357067346572876,
    0.442720502614975,
    0.4425079822540283,
    0.44314560294151306,
    0.4425079822540283,
    0.44314560294151306,
    0.44442081451416016,
    0.442933052778244,
    0.44399574398994446,
    0.442933052778244,
    0.4433581233024597,
    0.442720502614975,
    0.4425079822540283,
    0.442933052778244,
    0.4418703615665436,
    0.4410201907157898,
    0.4422954320907593,
    0.44314560294151306,
    0.442720502614975,
    0.442933052778244,
    0.44314560294151306,
    0.4433581233024597,
    0.4433581233024597,
    0.44314560294151306,
    0.4433581233024597,
    0.4437832236289978,
    0.445483535528183,
    0.44442081451416016,
    0.44314560294151306,
    0.44314560294151306,
    0.4422954320907593,
    0.442933052778244,
    0.44208288192749023,
    0.44357067346572876,
    0.442933052778244,
    0.4433581233024597,
    0.4437832236289978,
    0.4442082941532135,
    0.44399574398994446,
    0.4450584352016449,
    0.44569605588912964,
    0.44569605588912964,
    0.4459086060523987,
    0.44569605588912964,
    0.4459086060523987,
    0.44569605588912964,
    0.44675877690315247,
    0.4461211562156677,
    0.4463336765766144,
    0.44569605588912964,
    0.44675877690315247,
    0.4461211562156677,
    0.4459086060523987,
    0.4459086060523987,
    0.445483535528183,
    0.44527098536491394,
    0.44527098536491394,
    0.44569605588912964,
    0.4446333646774292,
    0.4450584352016449,
    0.44442081451416016,
    0.4450584352016449,
    0.4446333646774292,
    0.44484591484069824,
    0.4446333646774292,
    0.44357067346572876,
    0.44357067346572876,
    0.4433581233024597,
    0.4437832236289978,
    0.44165781140327454,
    0.4405951201915741,
    0.44080764055252075,
    0.4397449493408203,
    0.44080764055252075,
    0.44080764055252075,
    0.44123274087905884,
    0.44038257002830505,
    0.4405951201915741,
    0.44123274087905884,
    0.4425079822540283,
    0.44038257002830505,
    0.43995749950408936,
    0.4418703615665436,
    0.44123274087905884,
    0.44123274087905884,
    0.44080764055252075
  ],