{
  "config": {
    "encoding": "fourier",
    "p": 97,
    "train_frac": 0.5,
    "hidden": 256,
    "lr": 0.001,
    "weight_decay": 1.0,
    "steps": 20000,
    "eval_every": 200,
    "seed": 0,
    "num_freqs": 32,
    "num_distractor": 8,
    "train_acc_thresh": 0.99,
    "val_acc_thresh": 0.9
  },
  "metrics_version": "grok-metrics-v1",
  "encoding_version": "enc-v1",
  "steps_log": [
    0,
    200,
    400,
    600,
    800,
    1000,
    1200,
    1400,
    1600,
    1800,
    2000,
    2200,
    2400,
    2600,
    2800,
    3000,
    3200,
    3400,
    3600,
    3800,
    4000,
    4200,
    4400,
    4600,
    4800,
    5000,
    5200,
    5400,
    5600,
    5800,
    6000,
    6200,
    6400,
    6600,
    6800,
    7000,
    7200,
    7400,
    7600,
    7800,
    8000,
    8200,
    8400,
    8600,
    8800,
    9000,
    9200,
    9400,
    9600,
    9800,
    10000,
    10200,
    10400,
    10600,
    10800,
    11000,
    11200,
    11400,
    11600,
    11800,
    12000,
    12200,
    12400,
    12600,
    12800,
    13000,
    13200,
    13400,
    13600,
    13800,
    14000,
    14200,
    14400,
    14600,
    14800,
    15000,
    15200,
    15400,
    15600,
    15800,
    16000,
    16200,
    16400,
    16600,
    16800,
    17000,
    17200,
    17400,
    17600,
    17800,
    18000,
    18200,
    18400,
    18600,
    18800,
    19000,
    19200,
    19400,
    19600,
    19800,
    20000
  ],
  "train_acc": [
    0.012967687100172043,
    0.8643707633018494,
    1.0,
    1.0,
    1.0,
    1.0,
    1.0,
    1.0,
    1.0,
    1.0,
    1.0,
    1.0,
    1.0,
    1.0,
    1.0,
    1.0,
    1.0,
    1.0,
    1.0,
    1.0,
    1.0,
    1.0,
    1.0,
    1.0,
    1.0,
    1.0,
    1.0,
    1.0,
    1.0,
    1.0,
    1.0,
    1.0,
    1.0,
    1.0,
    1.0,
    1.0,
    1.0,
    1.0,
    1.0,
    1.0,
    1.0,
    1.0,
    1.0,
    1.0,
    1.0,
    1.0,
    1.0,
    1.0,
    1.0,
    1.0,
    1.0,
    1.0,
    1.0,
    1.0,
    1.0,
    1.0,
    1.0,
    1.0,
    1.0,
    1.0,
    1.0,
    1.0,
    1.0,
    1.0,
    1.0,
    1.0,
    1.0,
    1.0,
    1.0,
    1.0,
    1.0,
    1.0,
    1.0,
    1.0,
    1.0,
    1.0,
    1.0,
    1.0,
    1.0,
    1.0,
    1.0,
    1.0,
    1.0,
    1.0,
    1.0,
    1.0,
    1.0,
    1.0,
    1.0,
    1.0,
    1.0,
    1.0,
    1.0,
    1.0,
    1.0,
    1.0,
    1.0,
    1.0,
    1.0,
    1.0,
    1.0
  ],
  "val_acc": [
    0.008289054036140442,
    0.0006376195815391839,
    0.0004250796919222921,
    0.0010626992443576455,
    0.0019128586864098907,
    0.001487778965383768,
    0.0019128586864098907,
    0.001487778965383768,
    0.0019128586864098907,
    0.002125398488715291,
    0.0019128586864098907,
    0.0019128586864098907,
    0.0017003187676891685,
    0.0017003187676891685,
    0.0017003187676891685,
    0.0017003187676891685,
    0.002125398488715291,
    0.0019128586864098907,
    0.0019128586864098907,
    0.002125398488715291,
    0.002125398488715291,
    0.002125398488715291,
    0.002125398488715291,
    0.002125398488715291,
    0.0025504783261567354,
    0.002763018012046814,
    0.002763018012046814,
    0.002763018012046814,
    0.002975557930767536,
    0.0031880978494882584,
    0.0031880978494882584,
    0.003400637535378337,
    0.003400637535378337,
    0.003613177454099059,
    0.003613177454099059,
    0.003400637535378337,
    0.002975557930767536,
    0.0031880978494882584,
    0.003400637535378337,
    0.003400637535378337,
    0.003613177454099059,
    0.003613177454099059,
    0.0038257173728197813,
    0.0038257173728197813,
    0.004250796977430582,
    0.004463336896151304,
    0.004463336896151304,
    0.004463336896151304,
    0.004888416733592749,
    0.005100956652313471,
    0.0046758768148720264,
    0.0046758768148720264,
    0.005100956652313471,
    0.004888416733592749,
    0.0046758768148720264,
    0.004888416733592749,
    0.004888416733592749,
    0.005100956652313471,
    0.004888416733592749,
    0.005100956652313471,
    0.005100956652313471,
    0.004888416733592749,
    0.004888416733592749,
    0.005526036024093628,
    0.005951115861535072,
    0.00573857594281435,
    0.0061636557802557945,
    0.0061636557802557945,
    0.006801275070756674,
    0.006801275070756674,
    0.007226354908198118,
    0.007651434745639563,
    0.00807651411741972,
    0.008501593954861164,
    0.00913921371102333,
    0.009351753629744053,
    0.008926673792302608,
    0.008926673792302608,
    0.009351753629744053,
    0.00998937338590622,
    0.010626992210745811,
    0.0114771518856287,
    0.01041445229202509,
    0.0114771518856287,
    0.012327311560511589,
    0.01381509006023407,
    0.015302869491279125,
    0.015727948397397995,
    0.016578108072280884,
    0.016578108072280884,
    0.017215728759765625,
    0.017215728759765625,
    0.01827842742204666,
    0.01997874677181244,
    0.021253984421491623,
    0.021253984421491623,
    0.02231668494641781,
    0.024229543283581734,
    0.025504782795906067,
    0.026567481458187103,
    0.026992561295628548
  ],
  "train_loss": [
    4.573665618896484,
    1.4913727045059204,
    0.1592818796634674,
    0.028683535754680634,
    0.0062059443444013596,
    0.0014431405579671264,
    0.0003578340110834688,
    9.656918700784445e-05,
    3.072551407967694e-05,
    1.3236092854640447e-05,
    8.399226317123976e-06,
    7.043483492452651e-06,
    6.6412321757525206e-06,
    6.498658422060544e-06,
    6.427294920285931e-06,
    6.3815273279033136e-06,
    6.344553185044788e-06,
    6.310771823336836e-06,
    6.282693448156351e-06,
    6.2581875681644306e-06,
    6.232743999134982e-06,
    6.208010290720267e-06,
    6.1897130763099995e-06,
    6.16609531789436e-06,
    6.148609372758074e-06,
    6.130768724688096e-06,
    6.112142273195786e-06,
    6.096810011513298e-06,
    6.0841648519271985e-06,
    6.066678906790912e-06,
    6.0515494624269195e-06,
    6.0350516832841095e-06,
    6.017819487169618e-06,
    6.004793704050826e-06,
    5.9883977883146144e-06,
    5.9777034948638175e-06,
    5.965285708953161e-06,
    5.953781510470435e-06,
    5.940070423093857e-06,
    5.927906840952346e-06,
    5.916097052249825e-06,
    5.9048707043984905e-06,
    5.893770321563352e-06,
    5.88082139074686e-06,
    5.868555490451399e-06,
    5.852742106071673e-06,
    5.842276095791021e-06,
    5.8283130783820525e-06,
    5.817719284095801e-06,
    5.805834462080384e-06,
    5.796458026452456e-06,
    5.783128017355921e-06,
    5.770507414126769e-06,
    5.759002306149341e-06,
    5.746280749008292e-06,
    5.735713330068393e-06,
    5.724993570765946e-06,
    5.7122470025205985e-06,
    5.700842848455068e-06,
    5.6882226999732666e-06,
    5.677199169440428e-06,
    5.662779585691169e-06,
    5.649246304528788e-06,
    5.639185474137776e-06,
    5.628466624330031e-06,
    5.614350811811164e-06,
    5.602465535048395e-06,
    5.589060037891613e-06,
    5.5786695156712085e-06,
    5.562754722632235e-06,
    5.550945388677064e-06,
    5.542328835872468e-06,
    5.52750452698092e-06,
    5.515796146937646e-06,
    5.506394245458068e-06,
    5.494610832101898e-06,
    5.480925665324321e-06,
    5.468812560138758e-06,
    5.458599389385199e-06,
    5.445142960525118e-06,
    5.437185336631956e-06,
    5.42220823263051e-06,
    5.407079243013868e-06,
    5.390961632656399e-06,
    5.3758321882924065e-06,
    5.360931027098559e-06,
    5.3459284572454635e-06,
    5.330545718607027e-06,
    5.3163289521762636e-06,
    5.303201760398224e-06,
    5.287211479299003e-06,
    5.2706122914969455e-06,
    5.255179075902561e-06,
    5.245244665275095e-06,
    5.231661361904116e-06,
    5.216912086325465e-06,
    5.199857241677819e-06,
    5.186122052691644e-06,
    5.1743886615440715e-06,
    5.16219915880356e-06,
    5.145295745023759e-06
  ],