{
  "config": {
    "encoding": "fourier",
    "p": 97,
    "train_frac": 0.5,
    "hidden": 256,
    "lr": 0.001,
    "weight_decay": 1.0,
    "steps": 20000,
    "eval_every": 200,
    "seed": 0,
    "num_freqs": 16,
    "num_distractor": 8,
    "train_acc_thresh": 0.99,
    "val_acc_thresh": 0.9
  },
  "metrics_version": "grok-metrics-v1",
  "encoding_version": "enc-v1",
  "steps_log": [
    0,
    200,
    400,
    600,
    800,
    1000,
    1200,
    1400,
    1600,
    1800,
    2000,
    2200,
    2400,
    2600,
    2800,
    3000,
    3200,
    3400,
    3600,
    3800,
    4000,
    4200,
    4400,
    4600,
    4800,
    5000,
    5200,
    5400,
    5600,
    5800,
    6000,
    6200,
    6400,
    6600,
    6800,
    7000,
    7200,
    7400,
    7600,
    7800,
    8000,
    8200,
    8400,
    8600,
    8800,
    9000,
    9200,
    9400,
    9600,
    9800,
    10000,
    10200,
    10400,
    10600,
    10800,
    11000,
    11200,
    11400,
    11600,
    11800,
    12000,
    12200,
    12400,
    12600,
    12800,
    13000,
    13200,
    13400,
    13600,
    13800,
    14000,
    14200,
    14400,
    14600,
    14800,
    15000,
    15200,
    15400,
    15600,
    15800,
    16000,
    16200,
    16400,
    16600,
    16800,
    17000,
    17200,
    17400,
    17600,
    17800,
    18000,
    18200,
    18400,
    18600,
    18800,
    19000,
    19200,
    19400,
    19600,
    19800,
    20000
  ],
  "train_acc": [
    0.012755102477967739,
    0.5852466225624084,
    0.9649234414100647,
    1.0,
    1.0,
    1.0,
    1.0,
    1.0,
    1.0,
    1.0,
    1.0,
    1.0,
    1.0,
    1.0,
    1.0,
    1.0,
    1.0,
    1.0,
    1.0,
    1.0,
    1.0,
    1.0,
    1.0,
    1.0,
    1.0,
    1.0,
    1.0,
    1.0,
    1.0,
    1.0,
    1.0,
    1.0,
    1.0,
    1.0,
    1.0,
    1.0,
    1.0,
    1.0,
    1.0,
    1.0,
    1.0,
    1.0,
    1.0,
    1.0,
    1.0,
    1.0,
    1.0,
    1.0,
    1.0,
    1.0,
    1.0,
    1.0,
    1.0,
    1.0,
    1.0,
    1.0,
    1.0,
    1.0,
    1.0,
    1.0,
    1.0,
    1.0,
    1.0,
    1.0,
    1.0,
    1.0,
    1.0,
    1.0,
    1.0,
    1.0,
    1.0,
    1.0,
    1.0,
    1.0,
    1.0,
    1.0,
    1.0,
    1.0,
    1.0,
    1.0,
    1.0,
    1.0,
    1.0,
    1.0,
    1.0,
    1.0,
    1.0,
    1.0,
    1.0,
    1.0,
    1.0,
    1.0,
    1.0,
    1.0,
    1.0,
    1.0,
    1.0,
    1.0,
    1.0,
    1.0,
    1.0
  ],
  "val_acc": [
    0.007651434745639563,
    0.07970244437456131,
    0.1844845861196518,
    0.20403826236724854,
    0.21126461029052734,
    0.21487778425216675,
    0.21657811105251312,
    0.22210414707660675,
    0.22104144096374512,
    0.22167906165122986,
    0.22486716508865356,
    0.2255047857761383,
    0.22486716508865356,
    0.2263549417257309,
    0.22890542447566986,
    0.23188097774982452,
    0.2371944785118103,
    0.2420828938484192,
    0.2416578084230423,
    0.24697130918502808,
    0.2497343271970749,
    0.25504782795906067,
    0.25547289848327637,
    0.25844845175743103,
    0.2614240050315857,
    0.2629117965698242,
    0.26524972915649414,
    0.263761967420578,
    0.2665249705314636,
    0.27035069465637207,
    0.2735387980937958,
    0.27545166015625,
    0.28012752532958984,
    0.2822529077529907,
    0.28097769618034363,
    0.2835281491279602,
    0.2852284908294678,
    0.2862911820411682,
    0.2858661115169525,
    0.2858661115169525,
    0.2894792854785919,
    0.2907545268535614,
    0.29543039202690125,
    0.29628056287765503,
    0.29691818356513977,
    0.2996811866760254,
    0.3009564280509949,
    0.30138149857521057,
    0.30541977286338806,
    0.3060573935508728,
    0.30754515528678894,
    0.3092454969882965,
    0.3096705675125122,
    0.3128586709499359,
    0.3124335706233978,
    0.3132837414741516,
    0.31307119131088257,
    0.3158342242240906,
    0.31753453612327576,
    0.31838470697402954,
    0.3190223276615143,
    0.3226355016231537,
    0.32391074299812317,
    0.3253985047340393,
    0.32773643732070923,
    0.3281615376472473,
    0.3275239169597626,
    0.32773643732070923,
    0.3298618495464325,
    0.33198726177215576,
    0.3317747116088867,
    0.3347502648830414,
    0.33602550625801086,
    0.33730074763298035,
    0.33921360969543457,
    0.34006375074386597,
    0.3424017131328583,
    0.3434644043445587,
    0.34495216608047485,
    0.34622740745544434,
    0.3466525077819824,
    0.349202960729599,
    0.3500531315803528,
    0.3500531315803528,
    0.351965993642807,
    0.35345378518104553,
    0.35451647639274597,
    0.3581296503543854,
    0.3591923415660858,
    0.36110520362854004,
    0.36025506258010864,
    0.3619553744792938,
    0.3621678948402405,
    0.3632306158542633,
    0.3655685484409332,
    0.3664186894893646,
    0.3681190311908722,
    0.3693942725658417,
    0.37194472551345825,
    0.3730074465274811,
    0.3721572756767273
  ],
  "train_loss": [
    4.578248977661133,
    2.1546754837036133,
    0.6173532605171204,
    0.1892942637205124,
    0.0629090741276741,
    0.022380270063877106,
    0.008557180874049664,
    0.0035024608951061964,
    0.0015284203691408038,
    0.0007095577893778682,
    0.00035089737502858043,
    0.00018692905723582953,
    0.00010854176798602566,
    6.938949081813917e-05,
    4.914258170174435e-05,
    3.8218557165237144e-05,
    3.2204963645199314e-05,
    2.8773927624570206e-05,
    2.675879113667179e-05,
    2.5522722353343852e-05,
    2.47109910560539e-05,
    2.4161361579899676e-05,
    2.3753773348289542e-05,
    2.344706626900006e-05,
    2.3229331418406218e-05,
    2.3034357582218945e-05,
    2.2850859750178643e-05,
    2.2673115381621756e-05,
    2.251270598208066e-05,
    2.236496402474586e-05,
    2.2239320969674736e-05,
    2.212667459389195e-05,
    2.2016545699443668e-05,
    2.191130079154391e-05,
    2.180877527280245e-05,
    2.171323649236001e-05,
    2.1605612346320413e-05,
    2.1506068151211366e-05,
    2.1426651073852554e-05,
    2.133242742274888e-05,
    2.1249183191685006e-05,
    2.116066389135085e-05,
    2.106913052557502e-05,
    2.0976609448553063e-05,
    2.0898174625472166e-05,
    2.0830084395129234e-05,
    2.075882366625592e-05,
    2.0696557839983143e-05,
    2.0620436771423556e-05,
    2.0546365703921765e-05,
    2.0476118152146228e-05,
    2.0412635421962477e-05,
    2.0353363652247936e-05,
    2.029325332841836e-05,
    2.0220724763930775e-05,
    2.0162236978649162e-05,
    2.0110361219849437e-05,
    2.0053443222423084e-05,
    2.0011126252938993e-05,
    1.995887214434333e-05,
    1.9897217498510145e-05,
    1.9816350686596707e-05,
    1.9755811081267893e-05,
    1.9698460164363496e-05,
    1.9629964299383573e-05,
    1.9535467799869366e-05,
    1.9464941942715086e-05,
    1.9401966710574925e-05,
    1.9349887224962004e-05,
    1.9294291632832028e-05,
    1.9246977899456397e-05,
    1.9196879293303937e-05,
    1.9155268091708422e-05,
    1.912128755066078e-05,
    1.9075698219239712e-05,
    1.9037810488953255e-05,
    1.899668131954968e-05,
    1.895017885544803e-05,
    1.890656494651921e-05,
    1.8867918697651476e-05,
    1.8821825506165624e-05,
    1.8765111235552467e-05,
    1.870771484391298e-05,
    1.864767909864895e-05,
    1.8602015188662335e-05,
    1.8562581317382865e-05,
    1.8504397303331643e-05,
    1.8447912225383334e-05,
    1.84027012437582e-05,
    1.836978117353283e-05,
    1.833004535001237e-05,
    1.8290133084519766e-05,
    1.8250777429784648e-05,
    1.82086369022727e-05,
    1.817553857108578e-05,
    1.8144470232073218e-05,
    1.8102151443599723e-05,
    1.8066140910377726e-05,
    1.8033677406492643e-05,
    1.8000406271312386e-05,
    1.79617854882963e-05
  ],