{
  "config": {
    "encoding": "fourier",
    "p": 97,
    "train_frac": 0.5,
    "hidden": 256,
    "lr": 0.001,
    "weight_decay": 1.0,
    "steps": 20000,
    "eval_every": 200,
    "seed": 0,
    "num_freqs": 48,
    "num_distractor": 8,
    "train_acc_thresh": 0.99,
    "val_acc_thresh": 0.9
  },
  "metrics_version": "grok-metrics-v1",
  "encoding_version": "enc-v1",
  "steps_log": [
    0,
    200,
    400,
    600,
    800,
    1000,
    1200,
    1400,
    1600,
    1800,
    2000,
    2200,
    2400,
    2600,
    2800,
    3000,
    3200,
    3400,
    3600,
    3800,
    4000,
    4200,
    4400,
    4600,
    4800,
    5000,
    5200,
    5400,
    5600,
    5800,
    6000,
    6200,
    6400,
    6600,
    6800,
    7000,
    7200,
    7400,
    7600,
    7800,
    8000,
    8200,
    8400,
    8600,
    8800,
    9000,
    9200,
    9400,
    9600,
    9800,
    10000,
    10200,
    10400,
    10600,
    10800,
    11000,
    11200,
    11400,
    11600,
    11800,
    12000,
    12200,
    12400,
    12600,
    12800,
    13000,
    13200,
    13400,
    13600,
    13800,
    14000,
    14200,
    14400,
    14600,
    14800,
    15000,
    15200,
    15400,
    15600,
    15800,
    16000,
    16200,
    16400,
    16600,
    16800,
    17000,
    17200,
    17400,
    17600,
    17800,
    18000,
    18200,
    18400,
    18600,
    18800,
    19000,
    19200,
    19400,
    19600,
    19800,
    20000
  ],
  "train_acc": [
    0.011267006397247314,
    0.9968112111091614,
    1.0,
    1.0,
    1.0,
    1.0,
    1.0,
    1.0,
    1.0,
    1.0,
    1.0,
    1.0,
    1.0,
    1.0,
    1.0,
    1.0,
    1.0,
    1.0,
    1.0,
    1.0,
    1.0,
    1.0,
    1.0,
    1.0,
    1.0,
    1.0,
    1.0,
    1.0,
    1.0,
    1.0,
    1.0,
    1.0,
    1.0,
    1.0,
    1.0,
    1.0,
    1.0,
    1.0,
    1.0,
    1.0,
    1.0,
    1.0,
    1.0,
    1.0,
    1.0,
    1.0,
    1.0,
    1.0,
    1.0,
    1.0,
    1.0,
    1.0,
    1.0,
    1.0,
    1.0,
    1.0,
    1.0,
    1.0,
    1.0,
    1.0,
    1.0,
    1.0,
    1.0,
    1.0,
    1.0,
    1.0,
    1.0,
    1.0,
    1.0,
    1.0,
    1.0,
    1.0,
    1.0,
    1.0,
    1.0,
    1.0,
    1.0,
    1.0,
    1.0,
    1.0,
    1.0,
    1.0,
    1.0,
    1.0,
    1.0,
    1.0,
    1.0,
    1.0,
    1.0,
    1.0,
    1.0,
    1.0,
    1.0,
    1.0,
    1.0,
    1.0,
    1.0,
    1.0,
    1.0,
    1.0,
    1.0
  ],
  "val_acc": [
    0.009776833467185497,
    0.0,
    0.0,
    0.0,
    0.0,
    0.0,
    0.0,
    0.0,
    0.0,
    0.0,
    0.0,
    0.0,
    0.0,
    0.0,
    0.0,
    0.0,
    0.0,
    0.0,
    0.0,
    0.0,
    0.0,
    0.0,
    0.0,
    0.0,
    0.0,
    0.0,
    0.0,
    0.0,
    0.0,
    0.0,
    0.0,
    0.0,
    0.0,
    0.0,
    0.0,
    0.0,
    0.0,
    0.0,
    0.0,
    0.0,
    0.0,
    0.0,
    0.0,
    0.0,
    0.0,
    0.0,
    0.0,
    0.0,
    0.0,
    0.0,
    0.0,
    0.0,
    0.0,
    0.0,
    0.0,
    0.0,
    0.0,
    0.0,
    0.0,
    0.0,
    0.0,
    0.0,
    0.0,
    0.0,
    0.0,
    0.0,
    0.0,
    0.0,
    0.0,
    0.0,
    0.0,
    0.0,
    0.0,
    0.0,
    0.0,
    0.0,
    0.0,
    0.0,
    0.0,
    0.0,
    0.0,
    0.0,
    0.0,
    0.0,
    0.0,
    0.0,
    0.0,
    0.0,
    0.0,
    0.0,
    0.0,
    0.0,
    0.0,
    0.0,
    0.0,
    0.0,
    0.0,
    0.0,
    0.0,
    0.0,
    0.0
  ],
  "train_loss": [
    4.572468280792236,
    0.833352267742157,
    0.06483221799135208,
    0.010728810913860798,
    0.0020008189603686333,
    0.00039569035288877785,
    8.477744268020615e-05,
    2.1690037101507187e-05,
    8.248263839050196e-06,
    5.304266323946649e-06,
    4.6821710384392645e-06,
    4.536987034953199e-06,
    4.485390491026919e-06,
    4.453484962141374e-06,
    4.4303487811703235e-06,
    4.406653715705033e-06,
    4.387266926642042e-06,
    4.3676777750079054e-06,
    4.349380560597638e-06,
    4.331413038016763e-06,
    4.318235369282775e-06,
    4.302117758925306e-06,
    4.288154286768986e-06,
    4.2727720028779e-06,
    4.259543402440613e-06,
    4.246011485520285e-06,
    4.238636392983608e-06,
    4.232782885082997e-06,
    4.2184392441413365e-06,
    4.205945515423082e-06,
    4.197785074211424e-06,
    4.188434104435146e-06,
    4.1779176171985455e-06,
    4.171404270891799e-06,
    4.164612619206309e-06,
    4.154704129177844e-06,
    4.147506842855364e-06,
    4.1399548535991926e-06,
    4.132529738853918e-06,
    4.123761300434126e-06,
    4.115448973607272e-06,
    4.107771019334905e-06,
    4.100167643628083e-06,
    4.0913746488513425e-06,
    4.084000011062017e-06,
    4.078221991221653e-06,
    4.070213890372543e-06,
    4.062180323671782e-06,
    4.0515619730285835e-06,
    4.0446689126838464e-06,
    4.036939571960829e-06,
    4.028805051348172e-06,
    4.022671873826766e-06,
    4.016590082756011e-06,
    4.010786597063998e-06,
    4.001866273029009e-06,
    3.997000476374524e-06,
    3.989879132859642e-06,
    3.9826823012845125e-06,
    3.978019321948523e-06,
    3.971303613070631e-06,
    3.964816187362885e-06,
    3.95741608372191e-06,
    3.949965957872337e-06,
    3.947963705286384e-06,
    3.941146587749245e-06,
    3.936129360226914e-06,
    3.930401362595148e-06,
    3.923457825294463e-06,
    3.915778961527394e-06,
    3.91387857234804e-06,
    3.908556664100615e-06,
    3.903031938534696e-06,
    3.896899215760641e-06,
    3.890512743964791e-06,
    3.884862053382676e-06,
    3.879362338921055e-06,
    3.873813056998188e-06,
    3.869606189255137e-06,
    3.861217919620685e-06,
    3.8564789974770974e-06,
    3.85174007533351e-06,
    3.843326339847408e-06,
    3.838283646473428e-06,
    3.8311372918542475e-06,
    3.825840849458473e-06,
    3.820239726337604e-06,
    3.814766387222335e-06,
    3.8065045373514295e-06,
    3.8003465760994004e-06,
    3.7926424738543574e-06,
    3.7887905364186736e-06,
    3.7836714454897447e-06,
    3.7769557366118534e-06,
    3.7690742828999646e-06,
    3.764284656426753e-06,
    3.7568595416814787e-06,
    3.750752057385398e-06,
    3.7418822103063576e-06,
    3.7349891499616206e-06,
    3.7280960896168835e-06
  ],