{
  "config": {
    "p": 97,
    "train_frac": 0.3,
    "data_mode": "fixed",
    "online_batch": 512,
    "label_noise": 0.0,
    "hidden": 256,
    "lr": 0.001,
    "weight_decay": 1.0,
    "steps": 20000,
    "eval_every": 200,
    "seed": 0,
    "boredom_gamma": 0.0,
    "boredom_floor": 0.05,
    "boredom_ema": 0.9
  },
  "metrics_version": "rf-metrics-v1",
  "steps_log": [
    0,
    200,
    400,
    600,
    800,
    1000,
    1200,
    1400,
    1600,
    1800,
    2000,
    2200,
    2400,
    2600,
    2800,
    3000,
    3200,
    3400,
    3600,
    3800,
    4000,
    4200,
    4400,
    4600,
    4800,
    5000,
    5200,
    5400,
    5600,
    5800,
    6000,
    6200,
    6400,
    6600,
    6800,
    7000,
    7200,
    7400,
    7600,
    7800,
    8000,
    8200,
    8400,
    8600,
    8800,
    9000,
    9200,
    9400,
    9600,
    9800,
    10000,
    10200,
    10400,
    10600,
    10800,
    11000,
    11200,
    11400,
    11600,
    11800,
    12000,
    12200,
    12400,
    12600,
    12800,
    13000,
    13200,
    13400,
    13600,
    13800,
    14000,
    14200,
    14400,
    14600,
    14800,
    15000,
    15200,
    15400,
    15600,
    15800,
    16000,
    16200,
    16400,
    16600,
    16800,
    17000,
    17200,
    17400,
    17600,
    17800,
    18000,
    18200,
    18400,
    18600,
    18800,
    19000,
    19200,
    19400,
    19600,
    19800,
    20000
  ],
  "train_acc": [
    0.01912858709692955,
    0.5210768580436707,
    0.9964576959609985,
    1.0,
    1.0,
    1.0,
    1.0,
    1.0,
    1.0,
    1.0,
    1.0,
    1.0,
    1.0,
    1.0,
    1.0,
    1.0,
    1.0,
    1.0,
    1.0,
    1.0,
    1.0,
    1.0,
    1.0,
    1.0,
    1.0,
    1.0,
    1.0,
    1.0,
    1.0,
    1.0,
    1.0,
    1.0,
    1.0,
    1.0,
    1.0,
    1.0,
    1.0,
    1.0,
    1.0,
    1.0,
    1.0,
    1.0,
    1.0,
    1.0,
    1.0,
    1.0,
    1.0,
    1.0,
    1.0,
    1.0,
    1.0,
    1.0,
    1.0,
    1.0,
    1.0,
    1.0,
    1.0,
    1.0,
    1.0,
    1.0,
    1.0,
    1.0,
    1.0,
    1.0,
    1.0,
    1.0,
    1.0,
    1.0,
    1.0,
    1.0,
    1.0,
    1.0,
    1.0,
    1.0,
    1.0,
    1.0,
    1.0,
    1.0,
    1.0,
    1.0,
    1.0,
    1.0,
    1.0,
    1.0,
    1.0,
    1.0,
    1.0,
    1.0,
    1.0,
    1.0,
    1.0,
    1.0,
    1.0,
    1.0,
    1.0,
    1.0,
    1.0,
    1.0,
    1.0,
    1.0,
    1.0
  ],
  "val_acc": [
    0.00986941996961832,
    0.0,
    0.0,
    0.0,
    0.0,
    0.0,
    0.0,
    0.0,
    0.0,
    0.0,
    0.0,
    0.0,
    0.0,
    0.0,
    0.0,
    0.0,
    0.0,
    0.0,
    0.0,
    0.0,
    0.0,
    0.0,
    0.0,
    0.0,
    0.0,
    0.0,
    0.0,
    0.0001518372300779447,
    0.0003036744601558894,
    0.0004555117047857493,
    0.0004555117047857493,
    0.0004555117047857493,
    0.0004555117047857493,
    0.0006073489203117788,
    0.0007591861649416387,
    0.0015183723298832774,
    0.0018220468191429973,
    0.0018220468191429973,
    0.002733070170506835,
    0.0034922563936561346,
    0.00485879136249423,
    0.00576981483027339,
    0.006680838298052549,
    0.006984512787312269,
    0.008502884767949581,
    0.00971758272498846,
    0.01153962966054678,
    0.013058002106845379,
    0.014728211797773838,
    0.016094746068120003,
    0.017309444025158882,
    0.0183723047375679,
    0.02034618891775608,
    0.02353477105498314,
    0.025964166969060898,
    0.028849074617028236,
    0.032341331243515015,
    0.03598542511463165,
    0.03765563294291496,
    0.04023686423897743,
    0.04448830708861351,
    0.04904342442750931,
    0.053143031895160675,
    0.056331612169742584,
    0.05997570604085922,
    0.06468266248703003,
    0.06938961148262024,
    0.07424840331077576,
    0.07865168899297714,
    0.08396598696708679,
    0.08836926519870758,
    0.09186152368783951,
    0.09702399373054504,
    0.10279380530118942,
    0.10674156993627548,
    0.11205587536096573,
    0.1163073182106018,
    0.12116611003875732,
    0.12739144265651703,
    0.1328575760126114,
    0.13862739503383636,
    0.14348618686199188,
    0.1484968066215515,
    0.1545702964067459,
    0.16231399774551392,
    0.16884300112724304,
    0.17780140042304993,
    0.18554510176181793,
    0.1913149058818817,
    0.2004251480102539,
    0.20680230855941772,
    0.21333131194114685,
    0.21925295889377594,
    0.22805951535701752,
    0.23656240105628967,
    0.2461281567811966,
    0.2550865411758423,
    0.2645004689693451,
    0.27436986565589905,
    0.28211358189582825,
    0.2906164526939392
  ],
  "train_loss": [
    4.572131633758545,
    2.6509103775024414,
    0.9231643676757812,
    0.2377382516860962,
    0.06736185401678085,
    0.021192627027630806,
    0.00711370725184679,
    0.002533965278416872,
    0.0009574315627105534,
    0.0003903902252204716,
    0.00017663351900409907,
    9.268496069125831e-05,
    5.840932499268092e-05,
    4.396834265207872e-05,
    3.765326619031839e-05,
    3.4753422369249165e-05,
    3.332422784296796e-05,
    3.248810025979765e-05,
    3.18913153023459e-05,
    3.1385865440825e-05,
    3.0966344638727605e-05,
    3.0586008506361395e-05,
    3.02307144011138e-05,
    2.9835684472345747e-05,
    2.9502092729671858e-05,
    2.917859637818765e-05,
    2.8852018658653833e-05,
    2.850052078429144e-05,
    2.8182004825794138e-05,
    2.783988747978583e-05,
    2.7519259674591012e-05,
    2.7210749976802617e-05,
    2.6910855012829416e-05,
    2.6607458494254388e-05,
    2.6295738280168734e-05,
    2.5963670850615017e-05,
    2.5633877157815732e-05,
    2.531983955122996e-05,
    2.5010696845129132e-05,
    2.4720808141864836e-05,
    2.4428727556369267e-05,
    2.4167089577531442e-05,
    2.3933194825076498e-05,
    2.370926449657418e-05,
    2.3500917450292036e-05,
    2.329772360099014e-05,
    2.3103688363335095e-05,
    2.2923424694454297e-05,
    2.2726308088749647e-05,
    2.253316415590234e-05,
    2.2331823856802657e-05,
    2.215252970927395e-05,
    2.197483627242036e-05,
    2.1809983081766404e-05,
    2.163909448427148e-05,
    2.148432940884959e-05,
    2.1335225028451532e-05,
    2.1195412045926787e-05,
    2.1066492990939878e-05,
    2.093888724630233e-05,
    2.0814568415516987e-05,
    2.0696923456853256e-05,
    2.0587302060448565e-05,
    2.046826557489112e-05,
    2.034492172242608e-05,
    2.023572233156301e-05,
    2.0130744815105572e-05,
    2.0014620531583205e-05,
    1.988705298572313e-05,
    1.976759267563466e-05,
    1.9669203538796864e-05,
    1.9568071365938522e-05,
    1.9467317542876117e-05,
    1.937711931532249e-05,
    1.9282995708636008e-05,
    1.919550049933605e-05,
    1.9106104446109384e-05,
    1.9019413230125792e-05,
    1.8937029381049797e-05,
    1.885975325421896e-05,
    1.8778340745484456e-05,
    1.8695363905862905e-05,
    1.8617794921738096e-05,
    1.8541108147474006e-05,
    1.8466365872882307e-05,
    1.8382166672381572e-05,
    1.8298935174243525e-05,
    1.8218535842606798e-05,
    1.814404640754219e-05,
    1.8065971744363196e-05,
    1.799663368728943e-05,
    1.792231159924995e-05,
    1.7838408894021995e-05,
    1.7761174603947438e-05,
    1.7683096302789636e-05,
    1.760932536853943e-05,
    1.7538128304295242e-05,
    1.7473017578595318e-05,
    1.7399499483872205e-05,
    1.732264536258299e-05,
    1.7240554370800965e-05
  ],