{
  "config": {
    "p": 97,
    "train_frac": 0.4,
    "data_mode": "fixed",
    "online_batch": 512,
    "label_noise": 0.0,
    "hidden": 256,
    "lr": 0.001,
    "weight_decay": 1.0,
    "steps": 20000,
    "eval_every": 200,
    "seed": 0,
    "boredom_gamma": 0.0,
    "boredom_floor": 0.05,
    "boredom_ema": 0.9
  },
  "metrics_version": "rf-metrics-v1",
  "steps_log": [
    0,
    200,
    400,
    600,
    800,
    1000,
    1200,
    1400,
    1600,
    1800,
    2000,
    2200,
    2400,
    2600,
    2800,
    3000,
    3200,
    3400,
    3600,
    3800,
    4000,
    4200,
    4400,
    4600,
    4800,
    5000,
    5200,
    5400,
    5600,
    5800,
    6000,
    6200,
    6400,
    6600,
    6800,
    7000,
    7200,
    7400,
    7600,
    7800,
    8000,
    8200,
    8400,
    8600,
    8800,
    9000,
    9200,
    9400,
    9600,
    9800,
    10000,
    10200,
    10400,
    10600,
    10800,
    11000,
    11200,
    11400,
    11600,
    11800,
    12000,
    12200,
    12400,
    12600,
    12800,
    13000,
    13200,
    13400,
    13600,
    13800,
    14000,
    14200,
    14400,
    14600,
    14800,
    15000,
    15200,
    15400,
    15600,
    15800,
    16000,
    16200,
    16400,
    16600,
    16800,
    17000,
    17200,
    17400,
    17600,
    17800,
    18000,
    18200,
    18400,
    18600,
    18800,
    19000,
    19200,
    19400,
    19600,
    19800,
    20000
  ],
  "train_acc": [
    0.01647183857858181,
    0.40993624925613403,
    0.9617428183555603,
    1.0,
    1.0,
    1.0,
    1.0,
    1.0,
    1.0,
    1.0,
    1.0,
    1.0,
    1.0,
    1.0,
    1.0,
    1.0,
    1.0,
    1.0,
    1.0,
    1.0,
    1.0,
    1.0,
    1.0,
    1.0,
    1.0,
    1.0,
    1.0,
    1.0,
    1.0,
    1.0,
    1.0,
    1.0,
    1.0,
    1.0,
    1.0,
    1.0,
    1.0,
    1.0,
    1.0,
    1.0,
    1.0,
    1.0,
    1.0,
    1.0,
    1.0,
    1.0,
    1.0,
    1.0,
    1.0,
    1.0,
    1.0,
    1.0,
    1.0,
    1.0,
    1.0,
    1.0,
    1.0,
    1.0,
    1.0,
    1.0,
    1.0,
    1.0,
    1.0,
    1.0,
    1.0,
    1.0,
    1.0,
    1.0,
    1.0,
    1.0,
    1.0,
    1.0,
    1.0,
    1.0,
    1.0,
    1.0,
    1.0,
    1.0,
    1.0,
    1.0,
    1.0,
    1.0,
    1.0,
    1.0,
    1.0,
    1.0,
    1.0,
    1.0,
    1.0,
    1.0,
    1.0,
    1.0,
    1.0,
    1.0,
    1.0,
    1.0,
    1.0,
    1.0,
    1.0,
    1.0,
    1.0
  ],
  "val_acc": [
    0.01027457881718874,
    0.0,
    0.0,
    0.0,
    0.0,
    0.0,
    0.0005314437439665198,
    0.0012400354025885463,
    0.0017714791465550661,
    0.0024800708051770926,
    0.005491585470736027,
    0.011160318739712238,
    0.02037201076745987,
    0.03348095715045929,
    0.04694419726729393,
    0.07387068122625351,
    0.1038086786866188,
    0.13587245345115662,
    0.1782108098268509,
    0.21665190160274506,
    0.2648361325263977,
    0.314969003200531,
    0.36014172434806824,
    0.4092116951942444,
    0.4540301263332367,
    0.49991142749786377,
    0.5420726537704468,
    0.584233820438385,
    0.6274579167366028,
    0.6669619083404541,
    0.704694390296936,
    0.7387068271636963,
    0.7732506394386292,
    0.8076173663139343,
    0.8343666791915894,
    0.8565101623535156,
    0.8717449307441711,
    0.8882196545600891,
    0.9016829133033752,
    0.9167404770851135,
    0.9263064861297607,
    0.9367582201957703,
    0.9426040649414062,
    0.9502214193344116,
    0.9581930637359619,
    0.9640389680862427,
    0.9686447978019714,
    0.9711248874664307,
    0.9739592671394348,
    0.9760850071907043,
    0.9792736768722534,
    0.9819309115409851,
    0.983879566192627,
    0.9856510162353516,
    0.9868910312652588,
    0.9884853959083557,
    0.9891939759254456,
    0.9907882809638977,
    0.9918512105941772,
    0.9930912256240845,
    0.9943312406539917,
    0.9955713152885437,
    0.9957484602928162,
    0.9968113303184509,
    0.9971656203269958,
    0.9971656203269958,
    0.9973427653312683,
    0.9978742003440857,
    0.9980513453483582,
    0.9984056949615479,
    0.9987599849700928,
    0.9989371299743652,
    0.9991142749786377,
    0.9992914199829102,
    0.9992914199829102,
    0.9992914199829102,
    0.9996457099914551,
    0.9996457099914551,
    0.9996457099914551,
    0.9996457099914551,
    0.9996457099914551,
    0.9996457099914551,
    0.9996457099914551,
    0.9996457099914551,
    0.9996457099914551,
    0.9996457099914551,
    0.9996457099914551,
    0.9996457099914551,
    0.9998228549957275,
    0.9998228549957275,
    1.0,
    1.0,
    1.0,
    1.0,
    1.0,
    1.0,
    1.0,
    1.0,
    1.0,
    1.0,
    1.0
  ],
  "train_loss": [
    4.572922706604004,
    3.0331127643585205,
    1.3659915924072266,
    0.42993026971817017,
    0.12802717089653015,
    0.041657961905002594,
    0.014324987307190895,
    0.005138448905199766,
    0.00191067298874259,
    0.0007418509339913726,
    0.0003067458455916494,
    0.0001399022585246712,
    7.424336217809469e-05,
    4.749653453473002e-05,
    3.60584344889503e-05,
    3.083092815359123e-05,
    2.8280010155867785e-05,
    2.6803907530847937e-05,
    2.58318232226884e-05,
    2.5090395865845494e-05,
    2.4487873815814964e-05,
    2.393089198449161e-05,
    2.3444505131919868e-05,
    2.2945225282455795e-05,
    2.2429918317357078e-05,
    2.194400440203026e-05,
    2.145821417798288e-05,
    2.0981038687750697e-05,
    2.0527806555037387e-05,
    2.008455339819193e-05,
    1.9666598745970987e-05,
    1.9271292330813594e-05,
    1.8912558516603895e-05,
    1.856894050433766e-05,
    1.8260881915921345e-05,
    1.7973823560168967e-05,
    1.7703994672046974e-05,
    1.743469874782022e-05,
    1.7189348000101745e-05,
    1.694609090918675e-05,
    1.6722402506275102e-05,
    1.6504161976627074e-05,
    1.62982105393894e-05,
    1.610470462765079e-05,
    1.59408100444125e-05,
    1.578461342433002e-05,
    1.5627971151843667e-05,
    1.5490175428567454e-05,
    1.5367166270152666e-05,
    1.5256412552844267e-05,
    1.5138252820179332e-05,
    1.503034945926629e-05,
    1.4928912605682854e-05,
    1.483171490690438e-05,
    1.4731795999978203e-05,
    1.4626966731157154e-05,
    1.45315743793617e-05,
    1.4439032383961603e-05,
    1.4339840163302142e-05,
    1.4245906641008332e-05,
    1.4142787222226616e-05,
    1.4047490367374849e-05,
    1.3954856513009872e-05,
    1.3861681509297341e-05,
    1.3777786989521701e-05,
    1.3695221241505351e-05,
    1.361335307592526e-05,
    1.3534270692616701e-05,
    1.3462284186971374e-05,
    1.3400844181887805e-05,
    1.3352516361919697e-05,
    1.3306309483596124e-05,
    1.3259499610285275e-05,
    1.320983938057907e-05,
    1.3158472029317636e-05,
    1.3114322428009473e-05,
    1.3076541108603124e-05,
    1.3041069905739278e-05,
    1.3002272680751048e-05,
    1.2959581908944529e-05,
    1.2913405953440815e-05,
    1.2869700185547117e-05,
    1.2825266821892e-05,
    1.278387298953021e-05,
    1.2742796570819337e-05,
    1.270564735023072e-05,
    1.266757863049861e-05,
    1.2629130651475862e-05,
    1.259337477677036e-05,
    1.255438746738946e-05,
    1.2520911695901304e-05,
    1.2486740160966292e-05,
    1.2449876521714032e-05,
    1.2413865988492034e-05,
    1.2377286111586727e-05,
    1.2339503882685676e-05,
    1.2304380106797908e-05,
    1.2267927559150849e-05,
    1.2230113497935236e-05,
    1.2197367141197901e-05,
    1.2164239706180524e-05
  ],