{
  "config": {
    "p": 97,
    "train_frac": 0.2,
    "data_mode": "fixed",
    "online_batch": 512,
    "label_noise": 0.0,
    "hidden": 256,
    "lr": 0.001,
    "weight_decay": 1.0,
    "steps": 20000,
    "eval_every": 200,
    "seed": 0,
    "boredom_gamma": 0.0,
    "boredom_floor": 0.05,
    "boredom_ema": 0.9
  },
  "metrics_version": "rf-metrics-v1",
  "steps_log": [
    0,
    200,
    400,
    600,
    800,
    1000,
    1200,
    1400,
    1600,
    1800,
    2000,
    2200,
    2400,
    2600,
    2800,
    3000,
    3200,
    3400,
    3600,
    3800,
    4000,
    4200,
    4400,
    4600,
    4800,
    5000,
    5200,
    5400,
    5600,
    5800,
    6000,
    6200,
    6400,
    6600,
    6800,
    7000,
    7200,
    7400,
    7600,
    7800,
    8000,
    8200,
    8400,
    8600,
    8800,
    9000,
    9200,
    9400,
    9600,
    9800,
    10000,
    10200,
    10400,
    10600,
    10800,
    11000,
    11200,
    11400,
    11600,
    11800,
    12000,
    12200,
    12400,
    12600,
    12800,
    13000,
    13200,
    13400,
    13600,
    13800,
    14000,
    14200,
    14400,
    14600,
    14800,
    15000,
    15200,
    15400,
    15600,
    15800,
    16000,
    16200,
    16400,
    16600,
    16800,
    17000,
    17200,
    17400,
    17600,
    17800,
    18000,
    18200,
    18400,
    18600,
    18800,
    19000,
    19200,
    19400,
    19600,
    19800,
    20000
  ],
  "train_acc": [
    0.02178533561527729,
    0.7199787497520447,
    1.0,
    1.0,
    1.0,
    1.0,
    1.0,
    1.0,
    1.0,
    1.0,
    1.0,
    1.0,
    1.0,
    1.0,
    1.0,
    1.0,
    1.0,
    1.0,
    1.0,
    1.0,
    1.0,
    1.0,
    1.0,
    1.0,
    1.0,
    1.0,
    1.0,
    1.0,
    1.0,
    1.0,
    1.0,
    1.0,
    1.0,
    1.0,
    1.0,
    1.0,
    1.0,
    1.0,
    1.0,
    1.0,
    1.0,
    1.0,
    1.0,
    1.0,
    1.0,
    1.0,
    1.0,
    1.0,
    1.0,
    1.0,
    1.0,
    1.0,
    1.0,
    1.0,
    1.0,
    1.0,
    1.0,
    1.0,
    1.0,
    1.0,
    1.0,
    1.0,
    1.0,
    1.0,
    1.0,
    1.0,
    1.0,
    1.0,
    1.0,
    1.0,
    1.0,
    1.0,
    1.0,
    1.0,
    1.0,
    1.0,
    1.0,
    1.0,
    1.0,
    1.0,
    1.0,
    1.0,
    1.0,
    1.0,
    1.0,
    1.0,
    1.0,
    1.0,
    1.0,
    1.0,
    1.0,
    1.0,
    1.0,
    1.0,
    1.0,
    1.0,
    1.0,
    1.0,
    1.0,
    1.0,
    1.0
  ],
  "val_acc": [
    0.00863557867705822,
    0.0,
    0.0,
    0.0,
    0.0,
    0.0,
    0.0,
    0.0,
    0.0,
    0.0,
    0.0,
    0.0,
    0.0,
    0.0,
    0.0,
    0.0,
    0.0,
    0.0,
    0.0,
    0.0,
    0.0,
    0.0,
    0.0,
    0.0,
    0.0,
    0.0,
    0.0,
    0.0,
    0.0,
    0.0,
    0.0,
    0.0,
    0.0,
    0.0,
    0.0,
    0.0,
    0.0,
    0.0,
    0.0,
    0.0,
    0.0,
    0.0,
    0.0,
    0.0,
    0.0,
    0.0,
    0.0,
    0.0,
    0.0,
    0.0,
    0.0,
    0.0,
    0.0,
    0.0,
    0.0,
    0.0,
    0.0,
    0.0,
    0.0,
    0.0,
    0.0,
    0.0,
    0.0,
    0.0,
    0.0,
    0.0,
    0.0,
    0.0,
    0.0,
    0.0,
    0.0,
    0.0,
    0.0,
    0.0,
    0.0,
    0.0,
    0.0,
    0.0,
    0.0,
    0.0,
    0.0,
    0.0,
    0.0,
    0.0,
    0.0,
    0.0,
    0.0,
    0.0,
    0.0,
    0.0,
    0.0,
    0.0,
    0.0,
    0.0,
    0.0,
    0.0,
    0.0,
    0.0,
    0.0,
    0.0,
    0.0
  ],
  "train_loss": [
    4.570590496063232,
    2.047006130218506,
    0.4365796446800232,
    0.0895080417394638,
    0.022128203883767128,
    0.005948344245553017,
    0.001703513553366065,
    0.0005232857656665146,
    0.000176943329279311,
    7.088274287525564e-05,
    3.6835910577792674e-05,
    2.5490373445791192e-05,
    2.1620029656332918e-05,
    2.0238576325937174e-05,
    1.9680039258673787e-05,
    1.940463153005112e-05,
    1.9224491552449763e-05,
    1.9086919564870186e-05,
    1.897816218843218e-05,
    1.8881502910517156e-05,
    1.8777816876536235e-05,
    1.8687807823880576e-05,
    1.8612243366078474e-05,
    1.8536300558480434e-05,
    1.8461050785845146e-05,
    1.8389473552815616e-05,
    1.832043199101463e-05,
    1.825607796490658e-05,
    1.8195525626651943e-05,
    1.813313429011032e-05,
    1.8075876141665503e-05,
    1.802824408514425e-05,
    1.798029370547738e-05,
    1.793506817193702e-05,
    1.7886484783957712e-05,
    1.7840753571363166e-05,
    1.779394551704172e-05,
    1.775467535480857e-05,
    1.77137553691864e-05,
    1.7673788534011692e-05,
    1.763438922353089e-05,
    1.760075792844873e-05,
    1.7559332263772376e-05,
    1.7522150301374495e-05,
    1.7486805518274195e-05,
    1.744981636875309e-05,
    1.7416183254681528e-05,
    1.7378748452756554e-05,
    1.7347774701192975e-05,
    1.7314203432761133e-05,
    1.7282025510212407e-05,
    1.7246555216843262e-05,
    1.721279477351345e-05,
    1.7181884686578996e-05,
    1.7150339772342704e-05,
    1.7123737052315846e-05,
    1.7095171642722562e-05,
    1.707040428300388e-05,
    1.7042533727362752e-05,
    1.7014855984598398e-05,
    1.6986225091386586e-05,
    1.696133222139906e-05,
    1.693194280960597e-05,
    1.6908636098378338e-05,
    1.6883424905245192e-05,
    1.686112955212593e-05,
    1.6834652342367917e-05,
    1.6810961824376136e-05,
    1.6787338608992286e-05,
    1.6765421605668962e-05,
    1.6745658285799436e-05,
    1.6726657122489996e-05,
    1.6705058442312293e-05,
    1.6682317436789162e-05,
    1.665672789386008e-05,
    1.6635696738376282e-05,
    1.6609916201559827e-05,
    1.6591930034337565e-05,
    1.6566846170462668e-05,
    1.6543031961191446e-05,
    1.65232067956822e-05,
    1.6504265659023076e-05,
    1.6480385966133326e-05,
    1.6457648598589003e-05,
    1.6430727555416524e-05,
    1.6412865079473704e-05,
    1.6390125892939977e-05,
    1.6369856894016266e-05,
    1.6347814380424097e-05,
    1.6325961041729897e-05,
    1.6303476513712667e-05,
    1.6278456314466894e-05,
    1.6259200492640957e-05,
    1.623538446438033e-05,
    1.6217902157222852e-05,
    1.6193896954064257e-05,
    1.6175084965652786e-05,
    1.616095869394485e-05,
    1.6139927538461052e-05,
    1.61144052981399e-05,
    1.609109494893346e-05
  ],