{
  "config": {
    "p": 97,
    "train_frac": 0.6,
    "data_mode": "fixed",
    "online_batch": 512,
    "label_noise": 0.0,
    "hidden": 256,
    "lr": 0.001,
    "weight_decay": 1.0,
    "steps": 20000,
    "eval_every": 200,
    "seed": 0,
    "boredom_gamma": 0.0,
    "boredom_floor": 0.05,
    "boredom_ema": 0.9
  },
  "metrics_version": "rf-metrics-v1",
  "steps_log": [
    0,
    200,
    400,
    600,
    800,
    1000,
    1200,
    1400,
    1600,
    1800,
    2000,
    2200,
    2400,
    2600,
    2800,
    3000,
    3200,
    3400,
    3600,
    3800,
    4000,
    4200,
    4400,
    4600,
    4800,
    5000,
    5200,
    5400,
    5600,
    5800,
    6000,
    6200,
    6400,
    6600,
    6800,
    7000,
    7200,
    7400,
    7600,
    7800,
    8000,
    8200,
    8400,
    8600,
    8800,
    9000,
    9200,
    9400,
    9600,
    9800,
    10000,
    10200,
    10400,
    10600,
    10800,
    11000,
    11200,
    11400,
    11600,
    11800,
    12000,
    12200,
    12400,
    12600,
    12800,
    13000,
    13200,
    13400,
    13600,
    13800,
    14000,
    14200,
    14400,
    14600,
    14800,
    15000,
    15200,
    15400,
    15600,
    15800,
    16000,
    16200,
    16400,
    16600,
    16800,
    17000,
    17200,
    17400,
    17600,
    17800,
    18000,
    18200,
    18400,
    18600,
    18800,
    19000,
    19200,
    19400,
    19600,
    19800,
    20000
  ],
  "train_acc": [
    0.014703277498483658,
    0.34154120087623596,
    0.8949512839317322,
    1.0,
    1.0,
    1.0,
    1.0,
    1.0,
    1.0,
    1.0,
    1.0,
    1.0,
    1.0,
    1.0,
    1.0,
    1.0,
    1.0,
    1.0,
    1.0,
    1.0,
    1.0,
    1.0,
    1.0,
    1.0,
    1.0,
    1.0,
    1.0,
    1.0,
    1.0,
    1.0,
    1.0,
    1.0,
    1.0,
    1.0,
    1.0,
    1.0,
    1.0,
    1.0,
    1.0,
    1.0,
    1.0,
    1.0,
    1.0,
    1.0,
    1.0,
    1.0,
    1.0,
    1.0,
    1.0,
    1.0,
    1.0,
    1.0,
    1.0,
    1.0,
    1.0,
    1.0,
    1.0,
    1.0,
    1.0,
    1.0,
    1.0,
    1.0,
    1.0,
    1.0,
    1.0,
    1.0,
    1.0,
    1.0,
    1.0,
    1.0,
    1.0,
    1.0,
    1.0,
    1.0,
    1.0,
    1.0,
    1.0,
    1.0,
    1.0,
    1.0,
    1.0,
    1.0,
    1.0,
    1.0,
    1.0,
    1.0,
    1.0,
    1.0,
    1.0,
    1.0,
    1.0,
    1.0,
    1.0,
    1.0,
    1.0,
    1.0,
    1.0,
    1.0,
    1.0,
    1.0,
    1.0
  ],
  "val_acc": [
    0.009829968214035034,
    0.0,
    0.0,
    0.0031880978494882584,
    0.037460148334503174,
    0.1264612078666687,
    0.30393198132514954,
    0.5021253824234009,
    0.6644527316093445,
    0.8060573935508728,
    0.8953241109848022,
    0.9415515661239624,
    0.9742295145988464,
    0.9891073107719421,
    0.9941551685333252,
    0.9968119263648987,
    0.998140275478363,
    0.9992029666900635,
    0.9994686245918274,
    0.9997343420982361,
    0.9997343420982361,
    1.0,
    1.0,
    1.0,
    1.0,
    1.0,
    1.0,
    1.0,
    1.0,
    1.0,
    1.0,
    1.0,
    1.0,
    1.0,
    1.0,
    1.0,
    1.0,
    1.0,
    1.0,
    1.0,
    1.0,
    1.0,
    1.0,
    1.0,
    1.0,
    1.0,
    1.0,
    1.0,
    1.0,
    1.0,
    1.0,
    1.0,
    1.0,
    1.0,
    1.0,
    1.0,
    1.0,
    1.0,
    1.0,
    1.0,
    1.0,
    1.0,
    1.0,
    1.0,
    1.0,
    1.0,
    1.0,
    1.0,
    1.0,
    1.0,
    1.0,
    1.0,
    1.0,
    1.0,
    1.0,
    1.0,
    1.0,
    1.0,
    1.0,
    1.0,
    1.0,
    1.0,
    1.0,
    1.0,
    1.0,
    1.0,
    1.0,
    1.0,
    1.0,
    1.0,
    1.0,
    1.0,
    1.0,
    1.0,
    1.0,
    1.0,
    1.0,
    1.0,
    1.0,
    1.0,
    1.0
  ],
  "train_loss": [
    4.573857307434082,
    3.468531370162964,
    1.7840392589569092,
    0.5124079585075378,
    0.11771096289157867,
    0.030083617195487022,
    0.008184775710105896,
    0.0023252079263329506,
    0.0006883844034746289,
    0.00021744634432252496,
    7.868160173529759e-05,
    3.614407614804804e-05,
    2.26390748139238e-05,
    1.8206326785730198e-05,
    1.663583861954976e-05,
    1.5964393242029473e-05,
    1.5545107089565136e-05,
    1.5236311810440384e-05,
    1.4968649338698015e-05,
    1.473131214879686e-05,
    1.4514269423671067e-05,
    1.4319841284304857e-05,
    1.414697544532828e-05,
    1.3998076610732824e-05,
    1.3851649782736786e-05,
    1.3718484296987299e-05,
    1.360126134386519e-05,
    1.3481230780598707e-05,
    1.3374841728364117e-05,
    1.3287035471876152e-05,
    1.3205713003117125e-05,
    1.3123186363372952e-05,
    1.3047521861153655e-05,
    1.2974351193406619e-05,
    1.2903480637760367e-05,
    1.2847562175011262e-05,
    1.2792319466825575e-05,
    1.274132046091836e-05,
    1.2691927622654475e-05,
    1.2645723472815007e-05,
    1.2602199603861663e-05,
    1.2563471500470769e-05,
    1.2523664736363571e-05,
    1.2491800589486957e-05,
    1.2459237041184679e-05,
    1.2434571544872597e-05,
    1.2405979759932961e-05,
    1.2381291526253335e-05,
    1.2363383575575426e-05,
    1.2342815352894831e-05,
    1.232410613738466e-05,
    1.2300391063035931e-05,
    1.2274669643375091e-05,
    1.2250890904397238e-05,
    1.2224516467540525e-05,
    1.219562727783341e-05,
    1.2170117770438083e-05,
    1.2140763828938361e-05,
    1.2117028745706193e-05,
    1.209411675517913e-05,
    1.2073463039996568e-05,
    1.2058068023179658e-05,
    1.2040793990308885e-05,
    1.2024133866361808e-05,
    1.2007978511974216e-05,
    1.199501275550574e-05,
    1.1984242519247346e-05,
    1.1973493201367091e-05,
    1.1965595149376895e-05,
    1.1957021342823282e-05,
    1.1951066881010775e-05,
    1.1943464414798655e-05,
    1.1938544048462063e-05,
    1.193233492813306e-05,
    1.1929167158086784e-05,
    1.1921163604711182e-05,
    1.1915949471585918e-05,
    1.1911893125216011e-05,
    1.1905242899956647e-05,
    1.1901587640750222e-05,
    1.1897216609213501e-05,
    1.1894113413291052e-05,
    1.1887630535056815e-05,
    1.1884758350788616e-05,
    1.1880470992764458e-05,
    1.1876839380420279e-05,
    1.1872109098476358e-05,
    1.1868772162415553e-05,
    1.1865752640005667e-05,
    1.186055760626914e-05,
    1.1855024240503553e-05,
    1.1849047950818203e-05,
    1.1844825166917872e-05,
    1.1840622391900979e-05,
    1.1833042663056403e-05,
    1.1826897207356524e-05,
    1.1819885912700556e-05,
    1.181794323201757e-05,
    1.1812241609732155e-05,
    1.180945400847122e-05,
    1.1807743248937186e-05
  ],