{
  "config": {
    "p": 97,
    "train_frac": 0.8,
    "data_mode": "fixed",
    "online_batch": 512,
    "label_noise": 0.0,
    "hidden": 256,
    "lr": 0.001,
    "weight_decay": 1.0,
    "steps": 20000,
    "eval_every": 200,
    "seed": 0,
    "boredom_gamma": 0.0,
    "boredom_floor": 0.05,
    "boredom_ema": 0.9
  },
  "metrics_version": "rf-metrics-v1",
  "steps_log": [
    0,
    200,
    400,
    600,
    800,
    1000,
    1200,
    1400,
    1600,
    1800,
    2000,
    2200,
    2400,
    2600,
    2800,
    3000,
    3200,
    3400,
    3600,
    3800,
    4000,
    4200,
    4400,
    4600,
    4800,
    5000,
    5200,
    5400,
    5600,
    5800,
    6000,
    6200,
    6400,
    6600,
    6800,
    7000,
    7200,
    7400,
    7600,
    7800,
    8000,
    8200,
    8400,
    8600,
    8800,
    9000,
    9200,
    9400,
    9600,
    9800,
    10000,
    10200,
    10400,
    10600,
    10800,
    11000,
    11200,
    11400,
    11600,
    11800,
    12000,
    12200,
    12400,
    12600,
    12800,
    13000,
    13200,
    13400,
    13600,
    13800,
    14000,
    14200,
    14400,
    14600,
    14800,
    15000,
    15200,
    15400,
    15600,
    15800,
    16000,
    16200,
    16400,
    16600,
    16800,
    17000,
    17200,
    17400,
    17600,
    17800,
    18000,
    18200,
    18400,
    18600,
    18800,
    19000,
    19200,
    19400,
    19600,
    19800,
    20000
  ],
  "train_acc": [
    0.011691245250403881,
    0.4398830831050873,
    0.9690447449684143,
    1.0,
    1.0,
    1.0,
    1.0,
    1.0,
    1.0,
    1.0,
    1.0,
    1.0,
    1.0,
    1.0,
    1.0,
    1.0,
    1.0,
    1.0,
    1.0,
    1.0,
    1.0,
    1.0,
    1.0,
    1.0,
    1.0,
    1.0,
    1.0,
    1.0,
    1.0,
    1.0,
    1.0,
    1.0,
    1.0,
    1.0,
    1.0,
    1.0,
    1.0,
    1.0,
    1.0,
    1.0,
    1.0,
    1.0,
    1.0,
    1.0,
    1.0,
    1.0,
    1.0,
    1.0,
    1.0,
    1.0,
    1.0,
    1.0,
    1.0,
    1.0,
    1.0,
    1.0,
    1.0,
    1.0,
    1.0,
    1.0,
    1.0,
    1.0,
    1.0,
    1.0,
    1.0,
    1.0,
    1.0,
    1.0,
    1.0,
    1.0,
    1.0,
    1.0,
    1.0,
    1.0,
    1.0,
    1.0,
    1.0,
    1.0,
    1.0,
    1.0,
    1.0,
    1.0,
    1.0,
    1.0,
    1.0,
    1.0,
    1.0,
    1.0,
    1.0,
    1.0,
    1.0,
    1.0,
    1.0,
    1.0,
    1.0,
    1.0,
    1.0,
    1.0,
    1.0,
    1.0,
    1.0
  ],
  "val_acc": [
    0.009564293548464775,
    0.0,
    0.056323058903217316,
    0.5547289848327637,
    0.8852284550666809,
    0.975026547908783,
    0.994686484336853,
    0.9989373087882996,
    1.0,
    1.0,
    1.0,
    1.0,
    1.0,
    1.0,
    1.0,
    1.0,
    1.0,
    1.0,
    1.0,
    1.0,
    1.0,
    1.0,
    1.0,
    1.0,
    1.0,
    1.0,
    1.0,
    1.0,
    1.0,
    1.0,
    1.0,
    1.0,
    1.0,
    1.0,
    1.0,
    1.0,
    1.0,
    1.0,
    1.0,
    1.0,
    1.0,
    1.0,
    1.0,
    1.0,
    1.0,
    1.0,
    1.0,
    1.0,
    1.0,
    1.0,
    1.0,
    1.0,
    1.0,
    1.0,
    1.0,
    1.0,
    1.0,
    1.0,
    1.0,
    1.0,
    1.0,
    1.0,
    1.0,
    1.0,
    1.0,
    1.0,
    1.0,
    1.0,
    1.0,
    1.0,
    1.0,
    1.0,
    1.0,
    1.0,
    1.0,
    1.0,
    1.0,
    1.0,
    1.0,
    1.0,
    1.0,
    1.0,
    1.0,
    1.0,
    1.0,
    1.0,
    1.0,
    1.0,
    1.0,
    1.0,
    1.0,
    1.0,
    1.0,
    1.0,
    1.0,
    1.0,
    1.0,
    1.0,
    1.0,
    1.0,
    1.0
  ],
  "train_loss": [
    4.574458122253418,
    3.5695462226867676,
    1.3001701831817627,
    0.19568195939064026,
    0.03660473972558975,
    0.00822677556425333,
    0.00199318234808743,
    0.0005153486272320151,
    0.00014649788499809802,
    4.988147338735871e-05,
    2.348269299545791e-05,
    1.6056439562817104e-05,
    1.4008701327838935e-05,
    1.3453241081151646e-05,
    1.3272981959744357e-05,
    1.3187874174036551e-05,
    1.3129671060596593e-05,
    1.3077044968667906e-05,
    1.3029391993768513e-05,
    1.29839854707825e-05,
    1.2938484360347502e-05,
    1.2890260222775396e-05,
    1.2847245670855045e-05,
    1.2807731764041819e-05,
    1.2773713933711406e-05,
    1.2740219972329214e-05,
    1.2710380360658746e-05,
    1.2682808119279798e-05,
    1.2656311810133047e-05,
    1.2630451237782836e-05,
    1.2608120414370205e-05,
    1.2586282537085935e-05,
    1.256448831554735e-05,
    1.2545151548692957e-05,
    1.2522093129518908e-05,
    1.2501298442657571e-05,
    1.2485460501920898e-05,
    1.2468103705032263e-05,
    1.245462590304669e-05,
    1.2441434591892175e-05,
    1.2429903108568396e-05,
    1.2417899597494397e-05,
    1.240796973434044e-05,
    1.239998709934298e-05,
    1.2394444638630375e-05,
    1.2387998140184209e-05,
    1.2382629392959643e-05,
    1.2376675840641838e-05,
    1.2367157978587784e-05,
    1.2363990208541509e-05,
    1.2358383173705079e-05,
    1.2351430996204726e-05,
    1.2348215932433959e-05,
    1.234227602253668e-05,
    1.2336178770055994e-05,
    1.2332109690760262e-05,
    1.2327136573730968e-05,
    1.2323113878665026e-05,
    1.2318884728301782e-05,
    1.2311045793467201e-05,
    1.2307260476518422e-05,
    1.2303111361688934e-05,
    1.2301163224037737e-05,
    1.2297457033128012e-05,
    1.229398822033545e-05,
    1.2291597158764489e-05,
    1.228728888236219e-05,
    1.2285912816878408e-05,
    1.228504152095411e-05,
    1.2280811461096164e-05,
    1.2278374924790114e-05,
    1.2276789675524924e-05,
    1.227199118147837e-05,
    1.2270818842807785e-05,
    1.226762014994165e-05,
    1.2264690667507239e-05,
    1.2262474228919018e-05,
    1.2259148206794634e-05,
    1.2258482456672937e-05,
    1.2255663932592142e-05,
    1.2256487025297247e-05,
    1.2252939995960332e-05,
    1.2253145541762933e-05,
    1.2251656698936131e-05,
    1.2248077837284654e-05,
    1.224601874127984e-05,
    1.224603420268977e-05,
    1.2244403478689492e-05,
    1.2242882803548127e-05,
    1.2240855539857876e-05,
    1.2238622730365023e-05,
    1.223889285029145e-05,
    1.2236105249030516e-05,
    1.2234299902047496e-05,
    1.2233886991452891e-05,
    1.2231400432938244e-05,
    1.2230306310812011e-05,
    1.2228945706738159e-05,
    1.2226664694026113e-05,
    1.2223624253238086e-05,
    1.2221105862408876e-05
  ],