{
  "config": {
    "p": 97,
    "train_frac": 0.5,
    "data_mode": "fixed",
    "online_batch": 512,
    "label_noise": 0.2,
    "hidden": 256,
    "lr": 0.001,
    "weight_decay": 1.0,
    "steps": 20000,
    "eval_every": 200,
    "seed": 0,
    "boredom_gamma": 0.0,
    "boredom_floor": 0.05,
    "boredom_ema": 0.9
  },
  "metrics_version": "rf-metrics-v1",
  "steps_log": [
    0,
    200,
    400,
    600,
    800,
    1000,
    1200,
    1400,
    1600,
    1800,
    2000,
    2200,
    2400,
    2600,
    2800,
    3000,
    3200,
    3400,
    3600,
    3800,
    4000,
    4200,
    4400,
    4600,
    4800,
    5000,
    5200,
    5400,
    5600,
    5800,
    6000,
    6200,
    6400,
    6600,
    6800,
    7000,
    7200,
    7400,
    7600,
    7800,
    8000,
    8200,
    8400,
    8600,
    8800,
    9000,
    9200,
    9400,
    9600,
    9800,
    10000,
    10200,
    10400,
    10600,
    10800,
    11000,
    11200,
    11400,
    11600,
    11800,
    12000,
    12200,
    12400,
    12600,
    12800,
    13000,
    13200,
    13400,
    13600,
    13800,
    14000,
    14200,
    14400,
    14600,
    14800,
    15000,
    15200,
    15400,
    15600,
    15800,
    16000,
    16200,
    16400,
    16600,
    16800,
    17000,
    17200,
    17400,
    17600,
    17800,
    18000,
    18200,
    18400,
    18600,
    18800,
    19000,
    19200,
    19400,
    19600,
    19800,
    20000
  ],
  "train_acc": [
    0.0163690485060215,
    0.24426020681858063,
    0.793154776096344,
    0.9955357313156128,
    1.0,
    1.0,
    1.0,
    1.0,
    1.0,
    1.0,
    1.0,
    1.0,
    1.0,
    1.0,
    1.0,
    1.0,
    1.0,
    1.0,
    1.0,
    1.0,
    1.0,
    1.0,
    1.0,
    1.0,
    1.0,
    1.0,
    1.0,
    1.0,
    1.0,
    1.0,
    1.0,
    1.0,
    1.0,
    1.0,
    1.0,
    1.0,
    1.0,
    1.0,
    1.0,
    1.0,
    1.0,
    1.0,
    1.0,
    1.0,
    1.0,
    1.0,
    1.0,
    1.0,
    1.0,
    1.0,
    1.0,
    1.0,
    1.0,
    1.0,
    1.0,
    1.0,
    1.0,
    1.0,
    1.0,
    1.0,
    1.0,
    1.0,
    1.0,
    1.0,
    1.0,
    1.0,
    1.0,
    1.0,
    1.0,
    1.0,
    1.0,
    1.0,
    1.0,
    1.0,
    1.0,
    1.0,
    1.0,
    1.0,
    1.0,
    1.0,
    1.0,
    1.0,
    1.0,
    1.0,
    1.0,
    1.0,
    1.0,
    1.0,
    1.0,
    1.0,
    1.0,
    1.0,
    1.0,
    1.0,
    1.0,
    1.0,
    1.0,
    1.0,
    1.0,
    1.0,
    1.0
  ],
  "val_acc": [
    0.010201913304626942,
    0.0004250796919222921,
    0.0004250796919222921,
    0.0008501593838445842,
    0.0006376195815391839,
    0.0012752391630783677,
    0.0019128586864098907,
    0.0025504783261567354,
    0.002763018012046814,
    0.002975557930767536,
    0.0038257173728197813,
    0.004463336896151304,
    0.007013814989477396,
    0.009351753629744053,
    0.011902231723070145,
    0.014452709816396236,
    0.016578108072280884,
    0.019553666934370995,
    0.022529223933815956,
    0.02444208227097988,
    0.026567481458187103,
    0.029330499470233917,
    0.03209351748228073,
    0.03443145751953125,
    0.03974495083093643,
    0.04165780916810036,
    0.0459086075425148,
    0.04845908656716347,
    0.05037194490432739,
    0.05228480324149132,
    0.05653560161590576,
    0.06036131829023361,
    0.06227417662739754,
    0.06546227633953094,
    0.06822529435157776,
    0.07077576965093613,
    0.07417640835046768,
    0.07715196907520294,
    0.07991498708724976,
    0.08331561833620071,
    0.08586610108613968,
    0.08990436047315598,
    0.0918172150850296,
    0.09415515512228012,
    0.09713070839643478,
    0.10031881183385849,
    0.1039319857954979,
    0.10690754652023315,
    0.110733263194561,
    0.11264611780643463,
    0.11583422124385834,
    0.1183846965432167,
    0.1228480339050293,
    0.12369818985462189,
    0.1273113638162613,
    0.12858660519123077,
    0.1296493113040924,
    0.13198724389076233,
    0.13475026190280914,
    0.13942614197731018,
    0.1453772634267807,
    0.1498405933380127,
    0.15154092013835907,
    0.15324123203754425,
    0.15642933547496796,
    0.15812964737415314,
    0.16195537149906158,
    0.1642933040857315,
    0.16599363088607788,
    0.16726885735988617,
    0.17024442553520203,
    0.17428268492221832,
    0.17428268492221832,
    0.1764080822467804,
    0.17810839414596558,
    0.17980872094631195,
    0.18342189490795135,
    0.1844845861196518,
    0.18618491291999817,
    0.1880977749824524,
    0.18916046619415283,
    0.1925611048936844,
    0.19383634626865387,
    0.1953241229057312,
    0.19681189954280853,
    0.19787460565567017,
    0.20085015892982483,
    0.20425079762935638,
    0.20510095357894897,
    0.20680128037929535,
    0.20828905701637268,
    0.21253985166549683,
    0.2155154049396515,
    0.2174282670021057,
    0.21976619958877563,
    0.22337938845157623,
    0.2255047857761383,
    0.22486716508865356,
    0.22656747698783875,
    0.2291179597377777,
    0.23018066585063934
  ],
  "train_loss": [
    4.572500705718994,
    3.2109527587890625,
    1.7653690576553345,
    0.7463666200637817,
    0.27402788400650024,
    0.10521038621664047,
    0.043039023876190186,
    0.018464835360646248,
    0.008298667147755623,
    0.003906885161995888,
    0.0019203430274501443,
    0.0009916092967614532,
    0.0005418008076958358,
    0.0003169718838762492,
    0.00020161223073955625,
    0.0001408473908668384,
    0.00010775658302009106,
    8.913673809729517e-05,
    7.849226676626131e-05,
    7.211124466266483e-05,
    6.82276368024759e-05,
    6.568778189830482e-05,
    6.385179585777223e-05,
    6.244808901101351e-05,
    6.126291555119678e-05,
    6.031528755556792e-05,
    5.947284080320969e-05,
    5.868877997272648e-05,
    5.798962229164317e-05,
    5.7309240219183266e-05,
    5.667926598107442e-05,
    5.605896149063483e-05,
    5.5483826145064086e-05,
    5.491856063599698e-05,
    5.440743552753702e-05,
    5.393890751292929e-05,
    5.34446990059223e-05,
    5.2911524107912555e-05,
    5.2411451179068536e-05,
    5.195800622459501e-05,
    5.149908611201681e-05,
    5.1095430535497144e-05,
    5.0737544370349497e-05,
    5.0389669922878966e-05,
    5.001237150281668e-05,
    4.968597932020202e-05,
    4.935105243930593e-05,
    4.901356078335084e-05,
    4.872184217674658e-05,
    4.845231524086557e-05,
    4.8176912969211116e-05,
    4.7894111048663035e-05,
    4.760613228427246e-05,
    4.7317807911895216e-05,
    4.7068653657333925e-05,
    4.680257916334085e-05,
    4.655697557609528e-05,
    4.6319149987539276e-05,
    4.6103243221296e-05,
    4.58945614809636e-05,
    4.568096483126283e-05,
    4.549957884592004e-05,
    4.531796366791241e-05,
    4.51412342954427e-05,
    4.497387635638006e-05,
    4.480150528252125e-05,
    4.462970537133515e-05,
    4.446136154001579e-05,
    4.4294894905760884e-05,
    4.412465568748303e-05,
    4.395140058477409e-05,
    4.379864549264312e-05,
    4.363841435406357e-05,
    4.3503474444150925e-05,
    4.337661812314764e-05,
    4.3244337575742975e-05,
    4.311433804105036e-05,
    4.2992629460059106e-05,
    4.28848470619414e-05,
    4.276762410881929e-05,
    4.264332528691739e-05,
    4.253831866662949e-05,
    4.242093564243987e-05,
    4.2306575778638944e-05,
    4.219426409690641e-05,
    4.207148595014587e-05,
    4.196581357973628e-05,
    4.1844177758321166e-05,
    4.172942863078788e-05,
    4.1626895836088806e-05,
    4.151768371229991e-05,
    4.140764940530062e-05,
    4.129630542593077e-05,
    4.1194813093170524e-05,
    4.108741632080637e-05,
    4.097936107427813e-05,
    4.0865885239327326e-05,
    4.075144533999264e-05,
    4.0648305002832785e-05,
    4.055781028000638e-05,
    4.0466537029715255e-05
  ],