{
  "config": {
    "p": 97,
    "train_frac": 0.5,
    "data_mode": "fixed",
    "online_batch": 512,
    "label_noise": 0.1,
    "hidden": 256,
    "lr": 0.001,
    "weight_decay": 1.0,
    "steps": 20000,
    "eval_every": 200,
    "seed": 0,
    "boredom_gamma": 0.0,
    "boredom_floor": 0.05,
    "boredom_ema": 0.9
  },
  "metrics_version": "rf-metrics-v1",
  "steps_log": [
    0,
    200,
    400,
    600,
    800,
    1000,
    1200,
    1400,
    1600,
    1800,
    2000,
    2200,
    2400,
    2600,
    2800,
    3000,
    3200,
    3400,
    3600,
    3800,
    4000,
    4200,
    4400,
    4600,
    4800,
    5000,
    5200,
    5400,
    5600,
    5800,
    6000,
    6200,
    6400,
    6600,
    6800,
    7000,
    7200,
    7400,
    7600,
    7800,
    8000,
    8200,
    8400,
    8600,
    8800,
    9000,
    9200,
    9400,
    9600,
    9800,
    10000,
    10200,
    10400,
    10600,
    10800,
    11000,
    11200,
    11400,
    11600,
    11800,
    12000,
    12200,
    12400,
    12600,
    12800,
    13000,
    13200,
    13400,
    13600,
    13800,
    14000,
    14200,
    14400,
    14600,
    14800,
    15000,
    15200,
    15400,
    15600,
    15800,
    16000,
    16200,
    16400,
    16600,
    16800,
    17000,
    17200,
    17400,
    17600,
    17800,
    18000,
    18200,
    18400,
    18600,
    18800,
    19000,
    19200,
    19400,
    19600,
    19800,
    20000
  ],
  "train_acc": [
    0.015093537047505379,
    0.2627550959587097,
    0.8399234414100647,
    0.9982993006706238,
    1.0,
    1.0,
    1.0,
    1.0,
    1.0,
    1.0,
    1.0,
    1.0,
    1.0,
    1.0,
    1.0,
    1.0,
    1.0,
    1.0,
    1.0,
    1.0,
    1.0,
    1.0,
    1.0,
    1.0,
    1.0,
    1.0,
    1.0,
    1.0,
    1.0,
    1.0,
    1.0,
    1.0,
    1.0,
    1.0,
    1.0,
    1.0,
    1.0,
    1.0,
    1.0,
    1.0,
    1.0,
    1.0,
    1.0,
    1.0,
    1.0,
    1.0,
    1.0,
    1.0,
    1.0,
    1.0,
    1.0,
    1.0,
    1.0,
    1.0,
    1.0,
    1.0,
    1.0,
    1.0,
    1.0,
    1.0,
    1.0,
    1.0,
    1.0,
    1.0,
    1.0,
    1.0,
    1.0,
    1.0,
    1.0,
    1.0,
    1.0,
    1.0,
    1.0,
    1.0,
    1.0,
    1.0,
    1.0,
    1.0,
    1.0,
    1.0,
    1.0,
    1.0,
    1.0,
    1.0,
    1.0,
    1.0,
    1.0,
    1.0,
    1.0,
    1.0,
    1.0,
    1.0,
    1.0,
    1.0,
    1.0,
    1.0,
    1.0,
    1.0,
    1.0,
    1.0,
    1.0
  ],
  "val_acc": [
    0.008926673792302608,
    0.0,
    0.00021253984596114606,
    0.0,
    0.0004250796919222921,
    0.0012752391630783677,
    0.002975557930767536,
    0.005313496105372906,
    0.010201913304626942,
    0.017428267747163773,
    0.029330499470233917,
    0.042507968842983246,
    0.05802337825298309,
    0.07863974571228027,
    0.10116896778345108,
    0.12476089596748352,
    0.15005312860012054,
    0.1827842742204666,
    0.20807652175426483,
    0.23464399576187134,
    0.26078638434410095,
    0.28862911462783813,
    0.31307119131088257,
    0.3339000940322876,
    0.35132837295532227,
    0.3740701377391815,
    0.39723697304725647,
    0.4136025607585907,
    0.4348565340042114,
    0.4501594007015228,
    0.468862920999527,
    0.4820403754711151,
    0.49564293026924133,
    0.5086078643798828,
    0.5230605602264404,
    0.5341126322746277,
    0.545377254486084,
    0.5564293265342712,
    0.568756639957428,
    0.5821466445922852,
    0.5902231931686401,
    0.5978745818138123,
    0.6059511303901672,
    0.6144527196884155,
    0.6208289265632629,
    0.6263549327850342,
    0.6348565220832825,
    0.6433581113815308,
    0.6493092179298401,
    0.6558979749679565,
    0.659511148929596,
    0.6639745235443115,
    0.6690754294395447,
    0.6714133620262146,
    0.6754516363143921,
    0.678002119064331,
    0.6822529435157776,
    0.6862911581993103,
    0.6907545328140259,
    0.6939426064491272,
    0.6979808807373047,
    0.6981934309005737,
    0.7001062631607056,
    0.7030818462371826,
    0.7043570876121521,
    0.7077577114105225,
    0.7077577114105225,
    0.7109457850456238,
    0.7143464684486389,
    0.7168968915939331,
    0.7198724746704102,
    0.7228480577468872,
    0.7236981987953186,
    0.72454833984375,
    0.727311372756958,
    0.7294367551803589,
    0.7296493053436279,
    0.7319872379302979,
    0.7370882034301758,
    0.7409139275550842,
    0.7445271015167236,
    0.7475026845932007,
    0.7492029666900635,
    0.750903308391571,
    0.7540913820266724,
    0.7568544149398804,
    0.7598299384117126,
    0.7621679306030273,
    0.7651434540748596,
    0.7653560042381287,
    0.7679064869880676,
    0.7723698019981384,
    0.7734324932098389,
    0.7761955261230469,
    0.7787460088729858,
    0.7802338004112244,
    0.7817215919494629,
    0.7827842831611633,
    0.7855473160743713,
    0.7883102893829346,
    0.7902231812477112
  ],
  "train_loss": [
    4.573221683502197,
    3.25284743309021,
    1.7416656017303467,
    0.6864762306213379,
    0.23029352724552155,
    0.08106475323438644,
    0.030170178040862083,
    0.011633274145424366,
    0.004606838803738356,
    0.0018917160341516137,
    0.0008161807782016695,
    0.00037402118323370814,
    0.00018826129962690175,
    0.00010739179560914636,
    7.081025978550315e-05,
    5.378303103498183e-05,
    4.5484375732485205e-05,
    4.1372240957571194e-05,
    3.910032319254242e-05,
    3.773342905333266e-05,
    3.6758305213879794e-05,
    3.599346018745564e-05,
    3.534282586770132e-05,
    3.4775563108269125e-05,
    3.420186476432718e-05,
    3.371189086465165e-05,
    3.321538679301739e-05,
    3.270853267167695e-05,
    3.2256673875963315e-05,
    3.187924448866397e-05,
    3.154248770442791e-05,
    3.121104964520782e-05,
    3.0898485420038924e-05,
    3.061362440348603e-05,
    3.0335935662151314e-05,
    3.0082472221693024e-05,
    2.9854834792786278e-05,
    2.9641789296874776e-05,
    2.944977859442588e-05,
    2.9259668735903688e-05,
    2.910176590376068e-05,
    2.8939457479282282e-05,
    2.8773065423592925e-05,
    2.862532710423693e-05,
    2.8476448278524913e-05,
    2.8340009521343745e-05,
    2.822592250595335e-05,
    2.811325430229772e-05,
    2.8004997147945687e-05,
    2.7907208277611062e-05,
    2.7813419364974834e-05,
    2.7731111913453788e-05,
    2.764099554042332e-05,
    2.7557473003980704e-05,
    2.7467993277241476e-05,
    2.7379046514397487e-05,
    2.7284700991003774e-05,
    2.7191217668587342e-05,
    2.7122996471007355e-05,
    2.7057410989073105e-05,
    2.6988460376742296e-05,
    2.6919960873783566e-05,
    2.6848172637983225e-05,
    2.678213240869809e-05,
    2.671908077900298e-05,
    2.6661582523956895e-05,
    2.6595012968755327e-05,
    2.6534242351772264e-05,
    2.6476895072846673e-05,
    2.641516584844794e-05,
    2.635738746903371e-05,
    2.630029121064581e-05,
    2.623995351314079e-05,
    2.618526923470199e-05,
    2.6126779630430974e-05,
    2.60749802691862e-05,
    2.6021130906883627e-05,
    2.596226113382727e-05,
    2.589933865237981e-05,
    2.5836392524070106e-05,
    2.5772382286959328e-05,
    2.5712321075843647e-05,
    2.5652465410530567e-05,
    2.5595598344807513e-05,
    2.554245656938292e-05,
    2.5491874112049118e-05,
    2.5435390853090212e-05,
    2.5390612790943123e-05,
    2.5342691515106708e-05,
    2.5302855647169054e-05,
    2.525967465771828e-05,
    2.5207851649611257e-05,
    2.516043787181843e-05,
    2.5116292817983776e-05,
    2.5072960852412507e-05,
    2.5029852622537874e-05,
    2.499136098776944e-05,
    2.494384352758061e-05,
    2.4901142751332372e-05,
    2.485535151208751e-05,
    2.48135893343715e-05
  ],