{
  "config": {
    "p": 97,
    "train_frac": 0.5,
    "data_mode": "fixed",
    "online_batch": 512,
    "label_noise": 0.3,
    "hidden": 256,
    "lr": 0.001,
    "weight_decay": 1.0,
    "steps": 20000,
    "eval_every": 200,
    "seed": 0,
    "boredom_gamma": 0.0,
    "boredom_floor": 0.05,
    "boredom_ema": 0.9
  },
  "metrics_version": "rf-metrics-v1",
  "steps_log": [
    0,
    200,
    400,
    600,
    800,
    1000,
    1200,
    1400,
    1600,
    1800,
    2000,
    2200,
    2400,
    2600,
    2800,
    3000,
    3200,
    3400,
    3600,
    3800,
    4000,
    4200,
    4400,
    4600,
    4800,
    5000,
    5200,
    5400,
    5600,
    5800,
    6000,
    6200,
    6400,
    6600,
    6800,
    7000,
    7200,
    7400,
    7600,
    7800,
    8000,
    8200,
    8400,
    8600,
    8800,
    9000,
    9200,
    9400,
    9600,
    9800,
    10000,
    10200,
    10400,
    10600,
    10800,
    11000,
    11200,
    11400,
    11600,
    11800,
    12000,
    12200,
    12400,
    12600,
    12800,
    13000,
    13200,
    13400,
    13600,
    13800,
    14000,
    14200,
    14400,
    14600,
    14800,
    15000,
    15200,
    15400,
    15600,
    15800,
    16000,
    16200,
    16400,
    16600,
    16800,
    17000,
    17200,
    17400,
    17600,
    17800,
    18000,
    18200,
    18400,
    18600,
    18800,
    19000,
    19200,
    19400,
    19600,
    19800,
    20000
  ],
  "train_acc": [
    0.01551870722323656,
    0.2521258592605591,
    0.7684949040412903,
    0.9959608912467957,
    1.0,
    1.0,
    1.0,
    1.0,
    1.0,
    1.0,
    1.0,
    1.0,
    1.0,
    1.0,
    1.0,
    1.0,
    1.0,
    1.0,
    1.0,
    1.0,
    1.0,
    1.0,
    1.0,
    1.0,
    1.0,
    1.0,
    1.0,
    1.0,
    1.0,
    1.0,
    1.0,
    1.0,
    1.0,
    1.0,
    1.0,
    1.0,
    1.0,
    1.0,
    1.0,
    1.0,
    1.0,
    1.0,
    1.0,
    1.0,
    1.0,
    1.0,
    1.0,
    1.0,
    1.0,
    1.0,
    1.0,
    1.0,
    1.0,
    1.0,
    1.0,
    1.0,
    1.0,
    1.0,
    1.0,
    1.0,
    1.0,
    1.0,
    1.0,
    1.0,
    1.0,
    1.0,
    1.0,
    1.0,
    1.0,
    1.0,
    1.0,
    1.0,
    1.0,
    1.0,
    1.0,
    1.0,
    1.0,
    1.0,
    1.0,
    1.0,
    1.0,
    1.0,
    1.0,
    1.0,
    1.0,
    1.0,
    1.0,
    1.0,
    1.0,
    1.0,
    1.0,
    1.0,
    1.0,
    1.0,
    1.0,
    1.0,
    1.0,
    1.0,
    1.0,
    1.0,
    1.0
  ],
  "val_acc": [
    0.00998937338590622,
    0.0,
    0.0,
    0.00021253984596114606,
    0.0008501593838445842,
    0.0010626992443576455,
    0.0010626992443576455,
    0.0012752391630783677,
    0.0012752391630783677,
    0.0023379384074360132,
    0.0025504783261567354,
    0.0023379384074360132,
    0.002763018012046814,
    0.002763018012046814,
    0.002975557930767536,
    0.0031880978494882584,
    0.002975557930767536,
    0.0031880978494882584,
    0.003613177454099059,
    0.004250796977430582,
    0.0038257173728197813,
    0.00403825705870986,
    0.004463336896151304,
    0.004463336896151304,
    0.00573857594281435,
    0.0061636557802557945,
    0.00573857594281435,
    0.005526036024093628,
    0.005526036024093628,
    0.005951115861535072,
    0.0061636557802557945,
    0.006801275070756674,
    0.007226354908198118,
    0.008714133873581886,
    0.00913921371102333,
    0.009776833467185497,
    0.01041445229202509,
    0.010839532129466534,
    0.010839532129466534,
    0.011902231723070145,
    0.011902231723070145,
    0.011689691804349422,
    0.011902231723070145,
    0.012327311560511589,
    0.012114771641790867,
    0.012114771641790867,
    0.012539851479232311,
    0.012964931316673756,
    0.013602550141513348,
    0.014240169897675514,
    0.014240169897675514,
    0.014665249735116959,
    0.015090329572558403,
    0.015090329572558403,
    0.01487778965383768,
    0.015090329572558403,
    0.015727948397397995,
    0.016365569084882736,
    0.016365569084882736,
    0.01679064892232418,
    0.01764080673456192,
    0.018065886572003365,
    0.01849096640944481,
    0.019341126084327698,
    0.019341126084327698,
    0.01997874677181244,
    0.019766205921769142,
    0.019766205921769142,
    0.020403826609253883,
    0.021253984421491623,
    0.021253984421491623,
    0.02146652527153492,
    0.021891605108976364,
    0.02210414409637451,
    0.021679064258933067,
    0.021041445434093475,
    0.021253984421491623,
    0.021891605108976364,
    0.02146652527153492,
    0.021679064258933067,
    0.0229543037712574,
    0.023379383608698845,
    0.02380446344614029,
    0.024229543283581734,
    0.024654623121023178,
    0.02444208227097988,
    0.02444208227097988,
    0.025504782795906067,
    0.026354942470788956,
    0.026567481458187103,
    0.026567481458187103,
    0.02614240162074566,
    0.02614240162074566,
    0.026567481458187103,
    0.027205100283026695,
    0.026992561295628548,
    0.026992561295628548,
    0.026992561295628548,
    0.027205100283026695,
    0.02763018012046814,
    0.02826780080795288
  ],
  "train_loss": [
    4.572846412658691,
    3.1634984016418457,
    1.735242486000061,
    0.7374312877655029,
    0.2745903730392456,
    0.10795160382986069,
    0.045604314655065536,
    0.020437484607100487,
    0.009664771147072315,
    0.0048205554485321045,
    0.002529280027374625,
    0.0013928621774539351,
    0.0008082949789240956,
    0.000497745699249208,
    0.0003276676870882511,
    0.00023150816559791565,
    0.00017551677592564374,
    0.00014215773262549192,
    0.0001217099343193695,
    0.00010901461791945621,
    0.00010098914208356291,
    9.576653246767819e-05,
    9.219028288498521e-05,
    8.965201413957402e-05,
    8.768674888415262e-05,
    8.613996033091098e-05,
    8.495276415487751e-05,
    8.394099131692201e-05,
    8.302820788230747e-05,
    8.22079528006725e-05,
    8.149558561854064e-05,
    8.084990258794278e-05,
    8.019261440495029e-05,
    7.960474613355473e-05,
    7.909450505394489e-05,
    7.858887693146244e-05,
    7.807603833498433e-05,
    7.756311970297247e-05,
    7.705195457674563e-05,
    7.661894778721035e-05,
    7.617330265929922e-05,
    7.569189619971439e-05,
    7.522594387410209e-05,
    7.480407657567412e-05,
    7.435926818288863e-05,
    7.387723599094898e-05,
    7.345543417613953e-05,
    7.307208579732105e-05,
    7.269999332493171e-05,
    7.230186020024121e-05,
    7.195022772066295e-05,
    7.163716509239748e-05,
    7.132191240089014e-05,
    7.096759509295225e-05,
    7.06131977494806e-05,
    7.026432285783812e-05,
    6.996464071562514e-05,
    6.967908120714128e-05,
    6.939957529539242e-05,
    6.914171535754576e-05,
    6.889123324071988e-05,
    6.863701128168032e-05,
    6.838842818979174e-05,
    6.814036896685138e-05,
    6.789456529077142e-05,
    6.76394411129877e-05,
    6.737512012477964e-05,
    6.711239257128909e-05,
    6.687424320261925e-05,
    6.668669811915606e-05,
    6.64963445160538e-05,
    6.627392576774582e-05,
    6.605356611544266e-05,
    6.585253868252039e-05,
    6.567419768543914e-05,
    6.55028925393708e-05,
    6.532308179885149e-05,
    6.515465065604076e-05,
    6.49991343379952e-05,
    6.483530160039663e-05,
    6.466342165367678e-05,
    6.449914508266374e-05,
    6.43280945951119e-05,
    6.418931297957897e-05,
    6.405307067325339e-05,
    6.392638897523284e-05,
    6.379100523190573e-05,
    6.365474837366492e-05,
    6.348803435685113e-05,
    6.333908095257357e-05,
    6.323062552837655e-05,
    6.312090408755466e-05,
    6.300696986727417e-05,
    6.290502642514184e-05,
    6.279311492107809e-05,
    6.268106517381966e-05,
    6.260050577111542e-05,
    6.252901948755607e-05,
    6.245457188924775e-05,
    6.236521585378796e-05,
    6.228742859093472e-05
  ],