{
  "config": {
    "p": 97,
    "train_frac": 0.5,
    "data_mode": "fixed",
    "online_batch": 512,
    "label_noise": 0.0,
    "hidden": 256,
    "lr": 0.001,
    "weight_decay": 0.0,
    "steps": 20000,
    "eval_every": 200,
    "seed": 0,
    "boredom_gamma": 2.0,
    "boredom_floor": 0.05,
    "boredom_ema": 0.9,
    "forget_noise": 0.0
  },
  "metrics_version": "rf-metrics-v1",
  "steps_log": [
    0,
    200,
    400,
    600,
    800,
    1000,
    1200,
    1400,
    1600,
    1800,
    2000,
    2200,
    2400,
    2600,
    2800,
    3000,
    3200,
    3400,
    3600,
    3800,
    4000,
    4200,
    4400,
    4600,
    4800,
    5000,
    5200,
    5400,
    5600,
    5800,
    6000,
    6200,
    6400,
    6600,
    6800,
    7000,
    7200,
    7400,
    7600,
    7800,
    8000,
    8200,
    8400,
    8600,
    8800,
    9000,
    9200,
    9400,
    9600,
    9800,
    10000,
    10200,
    10400,
    10600,
    10800,
    11000,
    11200,
    11400,
    11600,
    11800,
    12000,
    12200,
    12400,
    12600,
    12800,
    13000,
    13200,
    13400,
    13600,
    13800,
    14000,
    14200,
    14400,
    14600,
    14800,
    15000,
    15200,
    15400,
    15600,
    15800,
    16000,
    16200,
    16400,
    16600,
    16800,
    17000,
    17200,
    17400,
    17600,
    17800,
    18000,
    18200,
    18400,
    18600,
    18800,
    19000,
    19200,
    19400,
    19600,
    19800,
    20000
  ],
  "train_acc": [
    0.014455782249569893,
    0.41028910875320435,
    0.9989370703697205,
    1.0,
    1.0,
    1.0,
    1.0,
    1.0,
    1.0,
    1.0,
    1.0,
    1.0,
    1.0,
    1.0,
    1.0,
    1.0,
    1.0,
    1.0,
    1.0,
    1.0,
    1.0,
    1.0,
    1.0,
    1.0,
    1.0,
    1.0,
    1.0,
    1.0,
    1.0,
    1.0,
    1.0,
    1.0,
    1.0,
    1.0,
    1.0,
    1.0,
    1.0,
    1.0,
    1.0,
    1.0,
    1.0,
    1.0,
    1.0,
    1.0,
    1.0,
    1.0,
    1.0,
    1.0,
    1.0,
    1.0,
    1.0,
    1.0,
    1.0,
    1.0,
    1.0,
    1.0,
    1.0,
    1.0,
    1.0,
    1.0,
    1.0,
    1.0,
    1.0,
    1.0,
    1.0,
    1.0,
    1.0,
    1.0,
    1.0,
    1.0,
    1.0,
    1.0,
    1.0,
    1.0,
    1.0,
    1.0,
    1.0,
    1.0,
    1.0,
    1.0,
    1.0,
    1.0,
    1.0,
    1.0,
    1.0,
    1.0,
    1.0,
    1.0,
    1.0,
    1.0,
    1.0,
    1.0,
    1.0,
    1.0,
    1.0,
    1.0,
    1.0,
    1.0,
    1.0,
    1.0,
    1.0
  ],
  "val_acc": [
    0.00913921371102333,
    0.0,
    0.0,
    0.0,
    0.0,
    0.0004250796919222921,
    0.0010626992443576455,
    0.0023379384074360132,
    0.004250796977430582,
    0.005313496105372906,
    0.006801275070756674,
    0.007226354908198118,
    0.007863974198698997,
    0.008289054036140442,
    0.008926673792302608,
    0.009564293548464775,
    0.00998937338590622,
    0.01041445229202509,
    0.010839532129466534,
    0.010839532129466534,
    0.010839532129466534,
    0.011264611966907978,
    0.011689691804349422,
    0.011902231723070145,
    0.011902231723070145,
    0.011902231723070145,
    0.011902231723070145,
    0.012752391397953033,
    0.013177471235394478,
    0.013602550141513348,
    0.013390010222792625,
    0.013602550141513348,
    0.013390010222792625,
    0.013390010222792625,
    0.013390010222792625,
    0.013177471235394478,
    0.012964931316673756,
    0.012964931316673756,
    0.012327311560511589,
    0.011902231723070145,
    0.011902231723070145,
    0.011902231723070145,
    0.011689691804349422,
    0.011902231723070145,
    0.011902231723070145,
    0.012539851479232311,
    0.012964931316673756,
    0.012964931316673756,
    0.012964931316673756,
    0.013602550141513348,
    0.013390010222792625,
    0.013390010222792625,
    0.013602550141513348,
    0.013390010222792625,
    0.013602550141513348,
    0.013390010222792625,
    0.013177471235394478,
    0.013177471235394478,
    0.013390010222792625,
    0.013177471235394478,
    0.013602550141513348,
    0.013177471235394478,
    0.014027629978954792,
    0.014027629978954792,
    0.014027629978954792,
    0.014240169897675514,
    0.01487778965383768,
    0.01487778965383768,
    0.01487778965383768,
    0.014665249735116959,
    0.014665249735116959,
    0.014665249735116959,
    0.015515409409999847,
    0.01615302823483944,
    0.015940489247441292,
    0.01615302823483944,
    0.01615302823483944,
    0.015727948397397995,
    0.01615302823483944,
    0.01615302823483944,
    0.017003187909722328,
    0.01764080673456192,
    0.01764080673456192,
    0.01827842742204666,
    0.01912858709692955,
    0.018916046246886253,
    0.019341126084327698,
    0.019341126084327698,
    0.020403826609253883,
    0.021041445434093475,
    0.021253984421491623,
    0.02231668494641781,
    0.0229543037712574,
    0.02380446344614029,
    0.02380446344614029,
    0.023379383608698845,
    0.02380446344614029,
    0.024017002433538437,
    0.023591922596096992,
    0.024017002433538437,
    0.024654623121023178
  ],
  "train_loss": [
    4.573684215545654,
    3.104398488998413,
    1.0611385107040405,
    0.133158877491951,
    0.01598658226430416,
    0.0021045231260359287,
    0.0002795343170873821,
    3.9224280044436455e-05,
    6.943939752090955e-06,
    1.9960186818934744e-06,
    9.300550800617202e-07,
    5.718700322177028e-07,
    4.0410526480627595e-07,
    3.085655180257163e-07,
    2.4698420020285994e-07,
    2.0514437437668676e-07,
    1.7511396777081245e-07,
    1.5159649535689823e-07,
    1.3446522473259392e-07,
    1.1953872558478906e-07,
    1.077799822724046e-07,
    9.891025598562919e-08,
    9.285349023002709e-08,
    8.702480158717663e-08,
    8.276732899048511e-08,
    7.93207988181166e-08,
    7.678659130760934e-08,
    7.589961370513265e-08,
    7.496196019474155e-08,
    7.382156042012866e-08,
    7.559550851965469e-08,
    7.392293355223956e-08,
    7.508867128080965e-08,
    7.516469224810862e-08,
    7.465785500926359e-08,
    7.597564177785898e-08,
    7.668521817549845e-08,
    7.823108916227284e-08,
    7.858587736109257e-08,
    8.081598679154922e-08,
    7.886464459261333e-08,
    8.157624620253046e-08,
    8.350225044750914e-08,
    8.45919601033529e-08,
    8.49720933615572e-08,
    8.659398531563056e-08,
    8.61631690440845e-08,
    8.824122232908849e-08,
    8.960969921645301e-08,
    8.884943270004442e-08,
    9.298020131609519e-08,
    9.358841168705112e-08,
    9.409524892589616e-08,
    9.295485625671063e-08,
    9.498222652837285e-08,
    9.71109628267186e-08,
    9.614796425694294e-08,
    9.652809751514724e-08,
    9.792191235646897e-08,
    1.0027872576756636e-07,
    1.0040543685363446e-07,
    9.979722648267852e-08,
    1.0076022505245419e-07,
    1.0167254060888808e-07,
    1.0304101749625261e-07,
    1.046375643909414e-07,
    1.0390264293391738e-07,
    1.0557522500675987e-07,
    1.0727314503355956e-07,
    1.0734916600085853e-07,
    1.0851490372942862e-07,
    1.0968064145799872e-07,
    1.1006077471620301e-07,
    1.1061830207381718e-07,
    1.1092240725929514e-07,
    1.1256964427275307e-07,
    1.1310182657098267e-07,
    1.1297511548491457e-07,
    1.1256964427275307e-07,
    1.1393812116011759e-07,
    1.1515454190202945e-07,
    1.1409017020014289e-07,
    1.1632027963059954e-07,
    1.1550933010084918e-07,
    1.1502783081596135e-07,
    1.1535727395539652e-07,
    1.1606685745846335e-07,
    1.1586411829966892e-07,
    1.1624425155787321e-07,
    1.1533193600143932e-07,
    1.1614287842576232e-07,
    1.1548398504146462e-07,
    1.144956414123044e-07,
    1.1578809022694259e-07,
    1.1474906358444059e-07,
    1.1523056286932842e-07,
    1.1497714780261958e-07,
    1.1492645768385046e-07,
    1.1363401597463962e-07,
    1.1327922067039253e-07,
    1.1325388271643533e-07
  ],