{
  "config": {
    "p": 97,
    "train_frac": 0.5,
    "data_mode": "fixed",
    "online_batch": 512,
    "label_noise": 0.0,
    "hidden": 256,
    "lr": 0.001,
    "weight_decay": 0.0,
    "steps": 20000,
    "eval_every": 200,
    "seed": 0,
    "boredom_gamma": 0.0,
    "boredom_floor": 0.05,
    "boredom_ema": 0.9,
    "forget_noise": 0.003
  },
  "metrics_version": "rf-metrics-v1",
  "steps_log": [
    0,
    200,
    400,
    600,
    800,
    1000,
    1200,
    1400,
    1600,
    1800,
    2000,
    2200,
    2400,
    2600,
    2800,
    3000,
    3200,
    3400,
    3600,
    3800,
    4000,
    4200,
    4400,
    4600,
    4800,
    5000,
    5200,
    5400,
    5600,
    5800,
    6000,
    6200,
    6400,
    6600,
    6800,
    7000,
    7200,
    7400,
    7600,
    7800,
    8000,
    8200,
    8400,
    8600,
    8800,
    9000,
    9200,
    9400,
    9600,
    9800,
    10000,
    10200,
    10400,
    10600,
    10800,
    11000,
    11200,
    11400,
    11600,
    11800,
    12000,
    12200,
    12400,
    12600,
    12800,
    13000,
    13200,
    13400,
    13600,
    13800,
    14000,
    14200,
    14400,
    14600,
    14800,
    15000,
    15200,
    15400,
    15600,
    15800,
    16000,
    16200,
    16400,
    16600,
    16800,
    17000,
    17200,
    17400,
    17600,
    17800,
    18000,
    18200,
    18400,
    18600,
    18800,
    19000,
    19200,
    19400,
    19600,
    19800,
    20000
  ],
  "train_acc": [
    0.015093537047505379,
    0.354379266500473,
    0.9547193646430969,
    1.0,
    1.0,
    1.0,
    1.0,
    1.0,
    1.0,
    1.0,
    1.0,
    1.0,
    1.0,
    1.0,
    1.0,
    1.0,
    1.0,
    1.0,
    1.0,
    1.0,
    1.0,
    1.0,
    1.0,
    1.0,
    1.0,
    1.0,
    1.0,
    1.0,
    1.0,
    1.0,
    1.0,
    1.0,
    1.0,
    1.0,
    1.0,
    1.0,
    1.0,
    1.0,
    1.0,
    1.0,
    1.0,
    1.0,
    1.0,
    1.0,
    1.0,
    1.0,
    1.0,
    1.0,
    1.0,
    1.0,
    1.0,
    1.0,
    1.0,
    1.0,
    1.0,
    1.0,
    1.0,
    1.0,
    1.0,
    1.0,
    1.0,
    1.0,
    1.0,
    1.0,
    1.0,
    1.0,
    1.0,
    1.0,
    1.0,
    1.0,
    1.0,
    1.0,
    1.0,
    1.0,
    1.0,
    1.0,
    1.0,
    1.0,
    1.0,
    1.0,
    1.0,
    1.0,
    1.0,
    1.0,
    1.0,
    1.0,
    1.0,
    1.0,
    1.0,
    1.0,
    1.0,
    1.0,
    1.0,
    1.0,
    1.0,
    1.0,
    1.0,
    1.0,
    1.0,
    1.0,
    1.0
  ],
  "val_acc": [
    0.009351753629744053,
    0.0,
    0.0,
    0.0,
    0.0,
    0.00021253984596114606,
    0.0010626992443576455,
    0.0017003187676891685,
    0.0031880978494882584,
    0.004888416733592749,
    0.006801275070756674,
    0.007651434745639563,
    0.008714133873581886,
    0.010626992210745811,
    0.010626992210745811,
    0.010839532129466534,
    0.0114771518856287,
    0.012752391397953033,
    0.012964931316673756,
    0.013177471235394478,
    0.014240169897675514,
    0.01487778965383768,
    0.01487778965383768,
    0.01615302823483944,
    0.017215728759765625,
    0.015302869491279125,
    0.014665249735116959,
    0.016578108072280884,
    0.01827842742204666,
    0.01679064892232418,
    0.017853347584605217,
    0.01912858709692955,
    0.017853347584605217,
    0.018703507259488106,
    0.018065886572003365,
    0.01912858709692955,
    0.021041445434093475,
    0.02061636559665203,
    0.019553666934370995,
    0.020191285759210587,
    0.02061636559665203,
    0.021253984421491623,
    0.018916046246886253,
    0.02082890458405018,
    0.021041445434093475,
    0.01997874677181244,
    0.01997874677181244,
    0.020403826609253883,
    0.02082890458405018,
    0.0229543037712574,
    0.025079702958464622,
    0.023166844621300697,
    0.023591922596096992,
    0.024867162108421326,
    0.025717321783304214,
    0.02592986263334751,
    0.024654623121023178,
    0.02444208227097988,
    0.024867162108421326,
    0.02444208227097988,
    0.025079702958464622,
    0.02444208227097988,
    0.02592986263334751,
    0.025717321783304214,
    0.026567481458187103,
    0.026992561295628548,
    0.02848033979535103,
    0.02996811829507351,
    0.029330499470233917,
    0.028692880645394325,
    0.02848033979535103,
    0.029543038457632065,
    0.028905419632792473,
    0.02848033979535103,
    0.02826780080795288,
    0.027205100283026695,
    0.028692880645394325,
    0.027842720970511436,
    0.02763018012046814,
    0.02826780080795288,
    0.027842720970511436,
    0.029543038457632065,
    0.031030818819999695,
    0.031243357807397842,
    0.031668439507484436,
    0.031880978494882584,
    0.034006375819444656,
    0.03230605646967888,
    0.03315621614456177,
    0.03230605646967888,
    0.03060573898255825,
    0.031668439507484436,
    0.02996811829507351,
    0.029543038457632065,
    0.03060573898255825,
    0.02911796048283577,
    0.03060573898255825,
    0.029330499470233917,
    0.028905419632792473,
    0.030180659145116806,
    0.029543038457632065
  ],
  "train_loss": [
    4.573805809020996,
    3.187991142272949,
    1.3172204494476318,
    0.24279873073101044,
    0.03596469387412071,
    0.005672249477356672,
    0.0008976838435046375,
    0.00014170861686579883,
    2.3657821657252498e-05,
    5.223980679147644e-06,
    1.8896831761594512e-06,
    1.041965560943936e-06,
    7.227820901789528e-07,
    5.584893187915441e-07,
    4.6599069492003764e-07,
    4.030916045394406e-07,
    3.567155317796278e-07,
    3.2430295959784416e-07,
    2.9637595844178577e-07,
    2.796248281811131e-07,
    2.5864156327770615e-07,
    2.436897261759441e-07,
    2.306131818841095e-07,
    2.1885443857172504e-07,
    2.0955388890797622e-07,
    1.9695887942816626e-07,
    1.8798776579842524e-07,
    1.8618847263951466e-07,
    1.8114539557245735e-07,
    1.7440439137317298e-07,
    1.6804352753752028e-07,
    1.617840297285511e-07,
    1.6031418681450305e-07,
    1.5311702838971541e-07,
    1.5139376330353116e-07,
    1.4716162866079685e-07,
    1.441205768060172e-07,
    1.4505822321098094e-07,
    1.3829188105773937e-07,
    1.401925402433335e-07,
    1.3641657403695717e-07,
    1.3223511530213727e-07,
    1.29928992009809e-07,
    1.2747079836117337e-07,
    1.2534206916825497e-07,
    1.249112528967089e-07,
    1.2022296402847132e-07,
    1.194120073932936e-07,
    1.2103390645279433e-07,
    1.1895585316779034e-07,
    1.1951338763083186e-07,
    1.1517987985598666e-07,
    1.1566137914087449e-07,
    1.1350730488857153e-07,
    1.1153061763025107e-07,
    1.1431824731289453e-07,
    1.0848956577547142e-07,
    1.05169746689171e-07,
    1.0537248584796544e-07,
    1.0691835683473982e-07,
    1.046375643909414e-07,
    1.0190062482706708e-07,
    1.0311704556897894e-07,
    9.746575102553834e-08,
    1.0083625312518052e-07,
    9.579317605812321e-08,
    9.68322027006252e-08,
    9.78712293431272e-08,
    9.703493475399227e-08,
    9.574248593935408e-08,
    9.668014655517254e-08,
    9.756712415764923e-08,
    9.695890668126594e-08,
    9.498222652837285e-08,
    9.20678857596613e-08,
    8.839327847454115e-08,
    9.133296430263727e-08,
    9.396853783982806e-08,
    9.424730507134882e-08,
    9.594522509814851e-08,
    9.361374964100833e-08,
    8.955901620311124e-08,
    8.56309867458549e-08,
    9.059804284561324e-08,
    9.095283104443297e-08,
    8.760767400417535e-08,
    9.368977771373466e-08,
    8.735425183203915e-08,
    8.791177918965332e-08,
    9.17130904554142e-08,
    9.20678857596613e-08,
    8.370498250087621e-08,
    8.816519425636216e-08,
    8.276732899048511e-08,
    8.400909479178154e-08,
    8.309677212992028e-08,
    8.915353788552238e-08,
    8.760767400417535e-08,
    9.09274859850484e-08,
    9.123159117052637e-08,
    8.981243126982008e-08
  ],