{
  "config": {
    "p": 97,
    "train_frac": 0.5,
    "data_mode": "fixed",
    "online_batch": 512,
    "label_noise": 0.0,
    "hidden": 256,
    "lr": 0.001,
    "weight_decay": 1.0,
    "steps": 20000,
    "eval_every": 200,
    "seed": 0,
    "boredom_gamma": 2.0,
    "boredom_floor": 0.05,
    "boredom_ema": 0.9,
    "forget_noise": 0.0
  },
  "metrics_version": "rf-metrics-v1",
  "steps_log": [
    0,
    200,
    400,
    600,
    800,
    1000,
    1200,
    1400,
    1600,
    1800,
    2000,
    2200,
    2400,
    2600,
    2800,
    3000,
    3200,
    3400,
    3600,
    3800,
    4000,
    4200,
    4400,
    4600,
    4800,
    5000,
    5200,
    5400,
    5600,
    5800,
    6000,
    6200,
    6400,
    6600,
    6800,
    7000,
    7200,
    7400,
    7600,
    7800,
    8000,
    8200,
    8400,
    8600,
    8800,
    9000,
    9200,
    9400,
    9600,
    9800,
    10000,
    10200,
    10400,
    10600,
    10800,
    11000,
    11200,
    11400,
    11600,
    11800,
    12000,
    12200,
    12400,
    12600,
    12800,
    13000,
    13200,
    13400,
    13600,
    13800,
    14000,
    14200,
    14400,
    14600,
    14800,
    15000,
    15200,
    15400,
    15600,
    15800,
    16000,
    16200,
    16400,
    16600,
    16800,
    17000,
    17200,
    17400,
    17600,
    17800,
    18000,
    18200,
    18400,
    18600,
    18800,
    19000,
    19200,
    19400,
    19600,
    19800,
    20000
  ],
  "train_acc": [
    0.014455782249569893,
    0.35246598720550537,
    0.9638605713844299,
    1.0,
    1.0,
    1.0,
    1.0,
    1.0,
    1.0,
    1.0,
    1.0,
    1.0,
    1.0,
    1.0,
    1.0,
    1.0,
    1.0,
    1.0,
    1.0,
    1.0,
    1.0,
    1.0,
    1.0,
    1.0,
    1.0,
    1.0,
    1.0,
    1.0,
    1.0,
    1.0,
    1.0,
    1.0,
    1.0,
    1.0,
    1.0,
    1.0,
    1.0,
    1.0,
    1.0,
    1.0,
    1.0,
    1.0,
    1.0,
    1.0,
    1.0,
    1.0,
    1.0,
    1.0,
    1.0,
    1.0,
    1.0,
    1.0,
    1.0,
    1.0,
    1.0,
    1.0,
    1.0,
    1.0,
    1.0,
    1.0,
    1.0,
    1.0,
    1.0,
    1.0,
    1.0,
    1.0,
    1.0,
    1.0,
    1.0,
    1.0,
    1.0,
    1.0,
    1.0,
    1.0,
    1.0,
    1.0,
    1.0,
    1.0,
    1.0,
    1.0,
    1.0,
    1.0,
    1.0,
    1.0,
    1.0,
    1.0,
    1.0,
    1.0,
    1.0,
    1.0,
    1.0,
    1.0,
    1.0,
    1.0,
    1.0,
    1.0,
    1.0,
    1.0,
    1.0,
    1.0,
    1.0
  ],
  "val_acc": [
    0.00913921371102333,
    0.0,
    0.0,
    0.0,
    0.0004250796919222921,
    0.004463336896151304,
    0.018065886572003365,
    0.04909670725464821,
    0.10903294384479523,
    0.20488841831684113,
    0.3262486755847931,
    0.4499468505382538,
    0.5751328468322754,
    0.6892667412757874,
    0.776620626449585,
    0.8431456089019775,
    0.8903294205665588,
    0.9183846712112427,
    0.9419766068458557,
    0.9574920535087585,
    0.9687566161155701,
    0.976620614528656,
    0.9817215800285339,
    0.9870350956916809,
    0.9906482696533203,
    0.9931987524032593,
    0.9938363432884216,
    0.9955366849899292,
    0.9961742758750916,
    0.9963868260383606,
    0.997236967086792,
    0.9976620674133301,
    0.9980871677398682,
    0.9980871677398682,
    0.9982996582984924,
    0.9989373087882996,
    0.9989373087882996,
    0.9989373087882996,
    0.9993624091148376,
    0.9993624091148376,
    0.9993624091148376,
    0.9995748996734619,
    0.9995748996734619,
    0.9995748996734619,
    0.999787449836731,
    0.999787449836731,
    0.999787449836731,
    0.999787449836731,
    0.999787449836731,
    0.999787449836731,
    0.999787449836731,
    0.999787449836731,
    0.999787449836731,
    0.999787449836731,
    0.999787449836731,
    0.999787449836731,
    0.999787449836731,
    0.999787449836731,
    0.999787449836731,
    1.0,
    1.0,
    1.0,
    1.0,
    1.0,
    1.0,
    1.0,
    1.0,
    1.0,
    1.0,
    1.0,
    1.0,
    1.0,
    1.0,
    1.0,
    1.0,
    1.0,
    1.0,
    1.0,
    1.0,
    1.0,
    1.0,
    1.0,
    1.0,
    1.0,
    1.0,
    1.0,
    1.0,
    1.0,
    1.0,
    1.0,
    1.0,
    1.0,
    1.0,
    1.0,
    1.0,
    1.0,
    1.0,
    1.0,
    1.0,
    1.0,
    1.0
  ],
  "train_loss": [
    4.573683738708496,
    3.2978055477142334,
    1.6874109506607056,
    0.5627046227455139,
    0.15802080929279327,
    0.047080252319574356,
    0.014759181998670101,
    0.004658662714064121,
    0.0014988823095336556,
    0.0005001093377359211,
    0.00018007811740972102,
    7.464339432772249e-05,
    3.8810820115031675e-05,
    2.6100700779352337e-05,
    2.136048351530917e-05,
    1.9466784578980878e-05,
    1.8571568944025785e-05,
    1.7967096937354654e-05,
    1.7500809917692095e-05,
    1.7086626030504704e-05,
    1.6725101886549965e-05,
    1.6383321053581312e-05,
    1.609070022823289e-05,
    1.5827072274987586e-05,
    1.5580142644466832e-05,
    1.5352674381574616e-05,
    1.5141705262067262e-05,
    1.494289972470142e-05,
    1.4755828487977851e-05,
    1.4569819541065954e-05,
    1.4396989172382746e-05,
    1.4227453903004061e-05,
    1.4063415619602893e-05,
    1.3899886653234717e-05,
    1.3737473636865616e-05,
    1.3592214600066654e-05,
    1.3460105947160628e-05,
    1.3331143236428034e-05,
    1.3219055290392134e-05,
    1.3114393368596211e-05,
    1.3013761417823844e-05,
    1.2916477317048702e-05,
    1.2825195881305262e-05,
    1.2751552276313305e-05,
    1.267823790840339e-05,
    1.2615721061592922e-05,
    1.2560272807604633e-05,
    1.2502341633080505e-05,
    1.2447780136426445e-05,
    1.2399757906678133e-05,
    1.2350315046205651e-05,
    1.2308830264373682e-05,
    1.2271551895537414e-05,
    1.2235997928655706e-05,
    1.2204623999423347e-05,
    1.2179130862932652e-05,
    1.2147631423431449e-05,
    1.2122517546231393e-05,
    1.209831862070132e-05,
    1.2078702638973482e-05,
    1.2060583685524762e-05,
    1.2039346984238364e-05,
    1.2018745110253803e-05,
    1.1998219633824192e-05,
    1.1976855603279546e-05,
    1.1957064089074265e-05,
    1.1935624570469372e-05,
    1.1914439710380975e-05,
    1.1896269825228956e-05,
    1.1873081348312553e-05,
    1.1854531294375192e-05,
    1.1839528269774746e-05,
    1.1824754437839147e-05,
    1.1810919204435777e-05,
    1.1799462299677543e-05,
    1.1787021321651991e-05,
    1.1777518011513166e-05,
    1.1766747775254771e-05,
    1.1750959856726695e-05,
    1.1739808542188257e-05,
    1.1728177014447283e-05,
    1.1720194379449822e-05,
    1.1708968486345839e-05,
    1.170260838989634e-05,
    1.1694016393448692e-05,
    1.1688846825563814e-05,
    1.1683246157190297e-05,
    1.167807658930542e-05,
    1.1673590961436275e-05,
    1.1668194019875955e-05,
    1.1664037629088853e-05,
    1.166165566246491e-05,
    1.1656890819722321e-05,
    1.1652633475023322e-05,
    1.1648452527879272e-05,
    1.1642395293165464e-05,
    1.1637301213340834e-05,
    1.1629268556134775e-05,
    1.1622476449701935e-05,
    1.1615506991802249e-05,
    1.1606409316300415e-05
  ],