{
  "config": {
    "p": 97,
    "train_frac": 0.5,
    "data_mode": "fixed",
    "online_batch": 512,
    "label_noise": 0.0,
    "hidden": 256,
    "lr": 0.001,
    "weight_decay": 0.0,
    "steps": 20000,
    "eval_every": 200,
    "seed": 0,
    "boredom_gamma": 0.0,
    "boredom_floor": 0.05,
    "boredom_ema": 0.9,
    "forget_noise": 0.01
  },
  "metrics_version": "rf-metrics-v1",
  "steps_log": [
    0,
    200,
    400,
    600,
    800,
    1000,
    1200,
    1400,
    1600,
    1800,
    2000,
    2200,
    2400,
    2600,
    2800,
    3000,
    3200,
    3400,
    3600,
    3800,
    4000,
    4200,
    4400,
    4600,
    4800,
    5000,
    5200,
    5400,
    5600,
    5800,
    6000,
    6200,
    6400,
    6600,
    6800,
    7000,
    7200,
    7400,
    7600,
    7800,
    8000,
    8200,
    8400,
    8600,
    8800,
    9000,
    9200,
    9400,
    9600,
    9800,
    10000,
    10200,
    10400,
    10600,
    10800,
    11000,
    11200,
    11400,
    11600,
    11800,
    12000,
    12200,
    12400,
    12600,
    12800,
    13000,
    13200,
    13400,
    13600,
    13800,
    14000,
    14200,
    14400,
    14600,
    14800,
    15000,
    15200,
    15400,
    15600,
    15800,
    16000,
    16200,
    16400,
    16600,
    16800,
    17000,
    17200,
    17400,
    17600,
    17800,
    18000,
    18200,
    18400,
    18600,
    18800,
    19000,
    19200,
    19400,
    19600,
    19800,
    20000
  ],
  "train_acc": [
    0.012967687100172043,
    0.1547619104385376,
    0.5174319744110107,
    0.8205782175064087,
    0.9706632494926453,
    0.9982993006706238,
    1.0,
    1.0,
    1.0,
    1.0,
    1.0,
    1.0,
    1.0,
    1.0,
    1.0,
    1.0,
    1.0,
    1.0,
    1.0,
    1.0,
    1.0,
    1.0,
    1.0,
    1.0,
    1.0,
    1.0,
    1.0,
    1.0,
    1.0,
    1.0,
    1.0,
    1.0,
    1.0,
    1.0,
    1.0,
    1.0,
    1.0,
    1.0,
    1.0,
    1.0,
    1.0,
    1.0,
    1.0,
    1.0,
    1.0,
    1.0,
    1.0,
    1.0,
    1.0,
    1.0,
    1.0,
    1.0,
    1.0,
    1.0,
    1.0,
    1.0,
    1.0,
    1.0,
    1.0,
    1.0,
    1.0,
    1.0,
    1.0,
    1.0,
    1.0,
    1.0,
    1.0,
    1.0,
    1.0,
    1.0,
    1.0,
    1.0,
    1.0,
    1.0,
    1.0,
    1.0,
    1.0,
    1.0,
    1.0,
    1.0,
    1.0,
    1.0,
    1.0,
    1.0,
    1.0,
    1.0,
    1.0,
    1.0,
    1.0,
    1.0,
    1.0,
    1.0,
    1.0,
    1.0,
    1.0,
    1.0,
    1.0,
    1.0,
    1.0,
    1.0,
    1.0
  ],
  "val_acc": [
    0.010201913304626942,
    0.0,
    0.0,
    0.0,
    0.00021253984596114606,
    0.0,
    0.00021253984596114606,
    0.0004250796919222921,
    0.00021253984596114606,
    0.0,
    0.0006376195815391839,
    0.00021253984596114606,
    0.0004250796919222921,
    0.00021253984596114606,
    0.0017003187676891685,
    0.002125398488715291,
    0.002763018012046814,
    0.0038257173728197813,
    0.003400637535378337,
    0.0038257173728197813,
    0.0046758768148720264,
    0.00573857594281435,
    0.00573857594281435,
    0.007226354908198118,
    0.008501593954861164,
    0.008714133873581886,
    0.00743889482691884,
    0.008289054036140442,
    0.007863974198698997,
    0.007013814989477396,
    0.007226354908198118,
    0.0061636557802557945,
    0.005951115861535072,
    0.007863974198698997,
    0.009351753629744053,
    0.009351753629744053,
    0.008501593954861164,
    0.010201913304626942,
    0.009776833467185497,
    0.010626992210745811,
    0.0114771518856287,
    0.01041445229202509,
    0.008501593954861164,
    0.010626992210745811,
    0.01041445229202509,
    0.011902231723070145,
    0.010626992210745811,
    0.01041445229202509,
    0.010839532129466534,
    0.011052072048187256,
    0.010626992210745811,
    0.012964931316673756,
    0.014027629978954792,
    0.015515409409999847,
    0.015515409409999847,
    0.014452709816396236,
    0.013177471235394478,
    0.01487778965383768,
    0.014027629978954792,
    0.014665249735116959,
    0.016578108072280884,
    0.015090329572558403,
    0.015940489247441292,
    0.014452709816396236,
    0.01487778965383768,
    0.01849096640944481,
    0.01827842742204666,
    0.016365569084882736,
    0.016365569084882736,
    0.018065886572003365,
    0.017215728759765625,
    0.020191285759210587,
    0.01827842742204666,
    0.018703507259488106,
    0.01912858709692955,
    0.019766205921769142,
    0.020403826609253883,
    0.0229543037712574,
    0.02380446344614029,
    0.020403826609253883,
    0.021041445434093475,
    0.021891605108976364,
    0.022529223933815956,
    0.023166844621300697,
    0.021253984421491623,
    0.0229543037712574,
    0.022529223933815956,
    0.02380446344614029,
    0.021253984421491623,
    0.025504782795906067,
    0.023379383608698845,
    0.024017002433538437,
    0.027205100283026695,
    0.02678002044558525,
    0.026567481458187103,
    0.02678002044558525,
    0.02678002044558525,
    0.02614240162074566,
    0.02614240162074566,
    0.02592986263334751,
    0.030818277969956398
  ],
  "train_loss": [
    4.574154853820801,
    3.4980356693267822,
    2.3696823120117188,
    1.3912051916122437,
    0.6974694132804871,
    0.31616783142089844,
    0.13822828233242035,
    0.060544151812791824,
    0.026604395359754562,
    0.011136024259030819,
    0.004607731942087412,
    0.001899678842164576,
    0.0007857384043745697,
    0.00030300416983664036,
    0.00012552199768833816,
    4.970524969394319e-05,
    2.2727994291926734e-05,
    1.14545564429136e-05,
    6.649586794083007e-06,
    4.988865839550272e-06,
    3.522879751471919e-06,
    2.929752781710704e-06,
    2.567721367086051e-06,
    2.264275963170803e-06,
    2.0827262687816983e-06,
    1.8111115878127748e-06,
    1.5536156752204988e-06,
    1.6211250795095111e-06,
    1.4702646922160056e-06,
    1.5048307204779121e-06,
    1.3954556834505638e-06,
    1.305414457419829e-06,
    1.291651983592601e-06,
    1.2199371894894284e-06,
    1.2745731510221958e-06,
    1.1155525498907082e-06,
    1.1668430488498416e-06,
    9.816473038881668e-07,
    1.0512864037082181e-06,
    9.630186923459405e-07,
    9.481451002102403e-07,
    8.72068255830527e-07,
    9.022994049701083e-07,
    8.926710961532081e-07,
    8.734352263672918e-07,
    9.397047620041121e-07,
    8.885634201760695e-07,
    7.947239168970555e-07,
    8.434821552327776e-07,
    8.323302722601511e-07,
    8.289592301480297e-07,
    7.267060482263332e-07,
    8.373457376364968e-07,
    7.230302117022802e-07,
    7.490052098546585e-07,
    6.653029345216055e-07,
    6.640847800554184e-07,
    5.965500236015941e-07,
    6.941673404980975e-07,
    6.214867198650609e-07,
    6.313945846159186e-07,
    6.272377959248843e-07,
    5.838526249135612e-07,
    5.6826803529475e-07,
    6.376034775712469e-07,
    5.457391125673894e-07,
    5.659862267748395e-07,
    5.862361831532326e-07,
    4.6935934960856684e-07,
    5.34893047188234e-07,
    5.791883950223564e-07,
    5.517186423276144e-07,
    4.86515375541785e-07,
    5.916072609579714e-07,
    5.513624614650325e-07,
    5.318960347722168e-07,
    4.718413890714146e-07,
    4.962212756254303e-07,
    6.148450211185263e-07,
    6.056444021851348e-07,
    4.868438736593816e-07,
    4.3403142058195954e-07,
    5.026828375775949e-07,
    4.2118350052078313e-07,
    5.063816388428677e-07,
    3.6124995972386387e-07,
    4.829410613638174e-07,
    4.266812538844533e-07,
    5.124381914356491e-07,
    4.2103104647139844e-07,
    4.826363806387235e-07,
    4.658605519125558e-07,
    5.198346570978174e-07,
    4.239705049258191e-07,
    4.0265848610943067e-07,
    4.6993929458949424e-07,
    4.3281460193611565e-07,
    4.769598831444455e-07,
    4.2794926002898137e-07,
    3.8631279153378273e-07,
    4.012130432329286e-07
  ],