{
  "config": {
    "p": 97,
    "train_frac": 0.5,
    "data_mode": "fixed",
    "online_batch": 512,
    "label_noise": 0.0,
    "hidden": 256,
    "lr": 0.001,
    "weight_decay": 0.0,
    "steps": 20000,
    "eval_every": 200,
    "seed": 0,
    "boredom_gamma": 0.0,
    "boredom_floor": 0.05,
    "boredom_ema": 0.9,
    "forget_noise": 0.03
  },
  "metrics_version": "rf-metrics-v1",
  "steps_log": [
    0,
    200,
    400,
    600,
    800,
    1000,
    1200,
    1400,
    1600,
    1800,
    2000,
    2200,
    2400,
    2600,
    2800,
    3000,
    3200,
    3400,
    3600,
    3800,
    4000,
    4200,
    4400,
    4600,
    4800,
    5000,
    5200,
    5400,
    5600,
    5800,
    6000,
    6200,
    6400,
    6600,
    6800,
    7000,
    7200,
    7400,
    7600,
    7800,
    8000,
    8200,
    8400,
    8600,
    8800,
    9000,
    9200,
    9400,
    9600,
    9800,
    10000,
    10200,
    10400,
    10600,
    10800,
    11000,
    11200,
    11400,
    11600,
    11800,
    12000,
    12200,
    12400,
    12600,
    12800,
    13000,
    13200,
    13400,
    13600,
    13800,
    14000,
    14200,
    14400,
    14600,
    14800,
    15000,
    15200,
    15400,
    15600,
    15800,
    16000,
    16200,
    16400,
    16600,
    16800,
    17000,
    17200,
    17400,
    17600,
    17800,
    18000,
    18200,
    18400,
    18600,
    18800,
    19000,
    19200,
    19400,
    19600,
    19800,
    20000
  ],
  "train_acc": [
    0.009141156449913979,
    0.03401360660791397,
    0.04124149680137634,
    0.04336734861135483,
    0.05378401279449463,
    0.06483843177556992,
    0.07653061300516129,
    0.07546768337488174,
    0.09247449040412903,
    0.096726194024086,
    0.11139455437660217,
    0.13052721321582794,
    0.12563775479793549,
    0.13966836035251617,
    0.15263605117797852,
    0.16347789764404297,
    0.1702806055545807,
    0.19536565244197845,
    0.20599490404129028,
    0.21747449040412903,
    0.2395833283662796,
    0.2431972771883011,
    0.25,
    0.2672193944454193,
    0.2827380895614624,
    0.2914540767669678,
    0.31653910875320435,
    0.3227040767669678,
    0.3237670063972473,
    0.34034863114356995,
    0.3609693944454193,
    0.36734694242477417,
    0.3818027079105377,
    0.3871173560619354,
    0.4011479616165161,
    0.42134353518486023,
    0.42984694242477417,
    0.4389880895614624,
    0.4436649680137634,
    0.462797611951828,
    0.47363945841789246,
    0.4883078336715698,
    0.49277210235595703,
    0.49128401279449463,
    0.5125425457954407,
    0.5340136289596558,
    0.5382652878761292,
    0.5457057952880859,
    0.5474064350128174,
    0.5607993006706238,
    0.5807822942733765,
    0.586522102355957,
    0.5888605713844299,
    0.5948129296302795,
    0.6205357313156128,
    0.6305271983146667,
    0.644345223903656,
    0.6598639488220215,
    0.6611394286155701,
    0.6605017185211182,
    0.6628401279449463,
    0.682823121547699,
    0.6864370703697205,
    0.6877126097679138,
    0.6783588528633118,
    0.6877126097679138,
    0.7053571343421936,
    0.6998299360275269,
    0.7062074542045593,
    0.7172619104385376,
    0.7217261791229248,
    0.7247023582458496,
    0.728741466999054,
    0.7240646481513977,
    0.742772102355957,
    0.7687074542045593,
    0.7623299360275269,
    0.7616921663284302,
    0.7446853518486023,
    0.7548894286155701,
    0.7704081535339355,
    0.7857142686843872,
    0.785926878452301,
    0.7882652878761292,
    0.7865646481513977,
    0.7903911471366882,
    0.8016581535339355,
    0.7893282175064087,
    0.805272102355957,
    0.800595223903656,
    0.7993197441101074,
    0.7993197441101074,
    0.8082482814788818,
    0.8073979616165161,
    0.8129251599311829,
    0.8101615905761719,
    0.8086734414100647,
    0.8205782175064087,
    0.8284438848495483,
    0.8273809552192688,
    0.824617326259613
  ],
  "val_acc": [
    0.010626992210745811,
    0.00403825705870986,
    0.0023379384074360132,
    0.00403825705870986,
    0.002975557930767536,
    0.002125398488715291,
    0.003400637535378337,
    0.004463336896151304,
    0.002125398488715291,
    0.0025504783261567354,
    0.0023379384074360132,
    0.00403825705870986,
    0.003400637535378337,
    0.0025504783261567354,
    0.0017003187676891685,
    0.0025504783261567354,
    0.003400637535378337,
    0.0031880978494882584,
    0.002763018012046814,
    0.003400637535378337,
    0.0023379384074360132,
    0.0038257173728197813,
    0.002763018012046814,
    0.0023379384074360132,
    0.0023379384074360132,
    0.0023379384074360132,
    0.0023379384074360132,
    0.0019128586864098907,
    0.002125398488715291,
    0.0025504783261567354,
    0.002125398488715291,
    0.002125398488715291,
    0.002125398488715291,
    0.0012752391630783677,
    0.0012752391630783677,
    0.0010626992443576455,
    0.001487778965383768,
    0.002125398488715291,
    0.0017003187676891685,
    0.002763018012046814,
    0.0031880978494882584,
    0.0017003187676891685,
    0.0006376195815391839,
    0.001487778965383768,
    0.001487778965383768,
    0.0017003187676891685,
    0.0008501593838445842,
    0.0006376195815391839,
    0.0017003187676891685,
    0.001487778965383768,
    0.001487778965383768,
    0.0019128586864098907,
    0.001487778965383768,
    0.0023379384074360132,
    0.0012752391630783677,
    0.0006376195815391839,
    0.001487778965383768,
    0.0006376195815391839,
    0.0010626992443576455,
    0.0006376195815391839,
    0.0012752391630783677,
    0.0012752391630783677,
    0.0012752391630783677,
    0.0008501593838445842,
    0.0006376195815391839,
    0.00021253984596114606,
    0.0008501593838445842,
    0.0017003187676891685,
    0.001487778965383768,
    0.001487778965383768,
    0.0008501593838445842,
    0.002125398488715291,
    0.0019128586864098907,
    0.0025504783261567354,
    0.002763018012046814,
    0.002125398488715291,
    0.0017003187676891685,
    0.0025504783261567354,
    0.002125398488715291,
    0.0025504783261567354,
    0.003400637535378337,
    0.0031880978494882584,
    0.003400637535378337,
    0.003400637535378337,
    0.002125398488715291,
    0.002763018012046814,
    0.0019128586864098907,
    0.0017003187676891685,
    0.0017003187676891685,
    0.0019128586864098907,
    0.0025504783261567354,
    0.0017003187676891685,
    0.001487778965383768,
    0.002125398488715291,
    0.002763018012046814,
    0.002763018012046814,
    0.002125398488715291,
    0.002125398488715291,
    0.003400637535378337,
    0.002125398488715291,
    0.0023379384074360132
  ],