{
  "config": {
    "p": 97,
    "train_frac": 0.5,
    "data_mode": "fixed",
    "online_batch": 512,
    "label_noise": 0.0,
    "hidden": 256,
    "lr": 0.001,
    "weight_decay": 0.0,
    "steps": 20000,
    "eval_every": 200,
    "seed": 0,
    "boredom_gamma": 4.0,
    "boredom_floor": 0.05,
    "boredom_ema": 0.9,
    "forget_noise": 0.0
  },
  "metrics_version": "rf-metrics-v1",
  "steps_log": [
    0,
    200,
    400,
    600,
    800,
    1000,
    1200,
    1400,
    1600,
    1800,
    2000,
    2200,
    2400,
    2600,
    2800,
    3000,
    3200,
    3400,
    3600,
    3800,
    4000,
    4200,
    4400,
    4600,
    4800,
    5000,
    5200,
    5400,
    5600,
    5800,
    6000,
    6200,
    6400,
    6600,
    6800,
    7000,
    7200,
    7400,
    7600,
    7800,
    8000,
    8200,
    8400,
    8600,
    8800,
    9000,
    9200,
    9400,
    9600,
    9800,
    10000,
    10200,
    10400,
    10600,
    10800,
    11000,
    11200,
    11400,
    11600,
    11800,
    12000,
    12200,
    12400,
    12600,
    12800,
    13000,
    13200,
    13400,
    13600,
    13800,
    14000,
    14200,
    14400,
    14600,
    14800,
    15000,
    15200,
    15400,
    15600,
    15800,
    16000,
    16200,
    16400,
    16600,
    16800,
    17000,
    17200,
    17400,
    17600,
    17800,
    18000,
    18200,
    18400,
    18600,
    18800,
    19000,
    19200,
    19400,
    19600,
    19800,
    20000
  ],
  "train_acc": [
    0.014455782249569893,
    0.42240646481513977,
    0.9997873902320862,
    1.0,
    1.0,
    1.0,
    1.0,
    1.0,
    1.0,
    1.0,
    1.0,
    1.0,
    1.0,
    1.0,
    1.0,
    1.0,
    1.0,
    1.0,
    1.0,
    1.0,
    1.0,
    1.0,
    1.0,
    1.0,
    1.0,
    1.0,
    1.0,
    1.0,
    1.0,
    1.0,
    1.0,
    1.0,
    1.0,
    1.0,
    1.0,
    1.0,
    1.0,
    1.0,
    1.0,
    1.0,
    1.0,
    1.0,
    1.0,
    1.0,
    1.0,
    1.0,
    1.0,
    1.0,
    1.0,
    1.0,
    1.0,
    1.0,
    1.0,
    1.0,
    1.0,
    1.0,
    1.0,
    1.0,
    1.0,
    1.0,
    1.0,
    1.0,
    1.0,
    1.0,
    1.0,
    1.0,
    1.0,
    1.0,
    1.0,
    1.0,
    1.0,
    1.0,
    1.0,
    1.0,
    1.0,
    1.0,
    1.0,
    1.0,
    1.0,
    1.0,
    1.0,
    1.0,
    1.0,
    1.0,
    1.0,
    1.0,
    1.0,
    1.0,
    1.0,
    1.0,
    1.0,
    1.0,
    1.0,
    1.0,
    1.0,
    1.0,
    1.0,
    1.0,
    1.0,
    1.0,
    1.0
  ],
  "val_acc": [
    0.008926673792302608,
    0.0,
    0.0,
    0.0,
    0.0,
    0.00021253984596114606,
    0.0008501593838445842,
    0.0019128586864098907,
    0.0023379384074360132,
    0.003400637535378337,
    0.004463336896151304,
    0.0046758768148720264,
    0.005100956652313471,
    0.005313496105372906,
    0.00573857594281435,
    0.00573857594281435,
    0.0061636557802557945,
    0.006376195698976517,
    0.006376195698976517,
    0.006588735617697239,
    0.006588735617697239,
    0.007013814989477396,
    0.007013814989477396,
    0.007013814989477396,
    0.00743889482691884,
    0.007863974198698997,
    0.007863974198698997,
    0.007863974198698997,
    0.008289054036140442,
    0.008289054036140442,
    0.008289054036140442,
    0.008501593954861164,
    0.008714133873581886,
    0.008714133873581886,
    0.008926673792302608,
    0.008714133873581886,
    0.008926673792302608,
    0.008926673792302608,
    0.008926673792302608,
    0.008714133873581886,
    0.008926673792302608,
    0.008926673792302608,
    0.009776833467185497,
    0.009776833467185497,
    0.009564293548464775,
    0.009564293548464775,
    0.009564293548464775,
    0.009776833467185497,
    0.009564293548464775,
    0.009564293548464775,
    0.00998937338590622,
    0.010201913304626942,
    0.010201913304626942,
    0.010201913304626942,
    0.010626992210745811,
    0.010839532129466534,
    0.011264611966907978,
    0.011689691804349422,
    0.011264611966907978,
    0.011264611966907978,
    0.0114771518856287,
    0.011689691804349422,
    0.011689691804349422,
    0.012114771641790867,
    0.012327311560511589,
    0.012539851479232311,
    0.012539851479232311,
    0.012539851479232311,
    0.012327311560511589,
    0.012327311560511589,
    0.012114771641790867,
    0.012752391397953033,
    0.012752391397953033,
    0.012964931316673756,
    0.012964931316673756,
    0.01381509006023407,
    0.01381509006023407,
    0.014452709816396236,
    0.014665249735116959,
    0.014665249735116959,
    0.015515409409999847,
    0.01615302823483944,
    0.01679064892232418,
    0.017003187909722328,
    0.017428267747163773,
    0.017853347584605217,
    0.01827842742204666,
    0.01764080673456192,
    0.01827842742204666,
    0.01827842742204666,
    0.01827842742204666,
    0.01912858709692955,
    0.018916046246886253,
    0.019341126084327698,
    0.020191285759210587,
    0.021253984421491623,
    0.021253984421491623,
    0.021679064258933067,
    0.021891605108976364,
    0.021891605108976364,
    0.02146652527153492
  ],
  "train_loss": [
    4.573685646057129,
    3.1044368743896484,
    1.067914366722107,
    0.13544602692127228,
    0.01660788431763649,
    0.002220559399574995,
    0.00029697513673454523,
    4.155849092057906e-05,
    7.282406386366347e-06,
    2.0660638710978674e-06,
    9.541299732518382e-07,
    5.838821834913688e-07,
    4.123921542031894e-07,
    3.139126931728242e-07,
    2.5146974280687573e-07,
    2.0909773468247295e-07,
    1.7825639986313035e-07,
    1.5506836348322395e-07,
    1.3684739030850324e-07,
    1.2257977743956872e-07,
    1.1023816881561288e-07,
    1.0114035831065848e-07,
    9.325896144218859e-08,
    8.890011571338619e-08,
    8.426250985849038e-08,
    8.068927570548112e-08,
    7.91687497780913e-08,
    7.620371889061062e-08,
    7.526606538021952e-08,
    7.655851419485771e-08,
    7.648248612213138e-08,
    7.587427575117545e-08,
    7.529140333417672e-08,
    7.640645804940505e-08,
    7.795232903617944e-08,
    7.9827643162389e-08,
    7.992900918907253e-08,
    7.856053940713537e-08,
    8.106940896368542e-08,
    8.058790967879759e-08,
    8.228582970559728e-08,
    8.342622237478281e-08,
    8.451593203062657e-08,
    8.43131999772595e-08,
    8.545359264644503e-08,
    8.667001338835689e-08,
    8.813985630240495e-08,
    8.867203860063455e-08,
    9.07754369450231e-08,
    9.242267395848103e-08,
    9.049666971350234e-08,
    9.242267395848103e-08,
    9.450072724348502e-08,
    9.338567252825669e-08,
    9.728835692612847e-08,
    9.820067248256237e-08,
    1.0048146492636079e-07,
    1.0086159818456508e-07,
    1.0053214793970255e-07,
    1.0288896135079995e-07,
    1.0202732880770782e-07,
    1.0357319979448221e-07,
    1.051444087352138e-07,
    1.0572727404678517e-07,
    1.0631013935835654e-07,
    1.0719711696083323e-07,
    1.0638616743108287e-07,
    1.0854024878881319e-07,
    1.0856559384819775e-07,
    1.1001009170286125e-07,
    1.0932585325917898e-07,
    1.1066898508715894e-07,
    1.1122651244477311e-07,
    1.1115048437204678e-07,
    1.1170801172966094e-07,
    1.135833258558705e-07,
    1.1444495839896263e-07,
    1.1452098647168896e-07,
    1.1561069612753272e-07,
    1.1510385178326032e-07,
    1.1581343528632715e-07,
    1.1637096264394131e-07,
    1.1568672420025905e-07,
    1.1591480131301068e-07,
    1.1637096264394131e-07,
    1.1609219541242055e-07,
    1.1632027963059954e-07,
    1.1543330202812285e-07,
    1.1614287842576232e-07,
    1.1571206925964361e-07,
    1.1619356854453144e-07,
    1.1685246192882914e-07,
    1.1657369469730838e-07,
    1.174099892864433e-07,
    1.1692849000155547e-07,
    1.1616822348514688e-07,
    1.1626958951183042e-07,
    1.1571206925964361e-07,
    1.1594014637239525e-07,
    1.1637096264394131e-07,
    1.1680177891548738e-07
  ],