{
  "config": {
    "p": 97,
    "train_frac": 0.5,
    "data_mode": "fixed",
    "online_batch": 512,
    "label_noise": 0.0,
    "hidden": 256,
    "lr": 0.001,
    "weight_decay": 0.0,
    "steps": 20000,
    "eval_every": 200,
    "seed": 0,
    "boredom_gamma": 0.0,
    "boredom_floor": 0.05,
    "boredom_ema": 0.9,
    "forget_noise": 0.0
  },
  "metrics_version": "rf-metrics-v1",
  "steps_log": [
    0,
    200,
    400,
    600,
    800,
    1000,
    1200,
    1400,
    1600,
    1800,
    2000,
    2200,
    2400,
    2600,
    2800,
    3000,
    3200,
    3400,
    3600,
    3800,
    4000,
    4200,
    4400,
    4600,
    4800,
    5000,
    5200,
    5400,
    5600,
    5800,
    6000,
    6200,
    6400,
    6600,
    6800,
    7000,
    7200,
    7400,
    7600,
    7800,
    8000,
    8200,
    8400,
    8600,
    8800,
    9000,
    9200,
    9400,
    9600,
    9800,
    10000,
    10200,
    10400,
    10600,
    10800,
    11000,
    11200,
    11400,
    11600,
    11800,
    12000,
    12200,
    12400,
    12600,
    12800,
    13000,
    13200,
    13400,
    13600,
    13800,
    14000,
    14200,
    14400,
    14600,
    14800,
    15000,
    15200,
    15400,
    15600,
    15800,
    16000,
    16200,
    16400,
    16600,
    16800,
    17000,
    17200,
    17400,
    17600,
    17800,
    18000,
    18200,
    18400,
    18600,
    18800,
    19000,
    19200,
    19400,
    19600,
    19800,
    20000
  ],
  "train_acc": [
    0.014455782249569893,
    0.4009353816509247,
    0.980654776096344,
    1.0,
    1.0,
    1.0,
    1.0,
    1.0,
    1.0,
    1.0,
    1.0,
    1.0,
    1.0,
    1.0,
    1.0,
    1.0,
    1.0,
    1.0,
    1.0,
    1.0,
    1.0,
    1.0,
    1.0,
    1.0,
    1.0,
    1.0,
    1.0,
    1.0,
    1.0,
    1.0,
    1.0,
    1.0,
    1.0,
    1.0,
    1.0,
    1.0,
    1.0,
    1.0,
    1.0,
    1.0,
    1.0,
    1.0,
    1.0,
    1.0,
    1.0,
    1.0,
    1.0,
    1.0,
    1.0,
    1.0,
    1.0,
    1.0,
    1.0,
    1.0,
    1.0,
    1.0,
    1.0,
    1.0,
    1.0,
    1.0,
    1.0,
    1.0,
    1.0,
    1.0,
    1.0,
    1.0,
    1.0,
    1.0,
    1.0,
    1.0,
    1.0,
    1.0,
    1.0,
    1.0,
    1.0,
    1.0,
    1.0,
    1.0,
    1.0,
    1.0,
    1.0,
    1.0,
    1.0,
    1.0,
    1.0,
    1.0,
    1.0,
    1.0,
    1.0,
    1.0,
    1.0,
    1.0,
    1.0,
    1.0,
    1.0,
    1.0,
    1.0,
    1.0,
    1.0,
    1.0,
    1.0
  ],
  "val_acc": [
    0.00913921371102333,
    0.0,
    0.0,
    0.0,
    0.00021253984596114606,
    0.0008501593838445842,
    0.0019128586864098907,
    0.003400637535378337,
    0.004888416733592749,
    0.00573857594281435,
    0.006801275070756674,
    0.00807651411741972,
    0.00913921371102333,
    0.009776833467185497,
    0.009776833467185497,
    0.010201913304626942,
    0.01041445229202509,
    0.011052072048187256,
    0.011264611966907978,
    0.011689691804349422,
    0.011902231723070145,
    0.011902231723070145,
    0.012114771641790867,
    0.012539851479232311,
    0.012752391397953033,
    0.013177471235394478,
    0.012964931316673756,
    0.013177471235394478,
    0.013390010222792625,
    0.013390010222792625,
    0.013602550141513348,
    0.013602550141513348,
    0.013602550141513348,
    0.013602550141513348,
    0.013602550141513348,
    0.013602550141513348,
    0.013602550141513348,
    0.013177471235394478,
    0.013177471235394478,
    0.013390010222792625,
    0.012752391397953033,
    0.012964931316673756,
    0.013177471235394478,
    0.012964931316673756,
    0.013177471235394478,
    0.013177471235394478,
    0.013177471235394478,
    0.012964931316673756,
    0.013390010222792625,
    0.013390010222792625,
    0.013390010222792625,
    0.013602550141513348,
    0.01381509006023407,
    0.014240169897675514,
    0.014452709816396236,
    0.015090329572558403,
    0.015090329572558403,
    0.015302869491279125,
    0.015090329572558403,
    0.014665249735116959,
    0.014665249735116959,
    0.014240169897675514,
    0.014027629978954792,
    0.014027629978954792,
    0.014240169897675514,
    0.014240169897675514,
    0.014240169897675514,
    0.014240169897675514,
    0.014665249735116959,
    0.015090329572558403,
    0.01487778965383768,
    0.01487778965383768,
    0.015090329572558403,
    0.015090329572558403,
    0.015515409409999847,
    0.01615302823483944,
    0.017003187909722328,
    0.017215728759765625,
    0.017428267747163773,
    0.017215728759765625,
    0.017215728759765625,
    0.01764080673456192,
    0.017853347584605217,
    0.018703507259488106,
    0.01997874677181244,
    0.020403826609253883,
    0.02082890458405018,
    0.02061636559665203,
    0.021041445434093475,
    0.02082890458405018,
    0.02082890458405018,
    0.021679064258933067,
    0.021891605108976364,
    0.02210414409637451,
    0.02210414409637451,
    0.02210414409637451,
    0.022741764783859253,
    0.023166844621300697,
    0.024017002433538437,
    0.024229543283581734,
    0.024017002433538437
  ],
  "train_loss": [
    4.573685169219971,
    3.104478597640991,
    1.0651240348815918,
    0.13479168713092804,
    0.01589999906718731,
    0.0020477031357586384,
    0.00027053989470005035,
    3.79870725737419e-05,
    6.747235602233559e-06,
    1.9528356460796203e-06,
    9.170546491077403e-07,
    5.657879000864341e-07,
    4.0007589063861815e-07,
    3.0471352374661365e-07,
    2.45108878971223e-07,
    2.026608427740939e-07,
    1.7270647845180065e-07,
    1.5027870858830283e-07,
    1.3208307336753933e-07,
    1.1733396121371698e-07,
    1.0679164574867173e-07,
    9.766849018433277e-08,
    9.17130904554142e-08,
    8.50988044476253e-08,
    8.175364030194032e-08,
    7.871258844716067e-08,
    7.691330239367744e-08,
    7.557017056569748e-08,
    7.463250994987902e-08,
    7.33907441485826e-08,
    7.437908777774282e-08,
    7.43030597050165e-08,
    7.372019439344513e-08,
    7.589961370513265e-08,
    7.486058706263066e-08,
    7.660919720819948e-08,
    7.688795733429288e-08,
    7.592495876451721e-08,
    7.972627713570546e-08,
    8.117077499036895e-08,
    8.099338089095909e-08,
    8.046119859272949e-08,
    8.182966837466665e-08,
    8.291937803051042e-08,
    8.705014664656119e-08,
    8.560564168647034e-08,
    8.674604146108322e-08,
    8.760767400417535e-08,
    8.834259546119938e-08,
    9.09021480310912e-08,
    9.006585344195628e-08,
    9.20932237136185e-08,
    8.983777632920464e-08,
    9.503290954171462e-08,
    9.574248593935408e-08,
    9.67054916145571e-08,
    9.78965672970844e-08,
    9.731370198551303e-08,
    9.923969912506436e-08,
    1.0025338781360915e-07,
    1.0129241445611115e-07,
    1.0167254060888808e-07,
    1.0291430641018451e-07,
    1.0205267386709238e-07,
    1.0385195992057561e-07,
    1.05169746689171e-07,
    1.0714643394749146e-07,
    1.0818546058999345e-07,
    1.0848956577547142e-07,
    1.1107445629932045e-07,
    1.1112514641808957e-07,
    1.1365935392859683e-07,
    1.1262032728609483e-07,
    1.1335524874311886e-07,
    1.1429290935893732e-07,
    1.1616822348514688e-07,
    1.1591480131301068e-07,
    1.1667506782941928e-07,
    1.188544871411068e-07,
    1.1715656711430711e-07,
    1.1837298785621897e-07,
    1.1801819965739924e-07,
    1.195894157035582e-07,
    1.1875312111442327e-07,
    1.1915859232658477e-07,
    1.193866694393364e-07,
    1.1817024869742454e-07,
    1.194120073932936e-07,
    1.188544871411068e-07,
    1.181955937568091e-07,
    1.1979214775692526e-07,
    1.18068882670741e-07,
    1.1768874941253671e-07,
    1.1604151239907878e-07,
    1.1687779988278635e-07,
    1.1632027963059954e-07,
    1.1497714780261958e-07,
    1.1530659094205475e-07,
    1.1340593175646063e-07,
    1.1439427538562086e-07,
    1.1282306644488926e-07
  ],