{
  "config": {
    "p": 97,
    "train_frac": 0.5,
    "data_mode": "fixed",
    "online_batch": 512,
    "label_noise": 0.0,
    "hidden": 256,
    "lr": 0.001,
    "weight_decay": 1.0,
    "wd_switch_step": 15000,
    "steps": 30000,
    "eval_every": 200,
    "seed": 0,
    "boredom_gamma": 0.0,
    "boredom_floor": 0.05,
    "boredom_ema": 0.9,
    "forget_noise": 0.0,
    "shrink_lambda": 0.0,
    "stoch_shrink_frac": 0.0,
    "stoch_shrink_amount": 0.0
  },
  "metrics_version": "rf-metrics-v1",
  "steps_log": [
    0,
    200,
    400,
    600,
    800,
    1000,
    1200,
    1400,
    1600,
    1800,
    2000,
    2200,
    2400,
    2600,
    2800,
    3000,
    3200,
    3400,
    3600,
    3800,
    4000,
    4200,
    4400,
    4600,
    4800,
    5000,
    5200,
    5400,
    5600,
    5800,
    6000,
    6200,
    6400,
    6600,
    6800,
    7000,
    7200,
    7400,
    7600,
    7800,
    8000,
    8200,
    8400,
    8600,
    8800,
    9000,
    9200,
    9400,
    9600,
    9800,
    10000,
    10200,
    10400,
    10600,
    10800,
    11000,
    11200,
    11400,
    11600,
    11800,
    12000,
    12200,
    12400,
    12600,
    12800,
    13000,
    13200,
    13400,
    13600,
    13800,
    14000,
    14200,
    14400,
    14600,
    14800,
    15000,
    15200,
    15400,
    15600,
    15800,
    16000,
    16200,
    16400,
    16600,
    16800,
    17000,
    17200,
    17400,
    17600,
    17800,
    18000,
    18200,
    18400,
    18600,
    18800,
    19000,
    19200,
    19400,
    19600,
    19800,
    20000,
    20200,
    20400,
    20600,
    20800,
    21000,
    21200,
    21400,
    21600,
    21800,
    22000,
    22200,
    22400,
    22600,
    22800,
    23000,
    23200,
    23400,
    23600,
    23800,
    24000,
    24200,
    24400,
    24600,
    24800,
    25000,
    25200,
    25400,
    25600,
    25800,
    26000,
    26200,
    26400,
    26600,
    26800,
    27000,
    27200,
    27400,
    27600,
    27800,
    28000,
    28200,
    28400,
    28600,
    28800,
    29000,
    29200,
    29400,
    29600,
    29800,
    30000
  ],
  "train_acc": [
    0.014455782249569893,
    0.4009353816509247,
    0.980654776096344,
    1.0,
    1.0,
    1.0,
    1.0,
    1.0,
    1.0,
    1.0,
    1.0,
    1.0,
    1.0,
    1.0,
    1.0,
    1.0,
    1.0,
    1.0,
    1.0,
    1.0,
    1.0,
    1.0,
    1.0,
    1.0,
    1.0,
    1.0,
    1.0,
    1.0,
    1.0,
    1.0,
    1.0,
    1.0,
    1.0,
    1.0,
    1.0,
    1.0,
    1.0,
    1.0,
    1.0,
    1.0,
    1.0,
    1.0,
    1.0,
    1.0,
    1.0,
    1.0,
    1.0,
    1.0,
    1.0,
    1.0,
    1.0,
    1.0,
    1.0,
    1.0,
    1.0,
    1.0,
    1.0,
    1.0,
    1.0,
    1.0,
    1.0,
    1.0,
    1.0,
    1.0,
    1.0,
    1.0,
    1.0,
    1.0,
    1.0,
    1.0,
    1.0,
    1.0,
    1.0,
    1.0,
    1.0,
    1.0,
    1.0,
    1.0,
    1.0,
    1.0,
    1.0,
    1.0,
    1.0,
    1.0,
    1.0,
    1.0,
    1.0,
    1.0,
    1.0,
    1.0,
    1.0,
    1.0,
    1.0,
    1.0,
    1.0,
    1.0,
    1.0,
    1.0,
    1.0,
    1.0,
    1.0,
    1.0,
    1.0,
    1.0,
    1.0,
    1.0,
    1.0,
    1.0,
    1.0,
    1.0,
    1.0,
    1.0,
    1.0,
    1.0,
    1.0,
    1.0,
    1.0,
    1.0,
    1.0,
    1.0,
    1.0,
    1.0,
    1.0,
    1.0,
    1.0,
    1.0,
    1.0,
    1.0,
    1.0,
    1.0,
    1.0,
    1.0,
    1.0,
    1.0,
    1.0,
    1.0,
    1.0,
    1.0,
    1.0,
    1.0,
    1.0,
    1.0,
    1.0,
    1.0,
    1.0,
    1.0,
    1.0,
    1.0,
    1.0,
    1.0,
    1.0
  ],
  "val_acc": [
    0.00913921371102333,
    0.0,
    0.0,
    0.0,
    0.00021253984596114606,
    0.0008501593838445842,
    0.0019128586864098907,
    0.003400637535378337,
    0.004888416733592749,
    0.00573857594281435,
    0.006801275070756674,
    0.00807651411741972,
    0.00913921371102333,
    0.009776833467185497,
    0.009776833467185497,
    0.010201913304626942,
    0.01041445229202509,
    0.011052072048187256,
    0.011264611966907978,
    0.011689691804349422,
    0.011902231723070145,
    0.011902231723070145,
    0.012114771641790867,
    0.012539851479232311,
    0.012752391397953033,
    0.013177471235394478,
    0.012964931316673756,
    0.013177471235394478,
    0.013390010222792625,
    0.013390010222792625,
    0.013602550141513348,
    0.013602550141513348,
    0.013602550141513348,
    0.013602550141513348,
    0.013602550141513348,
    0.013602550141513348,
    0.013602550141513348,
    0.013177471235394478,
    0.013177471235394478,
    0.013390010222792625,
    0.012752391397953033,
    0.012964931316673756,
    0.013177471235394478,
    0.012964931316673756,
    0.013177471235394478,
    0.013177471235394478,
    0.013177471235394478,
    0.012964931316673756,
    0.013390010222792625,
    0.013390010222792625,
    0.013390010222792625,
    0.013602550141513348,
    0.01381509006023407,
    0.014240169897675514,
    0.014452709816396236,
    0.015090329572558403,
    0.015090329572558403,
    0.015302869491279125,
    0.015090329572558403,
    0.014665249735116959,
    0.014665249735116959,
    0.014240169897675514,
    0.014027629978954792,
    0.014027629978954792,
    0.014240169897675514,
    0.014240169897675514,
    0.014240169897675514,
    0.014240169897675514,
    0.014665249735116959,
    0.015090329572558403,
    0.01487778965383768,
    0.01487778965383768,
    0.015090329572558403,
    0.015090329572558403,
    0.015515409409999847,
    0.01615302823483944,
    0.023379383608698845,
    0.048034004867076874,
    0.09011689573526382,
    0.15005312860012054,
    0.22019128501415253,
    0.2996811866760254,
    0.3874601423740387,
    0.4811902344226837,
    0.56599360704422,
    0.6461211442947388,
    0.7177470922470093,
    0.7772582173347473,
    0.8263549208641052,
    0.8671625852584839,
    0.8984059691429138,
    0.9228480458259583,
    0.9411264657974243,
    0.9547290205955505,
    0.9687566161155701,
    0.9774707555770874,
    0.9815090298652649,
    0.9851222038269043,
    0.9889479279518127,
    0.9908607602119446,
    0.994686484336853,
    0.9961742758750916,
    0.997236967086792,
    0.997449517250061,
    0.9976620674133301,
    0.9978746175765991,
    0.9989373087882996,
    0.9993624091148376,
    0.9993624091148376,
    0.999787449836731,
    0.999787449836731,
    1.0,
    1.0,
    1.0,
    1.0,
    1.0,
    0.999787449836731,
    0.999787449836731,
    0.999787449836731,
    0.999787449836731,
    0.999787449836731,
    0.999787449836731,
    0.999787449836731,
    1.0,
    1.0,
    1.0,
    1.0,
    1.0,
    1.0,
    1.0,
    1.0,
    1.0,
    1.0,
    1.0,
    1.0,
    1.0,
    1.0,
    1.0,
    1.0,
    1.0,
    1.0,
    1.0,
    1.0,
    1.0,
    1.0,
    1.0,
    1.0,
    1.0,
    1.0,
    1.0,
    1.0
  ],