{
  "config": {
    "p": 97,
    "train_frac": 0.5,
    "data_mode": "fixed",
    "online_batch": 512,
    "label_noise": 0.0,
    "hidden": 256,
    "lr": 0.001,
    "weight_decay": 1.0,
    "wd_switch_step": 1000,
    "steps": 30000,
    "eval_every": 200,
    "seed": 0,
    "boredom_gamma": 0.0,
    "boredom_floor": 0.05,
    "boredom_ema": 0.9,
    "forget_noise": 0.0,
    "shrink_lambda": 0.0,
    "stoch_shrink_frac": 0.0,
    "stoch_shrink_amount": 0.0
  },
  "metrics_version": "rf-metrics-v1",
  "steps_log": [
    0,
    200,
    400,
    600,
    800,
    1000,
    1200,
    1400,
    1600,
    1800,
    2000,
    2200,
    2400,
    2600,
    2800,
    3000,
    3200,
    3400,
    3600,
    3800,
    4000,
    4200,
    4400,
    4600,
    4800,
    5000,
    5200,
    5400,
    5600,
    5800,
    6000,
    6200,
    6400,
    6600,
    6800,
    7000,
    7200,
    7400,
    7600,
    7800,
    8000,
    8200,
    8400,
    8600,
    8800,
    9000,
    9200,
    9400,
    9600,
    9800,
    10000,
    10200,
    10400,
    10600,
    10800,
    11000,
    11200,
    11400,
    11600,
    11800,
    12000,
    12200,
    12400,
    12600,
    12800,
    13000,
    13200,
    13400,
    13600,
    13800,
    14000,
    14200,
    14400,
    14600,
    14800,
    15000,
    15200,
    15400,
    15600,
    15800,
    16000,
    16200,
    16400,
    16600,
    16800,
    17000,
    17200,
    17400,
    17600,
    17800,
    18000,
    18200,
    18400,
    18600,
    18800,
    19000,
    19200,
    19400,
    19600,
    19800,
    20000,
    20200,
    20400,
    20600,
    20800,
    21000,
    21200,
    21400,
    21600,
    21800,
    22000,
    22200,
    22400,
    22600,
    22800,
    23000,
    23200,
    23400,
    23600,
    23800,
    24000,
    24200,
    24400,
    24600,
    24800,
    25000,
    25200,
    25400,
    25600,
    25800,
    26000,
    26200,
    26400,
    26600,
    26800,
    27000,
    27200,
    27400,
    27600,
    27800,
    28000,
    28200,
    28400,
    28600,
    28800,
    29000,
    29200,
    29400,
    29600,
    29800,
    30000
  ],
  "train_acc": [
    0.014455782249569893,
    0.4009353816509247,
    0.980654776096344,
    1.0,
    1.0,
    1.0,
    1.0,
    1.0,
    1.0,
    1.0,
    1.0,
    1.0,
    1.0,
    1.0,
    1.0,
    1.0,
    1.0,
    1.0,
    1.0,
    1.0,
    1.0,
    1.0,
    1.0,
    1.0,
    1.0,
    1.0,
    1.0,
    1.0,
    1.0,
    1.0,
    1.0,
    1.0,
    1.0,
    1.0,
    1.0,
    1.0,
    1.0,
    1.0,
    1.0,
    1.0,
    1.0,
    1.0,
    1.0,
    1.0,
    1.0,
    1.0,
    1.0,
    1.0,
    1.0,
    1.0,
    1.0,
    1.0,
    1.0,
    1.0,
    1.0,
    1.0,
    1.0,
    1.0,
    1.0,
    1.0,
    1.0,
    1.0,
    1.0,
    1.0,
    1.0,
    1.0,
    1.0,
    1.0,
    1.0,
    1.0,
    1.0,
    1.0,
    1.0,
    1.0,
    1.0,
    1.0,
    1.0,
    1.0,
    1.0,
    1.0,
    1.0,
    1.0,
    1.0,
    1.0,
    1.0,
    1.0,
    1.0,
    1.0,
    1.0,
    1.0,
    1.0,
    1.0,
    1.0,
    1.0,
    1.0,
    1.0,
    1.0,
    1.0,
    1.0,
    1.0,
    1.0,
    1.0,
    1.0,
    1.0,
    1.0,
    1.0,
    1.0,
    1.0,
    1.0,
    1.0,
    1.0,
    1.0,
    1.0,
    1.0,
    1.0,
    1.0,
    1.0,
    1.0,
    1.0,
    1.0,
    1.0,
    1.0,
    1.0,
    1.0,
    1.0,
    1.0,
    1.0,
    1.0,
    1.0,
    1.0,
    1.0,
    1.0,
    1.0,
    1.0,
    1.0,
    1.0,
    1.0,
    1.0,
    1.0,
    1.0,
    1.0,
    1.0,
    1.0,
    1.0,
    1.0,
    1.0,
    1.0,
    1.0,
    1.0,
    1.0,
    1.0
  ],
  "val_acc": [
    0.00913921371102333,
    0.0,
    0.0,
    0.0,
    0.00021253984596114606,
    0.0008501593838445842,
    0.002975557930767536,
    0.007863974198698997,
    0.02146652527153492,
    0.05058448389172554,
    0.09458023309707642,
    0.1642933040857315,
    0.2618491053581238,
    0.36705631017684937,
    0.47630181908607483,
    0.5759829878807068,
    0.6646121144294739,
    0.7424017190933228,
    0.8017002940177917,
    0.8473963737487793,
    0.888416588306427,
    0.9209351539611816,
    0.9402763247489929,
    0.9555791616439819,
    0.9657810926437378,
    0.9742826819419861,
    0.9810839295387268,
    0.9874601364135742,
    0.9902231693267822,
    0.9938363432884216,
    0.994686484336853,
    0.9968119263648987,
    0.9976620674133301,
    0.9978746175765991,
    0.9980871677398682,
    0.9985122084617615,
    0.9985122084617615,
    0.9989373087882996,
    0.9991498589515686,
    0.9993624091148376,
    0.9993624091148376,
    0.9991498589515686,
    0.9991498589515686,
    0.9991498589515686,
    0.9991498589515686,
    0.9993624091148376,
    0.9993624091148376,
    0.9995748996734619,
    0.9995748996734619,
    0.9995748996734619,
    0.9995748996734619,
    0.9995748996734619,
    0.999787449836731,
    0.999787449836731,
    0.999787449836731,
    1.0,
    1.0,
    1.0,
    1.0,
    1.0,
    1.0,
    1.0,
    1.0,
    1.0,
    1.0,
    1.0,
    1.0,
    1.0,
    1.0,
    1.0,
    1.0,
    1.0,
    1.0,
    1.0,
    1.0,
    1.0,
    1.0,
    1.0,
    1.0,
    1.0,
    1.0,
    1.0,
    1.0,
    1.0,
    1.0,
    1.0,
    1.0,
    1.0,
    1.0,
    1.0,
    1.0,
    1.0,
    1.0,
    1.0,
    1.0,
    1.0,
    1.0,
    1.0,
    1.0,
    1.0,
    1.0,
    1.0,
    1.0,
    1.0,
    1.0,
    1.0,
    1.0,
    1.0,
    1.0,
    1.0,
    1.0,
    1.0,
    1.0,
    1.0,
    1.0,
    1.0,
    1.0,
    1.0,
    1.0,
    1.0,
    1.0,
    1.0,
    1.0,
    1.0,
    1.0,
    1.0,
    1.0,
    1.0,
    1.0,
    1.0,
    1.0,
    1.0,
    1.0,
    1.0,
    1.0,
    1.0,
    1.0,
    1.0,
    1.0,
    1.0,
    1.0,
    1.0,
    1.0,
    1.0,
    1.0,
    1.0,
    1.0,
    1.0,
    1.0,
    1.0,
    1.0
  ],