{
  "config": {
    "p": 97,
    "train_frac": 0.5,
    "data_mode": "fixed",
    "online_batch": 512,
    "label_noise": 0.0,
    "hidden": 256,
    "lr": 0.001,
    "weight_decay": 1.0,
    "wd_switch_step": 3000,
    "still_task": "mantra",
    "steps": 20000,
    "eval_every": 200,
    "seed": 0,
    "boredom_gamma": 0.0,
    "boredom_floor": 0.05,
    "boredom_ema": 0.9,
    "forget_noise": 0.0,
    "shrink_lambda": 0.0,
    "stoch_shrink_frac": 0.0,
    "stoch_shrink_amount": 0.0
  },
  "metrics_version": "rf-metrics-v1",
  "steps_log": [
    0,
    200,
    400,
    600,
    800,
    1000,
    1200,
    1400,
    1600,
    1800,
    2000,
    2200,
    2400,
    2600,
    2800,
    3000,
    3200,
    3400,
    3600,
    3800,
    4000,
    4200,
    4400,
    4600,
    4800,
    5000,
    5200,
    5400,
    5600,
    5800,
    6000,
    6200,
    6400,
    6600,
    6800,
    7000,
    7200,
    7400,
    7600,
    7800,
    8000,
    8200,
    8400,
    8600,
    8800,
    9000,
    9200,
    9400,
    9600,
    9800,
    10000,
    10200,
    10400,
    10600,
    10800,
    11000,
    11200,
    11400,
    11600,
    11800,
    12000,
    12200,
    12400,
    12600,
    12800,
    13000,
    13200,
    13400,
    13600,
    13800,
    14000,
    14200,
    14400,
    14600,
    14800,
    15000,
    15200,
    15400,
    15600,
    15800,
    16000,
    16200,
    16400,
    16600,
    16800,
    17000,
    17200,
    17400,
    17600,
    17800,
    18000,
    18200,
    18400,
    18600,
    18800,
    19000,
    19200,
    19400,
    19600,
    19800,
    20000
  ],
  "train_acc": [
    0.014455782249569893,
    0.4009353816509247,
    0.980654776096344,
    1.0,
    1.0,
    1.0,
    1.0,
    1.0,
    1.0,
    1.0,
    1.0,
    1.0,
    1.0,
    1.0,
    1.0,
    1.0,
    0.01105442177504301,
    0.01105442177504301,
    0.01105442177504301,
    0.01105442177504301,
    0.01105442177504301,
    0.01105442177504301,
    0.01105442177504301,
    0.01105442177504301,
    0.01105442177504301,
    0.01105442177504301,
    0.01105442177504301,
    0.01105442177504301,
    0.01105442177504301,
    0.01105442177504301,
    0.01105442177504301,
    0.01105442177504301,
    0.01105442177504301,
    0.01105442177504301,
    0.01105442177504301,
    0.01105442177504301,
    0.01105442177504301,
    0.01105442177504301,
    0.01105442177504301,
    0.01105442177504301,
    0.01105442177504301,
    0.01105442177504301,
    0.01105442177504301,
    0.01105442177504301,
    0.01105442177504301,
    0.01105442177504301,
    0.01105442177504301,
    0.01105442177504301,
    0.01105442177504301,
    0.01105442177504301,
    0.01105442177504301,
    0.01105442177504301,
    0.01105442177504301,
    0.01105442177504301,
    0.01105442177504301,
    0.01105442177504301,
    0.01105442177504301,
    0.01105442177504301,
    0.01105442177504301,
    0.01105442177504301,
    0.01105442177504301,
    0.01105442177504301,
    0.01105442177504301,
    0.01105442177504301,
    0.01105442177504301,
    0.01105442177504301,
    0.01105442177504301,
    0.01105442177504301,
    0.01105442177504301,
    0.01105442177504301,
    0.01105442177504301,
    0.01105442177504301,
    0.01105442177504301,
    0.01105442177504301,
    0.01105442177504301,
    0.01105442177504301,
    0.01105442177504301,
    0.01105442177504301,
    0.01105442177504301,
    0.01105442177504301,
    0.01105442177504301,
    0.01105442177504301,
    0.01105442177504301,
    0.01105442177504301,
    0.01105442177504301,
    0.01105442177504301,
    0.01105442177504301,
    0.01105442177504301,
    0.01105442177504301,
    0.01105442177504301,
    0.01105442177504301,
    0.01105442177504301,
    0.01105442177504301,
    0.01105442177504301,
    0.01105442177504301,
    0.01105442177504301,
    0.01105442177504301,
    0.01105442177504301,
    0.01105442177504301,
    0.01105442177504301,
    0.01105442177504301
  ],
  "val_acc": [
    0.00913921371102333,
    0.0,
    0.0,
    0.0,
    0.00021253984596114606,
    0.0008501593838445842,
    0.0019128586864098907,
    0.003400637535378337,
    0.004888416733592749,
    0.00573857594281435,
    0.006801275070756674,
    0.00807651411741972,
    0.00913921371102333,
    0.009776833467185497,
    0.009776833467185497,
    0.01041445229202509,
    0.009564293548464775,
    0.009564293548464775,
    0.009564293548464775,
    0.009564293548464775,
    0.009564293548464775,
    0.009564293548464775,
    0.009564293548464775,
    0.009564293548464775,
    0.009564293548464775,
    0.009564293548464775,
    0.009564293548464775,
    0.009564293548464775,
    0.009564293548464775,
    0.009564293548464775,
    0.009564293548464775,
    0.009564293548464775,
    0.009564293548464775,
    0.009564293548464775,
    0.009564293548464775,
    0.009564293548464775,
    0.009564293548464775,
    0.009564293548464775,
    0.009564293548464775,
    0.009564293548464775,
    0.009564293548464775,
    0.009564293548464775,
    0.009564293548464775,
    0.009564293548464775,
    0.009564293548464775,
    0.009564293548464775,
    0.009564293548464775,
    0.009564293548464775,
    0.009564293548464775,
    0.009564293548464775,
    0.009564293548464775,
    0.009564293548464775,
    0.009564293548464775,
    0.009564293548464775,
    0.009564293548464775,
    0.009564293548464775,
    0.009564293548464775,
    0.009564293548464775,
    0.009564293548464775,
    0.009564293548464775,
    0.009564293548464775,
    0.009564293548464775,
    0.009564293548464775,
    0.009564293548464775,
    0.009564293548464775,
    0.009564293548464775,
    0.009564293548464775,
    0.009564293548464775,
    0.009564293548464775,
    0.009564293548464775,
    0.009564293548464775,
    0.009564293548464775,
    0.009564293548464775,
    0.009564293548464775,
    0.009564293548464775,
    0.009564293548464775,
    0.009564293548464775,
    0.009564293548464775,
    0.009564293548464775,
    0.009564293548464775,
    0.009564293548464775,
    0.009564293548464775,
    0.009564293548464775,
    0.009564293548464775,
    0.009564293548464775,
    0.009564293548464775,
    0.009564293548464775,
    0.009564293548464775,
    0.009564293548464775,
    0.009564293548464775,
    0.009564293548464775,
    0.009564293548464775,
    0.009564293548464775,
    0.009564293548464775,
    0.009564293548464775,
    0.009564293548464775,
    0.009564293548464775,
    0.009564293548464775,
    0.009564293548464775,
    0.009564293548464775,
    0.009564293548464775
  ],