{
  "config": {
    "p": 97,
    "train_frac": 0.5,
    "data_mode": "fixed",
    "online_batch": 512,
    "label_noise": 0.0,
    "hidden": 256,
    "lr": 0.001,
    "weight_decay": 1.0,
    "wd_switch_step": 3000,
    "still_task": "study",
    "steps": 20000,
    "eval_every": 200,
    "seed": 0,
    "boredom_gamma": 0.0,
    "boredom_floor": 0.05,
    "boredom_ema": 0.9,
    "forget_noise": 0.0,
    "shrink_lambda": 0.0,
    "stoch_shrink_frac": 0.0,
    "stoch_shrink_amount": 0.0
  },
  "metrics_version": "rf-metrics-v1",
  "steps_log": [
    0,
    200,
    400,
    600,
    800,
    1000,
    1200,
    1400,
    1600,
    1800,
    2000,
    2200,
    2400,
    2600,
    2800,
    3000,
    3200,
    3400,
    3600,
    3800,
    4000,
    4200,
    4400,
    4600,
    4800,
    5000,
    5200,
    5400,
    5600,
    5800,
    6000,
    6200,
    6400,
    6600,
    6800,
    7000,
    7200,
    7400,
    7600,
    7800,
    8000,
    8200,
    8400,
    8600,
    8800,
    9000,
    9200,
    9400,
    9600,
    9800,
    10000,
    10200,
    10400,
    10600,
    10800,
    11000,
    11200,
    11400,
    11600,
    11800,
    12000,
    12200,
    12400,
    12600,
    12800,
    13000,
    13200,
    13400,
    13600,
    13800,
    14000,
    14200,
    14400,
    14600,
    14800,
    15000,
    15200,
    15400,
    15600,
    15800,
    16000,
    16200,
    16400,
    16600,
    16800,
    17000,
    17200,
    17400,
    17600,
    17800,
    18000,
    18200,
    18400,
    18600,
    18800,
    19000,
    19200,
    19400,
    19600,
    19800,
    20000
  ],
  "train_acc": [
    0.014455782249569893,
    0.4009353816509247,
    0.980654776096344,
    1.0,
    1.0,
    1.0,
    1.0,
    1.0,
    1.0,
    1.0,
    1.0,
    1.0,
    1.0,
    1.0,
    1.0,
    1.0,
    1.0,
    1.0,
    1.0,
    1.0,
    1.0,
    1.0,
    1.0,
    1.0,
    1.0,
    1.0,
    1.0,
    1.0,
    1.0,
    1.0,
    1.0,
    1.0,
    1.0,
    1.0,
    1.0,
    1.0,
    1.0,
    1.0,
    1.0,
    1.0,
    1.0,
    1.0,
    1.0,
    1.0,
    1.0,
    1.0,
    1.0,
    1.0,
    1.0,
    1.0,
    1.0,
    1.0,
    1.0,
    1.0,
    1.0,
    1.0,
    1.0,
    1.0,
    1.0,
    1.0,
    1.0,
    1.0,
    1.0,
    1.0,
    1.0,
    1.0,
    1.0,
    1.0,
    1.0,
    1.0,
    1.0,
    1.0,
    1.0,
    1.0,
    1.0,
    1.0,
    1.0,
    1.0,
    1.0,
    1.0,
    1.0,
    1.0,
    1.0,
    1.0,
    1.0,
    1.0,
    1.0,
    1.0,
    1.0,
    1.0,
    1.0,
    1.0,
    1.0,
    1.0,
    1.0,
    1.0,
    1.0,
    1.0,
    1.0,
    1.0,
    1.0
  ],
  "val_acc": [
    0.00913921371102333,
    0.0,
    0.0,
    0.0,
    0.00021253984596114606,
    0.0008501593838445842,
    0.0019128586864098907,
    0.003400637535378337,
    0.004888416733592749,
    0.00573857594281435,
    0.006801275070756674,
    0.00807651411741972,
    0.00913921371102333,
    0.009776833467185497,
    0.009776833467185497,
    0.010201913304626942,
    0.013602550141513348,
    0.026567481458187103,
    0.05270988494157791,
    0.08884165436029434,
    0.146652489900589,
    0.22486716508865356,
    0.31562167406082153,
    0.4063761830329895,
    0.4996812045574188,
    0.5861849188804626,
    0.657173216342926,
    0.7279489636421204,
    0.7883102893829346,
    0.836344301700592,
    0.8743889331817627,
    0.9054197669029236,
    0.9328374266624451,
    0.9511158466339111,
    0.9613177180290222,
    0.9706695079803467,
    0.9778958559036255,
    0.9825717210769653,
    0.9874601364135742,
    0.9912858605384827,
    0.9934112429618835,
    0.9959617257118225,
    0.997449517250061,
    0.9980871677398682,
    0.9985122084617615,
    0.9991498589515686,
    0.9993624091148376,
    0.9993624091148376,
    0.9995748996734619,
    0.9995748996734619,
    0.9995748996734619,
    0.9995748996734619,
    0.999787449836731,
    0.999787449836731,
    0.999787449836731,
    0.999787449836731,
    0.9995748996734619,
    0.9995748996734619,
    0.999787449836731,
    0.999787449836731,
    0.999787449836731,
    0.999787449836731,
    0.999787449836731,
    0.999787449836731,
    0.999787449836731,
    1.0,
    1.0,
    1.0,
    1.0,
    1.0,
    1.0,
    1.0,
    1.0,
    1.0,
    1.0,
    1.0,
    1.0,
    1.0,
    1.0,
    1.0,
    1.0,
    1.0,
    1.0,
    1.0,
    1.0,
    1.0,
    1.0,
    1.0,
    1.0,
    1.0,
    1.0,
    1.0,
    1.0,
    1.0,
    1.0,
    1.0,
    1.0,
    1.0,
    1.0,
    1.0,
    1.0
  ],
  "train_loss": [
    4.573685169219971,
    3.104478597640991,
    1.0651240348815918,
    0.13479168713092804,
    0.01589999906718731,
    0.0020477031357586384,
    0.00027053989470005035,
    3.79870725737419e-05,
    6.747235602233559e-06,
    1.9528356460796203e-06,
    9.170546491077403e-07,
    5.657879000864341e-07,
    4.0007589063861815e-07,
    3.0471352374661365e-07,
    2.45108878971223e-07,
    2.2653310338682786e-07,
    1.4555835150531493e-05,
    2.9043678296147846e-05,
    3.440892032813281e-05,
    3.52271854353603e-05,
    3.403128357604146e-05,
    3.2049298170022666e-05,
    2.997163937834557e-05,
    2.8079812182113528e-05,
    2.6478492145542987e-05,
    2.5101287974393927e-05,
    2.389711698924657e-05,
    2.281257911818102e-05,
    2.183657488785684e-05,
    2.1015202946728095e-05,
    2.0287547158659436e-05,
    1.9599247025325894e-05,
    1.8961576643050648e-05,
    1.835271905292757e-05,
    1.784016058081761e-05,
    1.7399341231794097e-05,
    1.7003023458528332e-05,
    1.6621355825918727e-05,
    1.6242700439761393e-05,
    1.591974614711944e-05,
    1.5633433577022515e-05,
    1.538648211862892e-05,
    1.5167885067057796e-05,
    1.4948551324778236e-05,
    1.4751166418136563e-05,
    1.4584772543457802e-05,
    1.4427577298192773e-05,
    1.4284220014815219e-05,
    1.4148616173770279e-05,
    1.4013113286637235e-05,
    1.388420150760794e-05,
    1.3769428733212408e-05,
    1.366327160212677e-05,
    1.3572954230767209e-05,
    1.3487451724358834e-05,
    1.3407750884653069e-05,
    1.3334765753825195e-05,
    1.3271132957015652e-05,
    1.3207501069700811e-05,
    1.3146756828064099e-05,
    1.3088927516946569e-05,
    1.3033353752689436e-05,
    1.2973469893040601e-05,
    1.2921748748340178e-05,
    1.287403119931696e-05,
    1.2825829799112398e-05,
    1.278649961022893e-05,
    1.275228805752704e-05,
    1.271681048820028e-05,
    1.2686196896538604e-05,
    1.2650642929656897e-05,
    1.2621043424587697e-05,
    1.259217879123753e-05,
    1.2565418728627264e-05,
    1.2546209291031118e-05,
    1.2522793440439273e-05,
    1.2500087905209512e-05,
    1.2475607945816591e-05,
    1.2456879630917683e-05,
    1.2437011719157454e-05,
    1.2415699529810809e-05,
    1.2392916687531397e-05,
    1.2368031093501486e-05,
    1.2342537047516089e-05,
    1.231504120369209e-05,
    1.2289901860640384e-05,
    1.2264078577572946e-05,
    1.224023162649246e-05,
    1.2218361916893627e-05,
    1.2193679140182212e-05,
    1.217256885865936e-05,
    1.2150091606599744e-05,
    1.2125535249651875e-05,
    1.210244772664737e-05,
    1.207500281452667e-05,
    1.2049255019519478e-05,
    1.2019555470033083e-05,
    1.1995482054771855e-05,
    1.1972572792728897e-05,
    1.1947636266995687e-05,
    1.1926983461307827e-05
  ],