{
  "config": {
    "encoding": "fourier",
    "p": 97,
    "train_frac": 0.5,
    "hidden": 256,
    "lr": 0.001,
    "weight_decay": 1.0,
    "steps": 20000,
    "eval_every": 200,
    "seed": 0,
    "num_freqs": 1,
    "fourier_normalize": true,
    "num_distractor": 8,
    "train_acc_thresh": 0.99,
    "val_acc_thresh": 0.9
  },
  "metrics_version": "grok-metrics-v1",
  "encoding_version": "enc-v1",
  "steps_log": [
    0,
    200,
    400,
    600,
    800,
    1000,
    1200,
    1400,
    1600,
    1800,
    2000,
    2200,
    2400,
    2600,
    2800,
    3000,
    3200,
    3400,
    3600,
    3800,
    4000,
    4200,
    4400,
    4600,
    4800,
    5000,
    5200,
    5400,
    5600,
    5800,
    6000,
    6200,
    6400,
    6600,
    6800,
    7000,
    7200,
    7400,
    7600,
    7800,
    8000,
    8200,
    8400,
    8600,
    8800,
    9000,
    9200,
    9400,
    9600,
    9800,
    10000,
    10200,
    10400,
    10600,
    10800,
    11000,
    11200,
    11400,
    11600,
    11800,
    12000,
    12200,
    12400,
    12600,
    12800,
    13000,
    13200,
    13400,
    13600,
    13800,
    14000,
    14200,
    14400,
    14600,
    14800,
    15000,
    15200,
    15400,
    15600,
    15800,
    16000,
    16200,
    16400,
    16600,
    16800,
    17000,
    17200,
    17400,
    17600,
    17800,
    18000,
    18200,
    18400,
    18600,
    18800,
    19000,
    19200,
    19400,
    19600,
    19800,
    20000
  ],
  "train_acc": [
    0.01424319762736559,
    0.20025509595870972,
    0.2821003496646881,
    0.3511904776096344,
    0.40582484006881714,
    0.4404761791229248,
    0.462797611951828,
    0.4844813048839569,
    0.5027636289596558,
    0.5176445841789246,
    0.526573121547699,
    0.5344387888908386,
    0.541241466999054,
    0.5457057952880859,
    0.5510203838348389,
    0.555272102355957,
    0.5563350319862366,
    0.5603741407394409,
    0.5612244606018066,
    0.5612244606018066,
    0.5616496801376343,
    0.5625,
    0.5616496801376343,
    0.5618622303009033,
    0.5631377696990967,
    0.5637755393981934,
    0.5620748400688171,
    0.5625,
    0.5629251599311829,
    0.5637755393981934,
    0.5633503198623657,
    0.5639880895614624,
    0.5631377696990967,
    0.5633503198623657,
    0.5637755393981934,
    0.5639880895614624,
    0.5633503198623657,
    0.5642006993293762,
    0.5648384094238281,
    0.5639880895614624,
    0.5642006993293762,
    0.5633503198623657,
    0.5644132494926453,
    0.5642006993293762,
    0.5635629296302795,
    0.5637755393981934,
    0.5637755393981934,
    0.5644132494926453,
    0.5661139488220215,
    0.5642006993293762,
    0.5652636289596558,
    0.5661139488220215,
    0.5642006993293762,
    0.5652636289596558,
    0.5644132494926453,
    0.5648384094238281,
    0.5654761791229248,
    0.5642006993293762,
    0.5652636289596558,
    0.5648384094238281,
    0.5646258592605591,
    0.5639880895614624,
    0.5646258592605591,
    0.5631377696990967,
    0.5644132494926453,
    0.5654761791229248,
    0.5639880895614624,
    0.5646258592605591,
    0.5650510191917419,
    0.5644132494926453,
    0.5646258592605591,
    0.5635629296302795,
    0.5644132494926453,
    0.5652636289596558,
    0.5635629296302795,
    0.5639880895614624,
    0.5642006993293762,
    0.5639880895614624,
    0.5627126097679138,
    0.5622873902320862,
    0.5642006993293762,
    0.5646258592605591,
    0.5646258592605591,
    0.5642006993293762,
    0.5633503198623657,
    0.5637755393981934,
    0.5631377696990967,
    0.5627126097679138,
    0.5639880895614624,
    0.5639880895614624,
    0.5633503198623657,
    0.5639880895614624,
    0.5642006993293762,
    0.5635629296302795,
    0.5633503198623657,
    0.5635629296302795,
    0.5635629296302795,
    0.5642006993293762,
    0.5616496801376343,
    0.5629251599311829,
    0.5631377696990967
  ],
  "val_acc": [
    0.010201913304626942,
    0.09819341450929642,
    0.1417640745639801,
    0.17428268492221832,
    0.1908607929944992,
    0.20446333289146423,
    0.21126461029052734,
    0.22019128501415253,
    0.22869287431240082,
    0.23060573637485504,
    0.23506908118724823,
    0.23655685782432556,
    0.237619549036026,
    0.23868225514888763,
    0.23889479041099548,
    0.23740701377391815,
    0.23825716972351074,
    0.23868225514888763,
    0.23846971988677979,
    0.2380446344614029,
    0.23698192834854126,
    0.23698192834854126,
    0.23528161644935608,
    0.2344314604997635,
    0.23613177239894867,
    0.2371944785118103,
    0.23634430766105652,
    0.23655685782432556,
    0.23740701377391815,
    0.23698192834854126,
    0.2380446344614029,
    0.23825716972351074,
    0.23740701377391815,
    0.23740701377391815,
    0.23740701377391815,
    0.23655685782432556,
    0.23740701377391815,
    0.2367693930864334,
    0.23825716972351074,
    0.23783209919929504,
    0.2380446344614029,
    0.2371944785118103,
    0.23655685782432556,
    0.2367693930864334,
    0.23698192834854126,
    0.2371944785118103,
    0.23570670187473297,
    0.23634430766105652,
    0.23591923713684082,
    0.23549415171146393,
    0.2340063750743866,
    0.2344314604997635,
    0.2344314604997635,
    0.23464399576187134,
    0.2348565310239792,
    0.23379383981227875,
    0.23421891033649445,
    0.2340063750743866,
    0.23379383981227875,
    0.2335812896490097,
    0.2348565310239792,
    0.23336875438690186,
    0.23336875438690186,
    0.233156219124794,
    0.23464399576187134,
    0.23506908118724823,
    0.233156219124794,
    0.2340063750743866,
    0.233156219124794,
    0.2344314604997635,
    0.233156219124794,
    0.2340063750743866,
    0.23421891033649445,
    0.2335812896490097,
    0.23379383981227875,
    0.23294368386268616,
    0.23528161644935608,
    0.23421891033649445,
    0.2340063750743866,
    0.2340063750743866,
    0.2348565310239792,
    0.23421891033649445,
    0.23379383981227875,
    0.23336875438690186,
    0.23506908118724823,
    0.23549415171146393,
    0.2344314604997635,
    0.23506908118724823,
    0.23379383981227875,
    0.23506908118724823,
    0.23421891033649445,
    0.2344314604997635,
    0.23336875438690186,
    0.23421891033649445,
    0.233156219124794,
    0.2340063750743866,
    0.23336875438690186,
    0.23273113369941711,
    0.23379383981227875,
    0.2340063750743866,
    0.23421891033649445
  ],