{
  "config": {
    "encoding": "fourier",
    "p": 97,
    "train_frac": 0.5,
    "hidden": 256,
    "lr": 0.001,
    "weight_decay": 0.1,
    "steps": 20000,
    "eval_every": 200,
    "seed": 0,
    "num_freqs": 1,
    "fourier_normalize": true,
    "num_distractor": 8,
    "train_acc_thresh": 0.99,
    "val_acc_thresh": 0.9
  },
  "metrics_version": "grok-metrics-v1",
  "encoding_version": "enc-v1",
  "steps_log": [
    0,
    200,
    400,
    600,
    800,
    1000,
    1200,
    1400,
    1600,
    1800,
    2000,
    2200,
    2400,
    2600,
    2800,
    3000,
    3200,
    3400,
    3600,
    3800,
    4000,
    4200,
    4400,
    4600,
    4800,
    5000,
    5200,
    5400,
    5600,
    5800,
    6000,
    6200,
    6400,
    6600,
    6800,
    7000,
    7200,
    7400,
    7600,
    7800,
    8000,
    8200,
    8400,
    8600,
    8800,
    9000,
    9200,
    9400,
    9600,
    9800,
    10000,
    10200,
    10400,
    10600,
    10800,
    11000,
    11200,
    11400,
    11600,
    11800,
    12000,
    12200,
    12400,
    12600,
    12800,
    13000,
    13200,
    13400,
    13600,
    13800,
    14000,
    14200,
    14400,
    14600,
    14800,
    15000,
    15200,
    15400,
    15600,
    15800,
    16000,
    16200,
    16400,
    16600,
    16800,
    17000,
    17200,
    17400,
    17600,
    17800,
    18000,
    18200,
    18400,
    18600,
    18800,
    19000,
    19200,
    19400,
    19600,
    19800,
    20000
  ],
  "train_acc": [
    0.01424319762736559,
    0.21152210235595703,
    0.33673468232154846,
    0.42899659276008606,
    0.4985119104385376,
    0.555059552192688,
    0.6067177057266235,
    0.6543367505073547,
    0.6930271983146667,
    0.7323554158210754,
    0.7597789168357849,
    0.793154776096344,
    0.8212159872055054,
    0.8488520383834839,
    0.8713860511779785,
    0.8903061151504517,
    0.9096513390541077,
    0.9217687249183655,
    0.9340986609458923,
    0.9466411471366882,
    0.956632673740387,
    0.9657738208770752,
    0.9704506993293762,
    0.9757652878761292,
    0.9795918464660645,
    0.9825680255889893,
    0.9849064350128174,
    0.9870322942733765,
    0.9893707633018494,
    0.9904336929321289,
    0.9923469424247742,
    0.992772102355957,
    0.9942601919174194,
    0.995323121547699,
    0.9963860511779785,
    0.9970238208770752,
    0.9970238208770752,
    0.9976615905761719,
    0.9978741407394409,
    0.9978741407394409,
    0.9978741407394409,
    0.9985119104385376,
    0.9980867505073547,
    0.9980867505073547,
    0.9985119104385376,
    0.9987244606018066,
    0.9991496801376343,
    0.9991496801376343,
    0.9989370703697205,
    0.9991496801376343,
    0.9993622303009033,
    0.9991496801376343,
    0.9993622303009033,
    0.9995748400688171,
    0.9995748400688171,
    0.9993622303009033,
    0.9995748400688171,
    0.9995748400688171,
    0.9993622303009033,
    0.9995748400688171,
    0.9995748400688171,
    0.9993622303009033,
    0.9995748400688171,
    0.9995748400688171,
    0.9995748400688171,
    0.9997873902320862,
    0.9997873902320862,
    0.9997873902320862,
    0.9997873902320862,
    0.9997873902320862,
    0.9997873902320862,
    0.9997873902320862,
    0.9997873902320862,
    1.0,
    0.9997873902320862,
    0.9997873902320862,
    1.0,
    1.0,
    0.9997873902320862,
    0.9997873902320862,
    0.9997873902320862,
    1.0,
    0.9997873902320862,
    1.0,
    0.9997873902320862,
    1.0,
    1.0,
    1.0,
    1.0,
    1.0,
    1.0,
    1.0,
    1.0,
    1.0,
    1.0,
    1.0,
    1.0,
    1.0,
    1.0,
    1.0,
    1.0
  ],
  "val_acc": [
    0.010201913304626942,
    0.10541976988315582,
    0.15940488874912262,
    0.19638682901859283,
    0.22295430302619934,
    0.25143465399742126,
    0.2735387980937958,
    0.29861849546432495,
    0.31944739818573,
    0.3411264717578888,
    0.360892653465271,
    0.38193410634994507,
    0.40616366267204285,
    0.42911794781684875,
    0.44760891795158386,
    0.4680127501487732,
    0.4888416528701782,
    0.5113708972930908,
    0.5307120084762573,
    0.548352837562561,
    0.5691817402839661,
    0.5874601602554321,
    0.6029755473136902,
    0.6172157526016235,
    0.631030797958374,
    0.6444208025932312,
    0.6565356254577637,
    0.6671625971794128,
    0.6790648102760315,
    0.6871413588523865,
    0.6981934309005737,
    0.7073326110839844,
    0.7196599245071411,
    0.7260361313819885,
    0.7343251705169678,
    0.7392135858535767,
    0.7483528256416321,
    0.7540913820266724,
    0.7615302801132202,
    0.7698193192481995,
    0.7753453850746155,
    0.7810839414596558,
    0.7872475981712341,
    0.7923485636711121,
    0.8017002940177917,
    0.8040382862091064,
    0.8087141513824463,
    0.8114771246910095,
    0.8167906403541565,
    0.8223167061805725,
    0.8263549208641052,
    0.8312433362007141,
    0.8342189192771912,
    0.838682234287262,
    0.8403825759887695,
    0.844208300113678,
    0.8429330587387085,
    0.8459085822105408,
    0.8499468564987183,
    0.8522847890853882,
    0.8544102311134338,
    0.8565356135368347,
    0.8578108549118042,
    0.862061619758606,
    0.8635494112968445,
    0.8660998940467834,
    0.8669500350952148,
    0.867800235748291,
    0.8716259002685547,
    0.8716259002685547,
    0.8726886510848999,
    0.8735387921333313,
    0.8758767247200012,
    0.8771519660949707,
    0.8777895569801331,
    0.880340039730072,
    0.8794898986816406,
    0.8816152811050415,
    0.8837407231330872,
    0.8835281729698181,
    0.885866105556488,
    0.885866105556488,
    0.8867162466049194,
    0.8879914879798889,
    0.888416588306427,
    0.8905419707298279,
    0.8913921117782593,
    0.8903294205665588,
    0.8903294205665588,
    0.8918172121047974,
    0.8916046619415283,
    0.8926673531532288,
    0.8928799033164978,
    0.8928799033164978,
    0.8924548625946045,
    0.8928799033164978,
    0.8947927951812744,
    0.8945802450180054,
    0.8952178359031677,
    0.8960680365562439,
    0.8960680365562439
  ],