{
  "config": {
    "encoding": "fourier",
    "p": 97,
    "train_frac": 0.5,
    "hidden": 256,
    "lr": 0.001,
    "weight_decay": 0.1,
    "steps": 20000,
    "eval_every": 200,
    "seed": 0,
    "num_freqs": 4,
    "fourier_normalize": true,
    "num_distractor": 8,
    "train_acc_thresh": 0.99,
    "val_acc_thresh": 0.9
  },
  "metrics_version": "grok-metrics-v1",
  "encoding_version": "enc-v1",
  "steps_log": [
    0,
    200,
    400,
    600,
    800,
    1000,
    1200,
    1400,
    1600,
    1800,
    2000,
    2200,
    2400,
    2600,
    2800,
    3000,
    3200,
    3400,
    3600,
    3800,
    4000,
    4200,
    4400,
    4600,
    4800,
    5000,
    5200,
    5400,
    5600,
    5800,
    6000,
    6200,
    6400,
    6600,
    6800,
    7000,
    7200,
    7400,
    7600,
    7800,
    8000,
    8200,
    8400,
    8600,
    8800,
    9000,
    9200,
    9400,
    9600,
    9800,
    10000,
    10200,
    10400,
    10600,
    10800,
    11000,
    11200,
    11400,
    11600,
    11800,
    12000,
    12200,
    12400,
    12600,
    12800,
    13000,
    13200,
    13400,
    13600,
    13800,
    14000,
    14200,
    14400,
    14600,
    14800,
    15000,
    15200,
    15400,
    15600,
    15800,
    16000,
    16200,
    16400,
    16600,
    16800,
    17000,
    17200,
    17400,
    17600,
    17800,
    18000,
    18200,
    18400,
    18600,
    18800,
    19000,
    19200,
    19400,
    19600,
    19800,
    20000
  ],
  "train_acc": [
    0.01254251692444086,
    0.27551019191741943,
    0.47512754797935486,
    0.6209608912467957,
    0.7519132494926453,
    0.8518282175064087,
    0.9366496801376343,
    0.9842687249183655,
    0.9982993006706238,
    1.0,
    1.0,
    1.0,
    1.0,
    1.0,
    1.0,
    1.0,
    1.0,
    1.0,
    1.0,
    1.0,
    1.0,
    1.0,
    1.0,
    1.0,
    1.0,
    1.0,
    1.0,
    1.0,
    1.0,
    1.0,
    1.0,
    1.0,
    1.0,
    1.0,
    1.0,
    1.0,
    1.0,
    1.0,
    1.0,
    1.0,
    1.0,
    1.0,
    1.0,
    1.0,
    1.0,
    1.0,
    1.0,
    1.0,
    1.0,
    1.0,
    1.0,
    1.0,
    1.0,
    1.0,
    1.0,
    1.0,
    1.0,
    1.0,
    1.0,
    1.0,
    1.0,
    1.0,
    1.0,
    1.0,
    1.0,
    1.0,
    1.0,
    1.0,
    1.0,
    1.0,
    1.0,
    1.0,
    1.0,
    1.0,
    1.0,
    1.0,
    1.0,
    1.0,
    1.0,
    1.0,
    1.0,
    1.0,
    1.0,
    1.0,
    1.0,
    1.0,
    1.0,
    1.0,
    1.0,
    1.0,
    1.0,
    1.0,
    1.0,
    1.0,
    1.0,
    1.0,
    1.0,
    1.0,
    1.0,
    1.0,
    1.0
  ],
  "val_acc": [
    0.012114771641790867,
    0.10690754652023315,
    0.19319872558116913,
    0.26716259121894836,
    0.3258236050605774,
    0.3659936189651489,
    0.40212538838386536,
    0.4306057393550873,
    0.45483529567718506,
    0.47375133633613586,
    0.4882040321826935,
    0.501168966293335,
    0.5117959380149841,
    0.5228480100631714,
    0.5290116667747498,
    0.5377258062362671,
    0.548140287399292,
    0.5602550506591797,
    0.566206157207489,
    0.5749202966690063,
    0.5834218859672546,
    0.5906482338905334,
    0.597662091255188,
    0.6027629971504211,
    0.60765141248703,
    0.6136025786399841,
    0.6193411350250244,
    0.6248671412467957,
    0.6295430660247803,
    0.633793830871582,
    0.6371944546699524,
    0.6401700377464294,
    0.6437832117080688,
    0.6471838355064392,
    0.6499468684196472,
    0.6522848010063171,
    0.6565356254577637,
    0.6580233573913574,
    0.6614240407943726,
    0.6629117727279663,
    0.6665249466896057,
    0.6684378385543823,
    0.6705632209777832,
    0.6731137037277222,
    0.6754516363143921,
    0.6790648102760315,
    0.6809777021408081,
    0.6822529435157776,
    0.6839532256126404,
    0.6862911581993103,
    0.688416600227356,
    0.6886290907859802,
    0.6901168823242188,
    0.6916046738624573,
    0.6928799152374268,
    0.6947927474975586,
    0.6960679888725281,
    0.6996811628341675,
    0.700956404209137,
    0.7015940546989441,
    0.7032943964004517,
    0.7056323289871216,
    0.7079702615737915,
    0.7098830938339233,
    0.7115834355354309,
    0.7132837176322937,
    0.7139213681221008,
    0.7145589590072632,
    0.7162593007087708,
    0.7179596424102783,
    0.7190223336219788,
    0.7211477160453796,
    0.7211477160453796,
    0.7215728163719177,
    0.7228480577468872,
    0.7232730984687805,
    0.72454833984375,
    0.7253985404968262,
    0.7266737222671509,
    0.7277364730834961,
    0.7283740639686584,
    0.7302869558334351,
    0.7324123382568359,
    0.7339001297950745,
    0.7356004118919373,
    0.7370882034301758,
    0.7379383444786072,
    0.7392135858535767,
    0.7398512363433838,
    0.7417640686035156,
    0.7417640686035156,
    0.7430393099784851,
    0.7434644103050232,
    0.745377242565155,
    0.7464399337768555,
    0.7470775842666626,
    0.747715175151825,
    0.7489904165267944,
    0.7502656579017639,
    0.7511158585548401,
    0.7511158585548401
  ],
  "train_loss": [
    4.574515342712402,
    2.925729751586914,
    1.8164031505584717,
    1.365886926651001,
    1.0500799417495728,
    0.8085735440254211,
    0.6212766766548157,
    0.47507041692733765,
    0.36169540882110596,
    0.2742501497268677,
    0.20690929889678955,
    0.15542730689048767,
    0.116237573325634,
    0.08666206896305084,
    0.06442584842443466,
    0.04777926206588745,
    0.03541829064488411,
    0.026238029822707176,
    0.019419047981500626,
    0.01436784490942955,
    0.010638156905770302,
    0.007888536900281906,
    0.005857633892446756,
    0.0043535600416362286,
    0.0032420873176306486,
    0.002421462209895253,
    0.0018156837904825807,
    0.0013637094525620341,
    0.0010266813915222883,
    0.0007756980485282838,
    0.0005886321887373924,
    0.00044802925549447536,
    0.000342958519468084,
    0.0002638956648297608,
    0.00020428725110832602,
    0.0001592285989318043,
    0.0001252137590199709,
    9.929179213941097e-05,
    7.952481246320531e-05,
    6.435713294195011e-05,
    5.267350570647977e-05,
    4.361512037576176e-05,
    3.657352499430999e-05,
    3.110735269729048e-05,
    2.6826784960576333e-05,
    2.3462631361326203e-05,
    2.0780442355317064e-05,
    1.864837577159051e-05,
    1.6932761354837567e-05,
    1.5549323507002555e-05,
    1.4427833775698673e-05,
    1.3519086678570602e-05,
    1.2779189091816079e-05,
    1.2173195500508882e-05,
    1.167710706795333e-05,
    1.1261099643888883e-05,
    1.091911326511763e-05,
    1.0635895705490839e-05,
    1.0403663509350736e-05,
    1.0207925697613973e-05,
    1.0050021046481561e-05,
    9.918117029883433e-06,
    9.806511116039474e-06,
    9.70866676652804e-06,
    9.630083695810754e-06,
    9.562344530422706e-06,
    9.505858542979695e-06,
    9.457456144446041e-06,
    9.417137334821746e-06,
    9.3853595899418e-06,
    9.358142051496543e-06,
    9.336373295809608e-06,
    9.314680937677622e-06,
    9.29524321691133e-06,
    9.276439413952176e-06,
    9.25345466384897e-06,
    9.237007361662108e-06,
    9.220256288244855e-06,
    9.205889000440948e-06,
    9.194257472699974e-06,
    9.18173827813007e-06,
    9.17246416065609e-06,
    9.16437875275733e-06,
    9.158271495834924e-06,
    9.153734936262481e-06,
    9.143699571723118e-06,
    9.134577339864336e-06,
    9.128342753683683e-06,
    9.118206435232423e-06,
    9.106624929700047e-06,
    9.097578185901511e-06,
    9.085186320589855e-06,
    9.078445145860314e-06,
    9.070665328181349e-06,
    9.068739927897695e-06,
    9.064710866368841e-06,
    9.056118869921193e-06,
    9.04608350538183e-06,
    9.039139513333794e-06,
    9.036758456204552e-06,
    9.037569725478534e-06
  ],