{
  "config": {
    "encoding": "fourier",
    "p": 97,
    "train_frac": 0.5,
    "hidden": 256,
    "lr": 0.001,
    "weight_decay": 1.0,
    "steps": 20000,
    "eval_every": 200,
    "seed": 0,
    "num_freqs": 4,
    "fourier_normalize": true,
    "num_distractor": 8,
    "train_acc_thresh": 0.99,
    "val_acc_thresh": 0.9
  },
  "metrics_version": "grok-metrics-v1",
  "encoding_version": "enc-v1",
  "steps_log": [
    0,
    200,
    400,
    600,
    800,
    1000,
    1200,
    1400,
    1600,
    1800,
    2000,
    2200,
    2400,
    2600,
    2800,
    3000,
    3200,
    3400,
    3600,
    3800,
    4000,
    4200,
    4400,
    4600,
    4800,
    5000,
    5200,
    5400,
    5600,
    5800,
    6000,
    6200,
    6400,
    6600,
    6800,
    7000,
    7200,
    7400,
    7600,
    7800,
    8000,
    8200,
    8400,
    8600,
    8800,
    9000,
    9200,
    9400,
    9600,
    9800,
    10000,
    10200,
    10400,
    10600,
    10800,
    11000,
    11200,
    11400,
    11600,
    11800,
    12000,
    12200,
    12400,
    12600,
    12800,
    13000,
    13200,
    13400,
    13600,
    13800,
    14000,
    14200,
    14400,
    14600,
    14800,
    15000,
    15200,
    15400,
    15600,
    15800,
    16000,
    16200,
    16400,
    16600,
    16800,
    17000,
    17200,
    17400,
    17600,
    17800,
    18000,
    18200,
    18400,
    18600,
    18800,
    19000,
    19200,
    19400,
    19600,
    19800,
    20000
  ],
  "train_acc": [
    0.01254251692444086,
    0.24893707036972046,
    0.4166666567325592,
    0.5199829936027527,
    0.6014030575752258,
    0.6690050959587097,
    0.7181122303009033,
    0.7614796161651611,
    0.7920918464660645,
    0.8214285969734192,
    0.8448129296302795,
    0.8633078336715698,
    0.8771258592605591,
    0.889668345451355,
    0.9009353518486023,
    0.9107142686843872,
    0.9170918464660645,
    0.9232568144798279,
    0.9272959232330322,
    0.9321853518486023,
    0.9343112111091614,
    0.9368622303009033,
    0.9385629296302795,
    0.9392006993293762,
    0.9415391087532043,
    0.9426020383834839,
    0.944940447807312,
    0.9451530575752258,
    0.9464285969734192,
    0.9470663070678711,
    0.9464285969734192,
    0.946853756904602,
    0.9477040767669678,
    0.9481292366981506,
    0.9479166865348816,
    0.9483418464660645,
    0.9489796161651611,
    0.9511054158210754,
    0.9502550959587097,
    0.9500425457954407,
    0.9500425457954407,
    0.9502550959587097,
    0.9508928656578064,
    0.9517431855201721,
    0.9528061151504517,
    0.9528061151504517,
    0.9523809552192688,
    0.9513180255889893,
    0.9523809552192688,
    0.9513180255889893,
    0.9523809552192688,
    0.9532312750816345,
    0.9545068144798279,
    0.9547193646430969,
    0.9557822942733765,
    0.9551445841789246,
    0.9549319744110107,
    0.9549319744110107,
    0.9553571343421936,
    0.9545068144798279,
    0.9555697441101074,
    0.9564200639724731,
    0.9559949040412903,
    0.9557822942733765,
    0.9557822942733765,
    0.9555697441101074,
    0.9562074542045593,
    0.956845223903656,
    0.956632673740387,
    0.9559949040412903,
    0.9564200639724731,
    0.9562074542045593,
    0.956845223903656,
    0.956632673740387,
    0.956845223903656,
    0.9557822942733765,
    0.9557822942733765,
    0.9559949040412903,
    0.9562074542045593,
    0.956632673740387,
    0.9574829936027527,
    0.9570578336715698,
    0.9572703838348389,
    0.9576956033706665,
    0.9581207633018494,
    0.9574829936027527,
    0.9574829936027527,
    0.9574829936027527,
    0.9579081535339355,
    0.9579081535339355,
    0.9581207633018494,
    0.9585459232330322,
    0.9583333134651184,
    0.958758533000946,
    0.958758533000946,
    0.958758533000946,
    0.9591836929321289,
    0.9591836929321289,
    0.9591836929321289,
    0.9596088528633118,
    0.9598214030265808
  ],
  "val_acc": [
    0.012114771641790867,
    0.0962805524468422,
    0.17109458148479462,
    0.21891604363918304,
    0.2586610019207001,
    0.28650373220443726,
    0.30350691080093384,
    0.3137088119983673,
    0.32199788093566895,
    0.33326247334480286,
    0.34006375074386597,
    0.3455897867679596,
    0.34622740745544434,
    0.3487778902053833,
    0.3528161644935608,
    0.3523910641670227,
    0.3528161644935608,
    0.354729026556015,
    0.35345378518104553,
    0.35621678829193115,
    0.35536661744117737,
    0.35494154691696167,
    0.35791710019111633,
    0.35791710019111633,
    0.3587672710418701,
    0.3577045798301697,
    0.35791710019111633,
    0.35897982120513916,
    0.3596174418926239,
    0.36025506258010864,
    0.36025506258010864,
    0.36068013310432434,
    0.3596174418926239,
    0.35897982120513916,
    0.3587672710418701,
    0.3555791676044464,
    0.3560042381286621,
    0.35579171776771545,
    0.3572794795036316,
    0.35791710019111633,
    0.35749202966690063,
    0.3583422005176544,
    0.3583422005176544,
    0.35982996225357056,
    0.36259299516677856,
    0.3621678948402405,
    0.3619553744792938,
    0.3617428243160248,
    0.36025506258010864,
    0.3600425124168396,
    0.36259299516677856,
    0.3628055155277252,
    0.36259299516677856,
    0.3600425124168396,
    0.3583422005176544,
    0.3604675829410553,
    0.3581296503543854,
    0.3585547208786011,
    0.3583422005176544,
    0.3585547208786011,
    0.35940489172935486,
    0.3596174418926239,
    0.35940489172935486,
    0.3591923415660858,
    0.35982996225357056,
    0.3581296503543854,
    0.35897982120513916,
    0.3583422005176544,
    0.3591923415660858,
    0.360892653465271,
    0.36153027415275574,
    0.36025506258010864,
    0.3617428243160248,
    0.36153027415275574,
    0.36153027415275574,
    0.3613177537918091,
    0.36153027415275574,
    0.36068013310432434,
    0.3604675829410553,
    0.35982996225357056,
    0.36110520362854004,
    0.36153027415275574,
    0.36153027415275574,
    0.360892653465271,
    0.36068013310432434,
    0.36110520362854004,
    0.36153027415275574,
    0.3604675829410553,
    0.36068013310432434,
    0.35982996225357056,
    0.36110520362854004,
    0.3623804450035095,
    0.36153027415275574,
    0.3619553744792938,
    0.3621678948402405,
    0.3604675829410553,
    0.3617428243160248,
    0.3604675829410553,
    0.3621678948402405,
    0.36386823654174805,
    0.36386823654174805
  ],