{
  "config": {
    "encoding": "fourier",
    "p": 97,
    "train_frac": 0.5,
    "hidden": 256,
    "lr": 0.001,
    "weight_decay": 1.0,
    "steps": 20000,
    "eval_every": 200,
    "seed": 0,
    "num_freqs": 2,
    "fourier_normalize": true,
    "num_distractor": 8,
    "train_acc_thresh": 0.99,
    "val_acc_thresh": 0.9
  },
  "metrics_version": "grok-metrics-v1",
  "encoding_version": "enc-v1",
  "steps_log": [
    0,
    200,
    400,
    600,
    800,
    1000,
    1200,
    1400,
    1600,
    1800,
    2000,
    2200,
    2400,
    2600,
    2800,
    3000,
    3200,
    3400,
    3600,
    3800,
    4000,
    4200,
    4400,
    4600,
    4800,
    5000,
    5200,
    5400,
    5600,
    5800,
    6000,
    6200,
    6400,
    6600,
    6800,
    7000,
    7200,
    7400,
    7600,
    7800,
    8000,
    8200,
    8400,
    8600,
    8800,
    9000,
    9200,
    9400,
    9600,
    9800,
    10000,
    10200,
    10400,
    10600,
    10800,
    11000,
    11200,
    11400,
    11600,
    11800,
    12000,
    12200,
    12400,
    12600,
    12800,
    13000,
    13200,
    13400,
    13600,
    13800,
    14000,
    14200,
    14400,
    14600,
    14800,
    15000,
    15200,
    15400,
    15600,
    15800,
    16000,
    16200,
    16400,
    16600,
    16800,
    17000,
    17200,
    17400,
    17600,
    17800,
    18000,
    18200,
    18400,
    18600,
    18800,
    19000,
    19200,
    19400,
    19600,
    19800,
    20000
  ],
  "train_acc": [
    0.009141156449913979,
    0.24298469722270966,
    0.35140305757522583,
    0.4332483112812042,
    0.4897959232330322,
    0.5391156673431396,
    0.5807822942733765,
    0.6160714030265808,
    0.6388180255889893,
    0.6556122303009033,
    0.6687925457954407,
    0.6783588528633118,
    0.6889880895614624,
    0.6985543966293335,
    0.7064200639724731,
    0.7130101919174194,
    0.7185373902320862,
    0.7221513390541077,
    0.7272533774375916,
    0.728741466999054,
    0.730654776096344,
    0.730867326259613,
    0.7338435649871826,
    0.7351190447807312,
    0.7355442047119141,
    0.7372449040412903,
    0.7387329936027527,
    0.7383078336715698,
    0.7391581535339355,
    0.7408588528633118,
    0.7410714030265808,
    0.742559552192688,
    0.7423469424247742,
    0.7421343326568604,
    0.7417091727256775,
    0.7421343326568604,
    0.7421343326568604,
    0.7429847121238708,
    0.7434098720550537,
    0.7438350319862366,
    0.7442601919174194,
    0.7429847121238708,
    0.7440476417541504,
    0.7459608912467957,
    0.7463860511779785,
    0.7461734414100647,
    0.7455357313156128,
    0.7444728016853333,
    0.7457482814788818,
    0.7459608912467957,
    0.7442601919174194,
    0.7444728016853333,
    0.7434098720550537,
    0.7448979616165161,
    0.7438350319862366,
    0.7442601919174194,
    0.7448979616165161,
    0.7448979616165161,
    0.7446853518486023,
    0.7446853518486023,
    0.7451105713844299,
    0.745323121547699,
    0.7446853518486023,
    0.7442601919174194,
    0.745323121547699,
    0.7463860511779785,
    0.7457482814788818,
    0.7451105713844299,
    0.7438350319862366,
    0.7457482814788818,
    0.745323121547699,
    0.7446853518486023,
    0.7446853518486023,
    0.7457482814788818,
    0.7451105713844299,
    0.745323121547699,
    0.7444728016853333,
    0.7446853518486023,
    0.7451105713844299,
    0.7434098720550537,
    0.7446853518486023,
    0.7436224222183228,
    0.7434098720550537,
    0.7436224222183228,
    0.7434098720550537,
    0.7438350319862366,
    0.7442601919174194,
    0.7436224222183228,
    0.7431972622871399,
    0.7436224222183228,
    0.7446853518486023,
    0.7448979616165161,
    0.7438350319862366,
    0.7442601919174194,
    0.7431972622871399,
    0.7436224222183228,
    0.742772102355957,
    0.7436224222183228,
    0.742559552192688,
    0.7421343326568604,
    0.7436224222183228
  ],
  "val_acc": [
    0.007651434745639563,
    0.11413390189409256,
    0.16216790676116943,
    0.1921360194683075,
    0.21126461029052734,
    0.22699256241321564,
    0.2416578084230423,
    0.2512221038341522,
    0.25951117277145386,
    0.2641870379447937,
    0.27035069465637207,
    0.2718384563922882,
    0.2786397337913513,
    0.281827837228775,
    0.284378319978714,
    0.2875664234161377,
    0.28905418515205383,
    0.2888416647911072,
    0.2899043560028076,
    0.29054197669029236,
    0.29096704721450806,
    0.2920297682285309,
    0.2930924594402313,
    0.293517529964447,
    0.293517529964447,
    0.2939426004886627,
    0.2930924594402313,
    0.29373008012771606,
    0.293304979801178,
    0.29373008012771606,
    0.2939426004886627,
    0.293517529964447,
    0.2924548387527466,
    0.2926673889160156,
    0.2928799092769623,
    0.2928799092769623,
    0.2920297682285309,
    0.2916046679019928,
    0.29181721806526184,
    0.29096704721450806,
    0.2916046679019928,
    0.29011690616607666,
    0.2907545268535614,
    0.2907545268535614,
    0.29054197669029236,
    0.29054197669029236,
    0.2903294265270233,
    0.2899043560028076,
    0.2896918058395386,
    0.2894792854785919,
    0.2907545268535614,
    0.2924548387527466,
    0.2916046679019928,
    0.2924548387527466,
    0.2911795973777771,
    0.29096704721450806,
    0.2924548387527466,
    0.29139214754104614,
    0.29224228858947754,
    0.2920297682285309,
    0.29224228858947754,
    0.293304979801178,
    0.293517529964447,
    0.2926673889160156,
    0.293517529964447,
    0.2928799092769623,
    0.2939426004886627,
    0.2930924594402313,
    0.2911795973777771,
    0.29054197669029236,
    0.29011690616607666,
    0.29096704721450806,
    0.29139214754104614,
    0.2907545268535614,
    0.29054197669029236,
    0.2916046679019928,
    0.2916046679019928,
    0.29224228858947754,
    0.2907545268535614,
    0.2924548387527466,
    0.2916046679019928,
    0.29139214754104614,
    0.2916046679019928,
    0.29096704721450806,
    0.2911795973777771,
    0.29054197669029236,
    0.2907545268535614,
    0.29054197669029236,
    0.2911795973777771,
    0.2916046679019928,
    0.2907545268535614,
    0.29181721806526184,
    0.2916046679019928,
    0.29096704721450806,
    0.2911795973777771,
    0.29054197669029236,
    0.29011690616607666,
    0.2896918058395386,
    0.29011690616607666,
    0.2896918058395386,
    0.28862911462783813
  ],