{
  "config": {
    "encoding": "fourier",
    "p": 97,
    "train_frac": 0.5,
    "hidden": 256,
    "lr": 0.001,
    "weight_decay": 1.0,
    "steps": 20000,
    "eval_every": 200,
    "seed": 0,
    "num_freqs": 8,
    "fourier_normalize": true,
    "num_distractor": 8,
    "train_acc_thresh": 0.99,
    "val_acc_thresh": 0.9
  },
  "metrics_version": "grok-metrics-v1",
  "encoding_version": "enc-v1",
  "steps_log": [
    0,
    200,
    400,
    600,
    800,
    1000,
    1200,
    1400,
    1600,
    1800,
    2000,
    2200,
    2400,
    2600,
    2800,
    3000,
    3200,
    3400,
    3600,
    3800,
    4000,
    4200,
    4400,
    4600,
    4800,
    5000,
    5200,
    5400,
    5600,
    5800,
    6000,
    6200,
    6400,
    6600,
    6800,
    7000,
    7200,
    7400,
    7600,
    7800,
    8000,
    8200,
    8400,
    8600,
    8800,
    9000,
    9200,
    9400,
    9600,
    9800,
    10000,
    10200,
    10400,
    10600,
    10800,
    11000,
    11200,
    11400,
    11600,
    11800,
    12000,
    12200,
    12400,
    12600,
    12800,
    13000,
    13200,
    13400,
    13600,
    13800,
    14000,
    14200,
    14400,
    14600,
    14800,
    15000,
    15200,
    15400,
    15600,
    15800,
    16000,
    16200,
    16400,
    16600,
    16800,
    17000,
    17200,
    17400,
    17600,
    17800,
    18000,
    18200,
    18400,
    18600,
    18800,
    19000,
    19200,
    19400,
    19600,
    19800,
    20000
  ],
  "train_acc": [
    0.01105442177504301,
    0.2999574840068817,
    0.45960885286331177,
    0.5999149680137634,
    0.7076956033706665,
    0.8042091727256775,
    0.8807398080825806,
    0.9353741407394409,
    0.9693877696990967,
    0.9895833134651184,
    0.9972363710403442,
    0.9993622303009033,
    0.9995748400688171,
    0.9997873902320862,
    0.9997873902320862,
    1.0,
    1.0,
    1.0,
    1.0,
    1.0,
    1.0,
    1.0,
    1.0,
    1.0,
    1.0,
    1.0,
    1.0,
    1.0,
    1.0,
    1.0,
    1.0,
    1.0,
    1.0,
    1.0,
    1.0,
    1.0,
    1.0,
    1.0,
    1.0,
    1.0,
    1.0,
    1.0,
    1.0,
    1.0,
    1.0,
    1.0,
    1.0,
    1.0,
    1.0,
    1.0,
    1.0,
    1.0,
    1.0,
    1.0,
    1.0,
    1.0,
    1.0,
    1.0,
    1.0,
    1.0,
    1.0,
    1.0,
    1.0,
    1.0,
    1.0,
    1.0,
    1.0,
    1.0,
    1.0,
    1.0,
    1.0,
    1.0,
    1.0,
    1.0,
    1.0,
    1.0,
    1.0,
    1.0,
    1.0,
    1.0,
    1.0,
    1.0,
    1.0,
    1.0,
    1.0,
    1.0,
    1.0,
    1.0,
    1.0,
    1.0,
    1.0,
    1.0,
    1.0,
    1.0,
    1.0,
    1.0,
    1.0,
    1.0,
    1.0,
    1.0,
    1.0
  ],
  "val_acc": [
    0.011264611966907978,
    0.07885228842496872,
    0.14303931593894958,
    0.2065887302160263,
    0.2629117965698242,
    0.30541977286338806,
    0.3294367790222168,
    0.3460148870944977,
    0.35706695914268494,
    0.3621678948402405,
    0.36663123965263367,
    0.3685441017150879,
    0.3713071346282959,
    0.3736450672149658,
    0.3730074465274811,
    0.3734325170516968,
    0.3730074465274811,
    0.37279489636421204,
    0.37598299980163574,
    0.3770456910133362,
    0.37789586186408997,
    0.3749203085899353,
    0.3744952082633972,
    0.3757704496383667,
    0.3774707615375519,
    0.37832093238830566,
    0.3781083822250366,
    0.3766206204891205,
    0.3785334825515747,
    0.3789585530757904,
    0.3770456910133362,
    0.3770456910133362,
    0.37874600291252136,
    0.3789585530757904,
    0.38087141513824463,
    0.37874600291252136,
    0.3789585530757904,
    0.3817215859889984,
    0.38002124428749084,
    0.38044634461402893,
    0.3812964856624603,
    0.38150903582572937,
    0.38002124428749084,
    0.3825717270374298,
    0.3829967975616455,
    0.3834218978881836,
    0.3817215859889984,
    0.3829967975616455,
    0.38363441824913025,
    0.3851222097873688,
    0.38448458909988403,
    0.387035071849823,
    0.3866100013256073,
    0.3866100013256073,
    0.3851222097873688,
    0.3866100013256073,
    0.3866100013256073,
    0.387035071849823,
    0.38767269253730774,
    0.38724762201309204,
    0.38639745116233826,
    0.38724762201309204,
    0.3878852427005768,
    0.38809776306152344,
    0.3883103132247925,
    0.3855472803115845,
    0.3855472803115845,
    0.3857598304748535,
    0.3861849009990692,
    0.38767269253730774,
    0.38852283358573914,
    0.38767269253730774,
    0.3883103132247925,
    0.3874601423740387,
    0.3855472803115845,
    0.3846971392631531,
    0.3846971392631531,
    0.3846971392631531,
    0.38448458909988403,
    0.3866100013256073,
    0.38682252168655396,
    0.3874601423740387,
    0.387035071849823,
    0.38597238063812256,
    0.38597238063812256,
    0.3874601423740387,
    0.3883103132247925,
    0.3889479339122772,
    0.39043569564819336,
    0.3906482458114624,
    0.3910733163356781,
    0.3906482458114624,
    0.39001062512397766,
    0.3902231752872467,
    0.39043569564819336,
    0.39086079597473145,
    0.39086079597473145,
    0.3902231752872467,
    0.39001062512397766,
    0.3889479339122772,
    0.3893730044364929
  ],
  "train_loss": [
    4.573949337005615,
    3.5242812633514404,
    2.28009033203125,
    1.5475391149520874,
    1.159069299697876,
    0.9250460267066956,
    0.7641636729240417,
    0.6467371582984924,
    0.5588544011116028,
    0.4921604096889496,
    0.440860778093338,
    0.4006834030151367,
    0.3693215548992157,
    0.3446584641933441,
    0.3249952495098114,
    0.30887484550476074,
    0.2959884703159332,
    0.2852368950843811,
    0.2765219509601593,
    0.26932695508003235,
    0.26327967643737793,
    0.25813961029052734,
    0.2538421154022217,
    0.25025123357772827,
    0.24715280532836914,
    0.24450987577438354,
    0.24227222800254822,
    0.24023084342479706,
    0.23848532140254974,
    0.23694144189357758,
    0.23552989959716797,
    0.23434466123580933,
    0.23333148658275604,
    0.2323843538761139,
    0.23154854774475098,
    0.23076730966567993,
    0.22997839748859406,
    0.22924327850341797,
    0.22863167524337769,
    0.228074312210083,
    0.22751609981060028,
    0.22705504298210144,
    0.22660140693187714,
    0.22616153955459595,
    0.22583836317062378,
    0.22548893094062805,
    0.22511456906795502,
    0.22479061782360077,
    0.22447288036346436,
    0.22407978773117065,
    0.2237282544374466,
    0.22340403497219086,
    0.22309063374996185,
    0.22254082560539246,
    0.22223645448684692,
    0.2220180481672287,
    0.22174422442913055,
    0.22158294916152954,
    0.22141553461551666,
    0.22119005024433136,
    0.22099027037620544,
    0.22080115973949432,
    0.2206602245569229,
    0.2205192595720291,
    0.22036263346672058,
    0.22015580534934998,
    0.21998585760593414,
    0.21982890367507935,
    0.21957804262638092,
    0.21936382353305817,
    0.2190706729888916,
    0.2187872976064682,
    0.2185162603855133,
    0.2183103710412979,
    0.21798817813396454,
    0.21761763095855713,
    0.2173382043838501,
    0.2171783596277237,
    0.21693381667137146,
    0.21677233278751373,
    0.21662089228630066,
    0.2164277285337448,
    0.21627730131149292,
    0.2161535769701004,
    0.21603582799434662,
    0.21590499579906464,
    0.2157299816608429,
    0.21551594138145447,
    0.21534347534179688,
    0.21509742736816406,
    0.21494394540786743,
    0.21479511260986328,
    0.21463680267333984,
    0.214425191283226,
    0.21428383886814117,
    0.2141510248184204,
    0.2140328288078308,
    0.2139025628566742,
    0.21374189853668213,
    0.21348248422145844,
    0.2133360356092453
  ],