{
  "config": {
    "encoding": "onehot",
    "p": 97,
    "train_frac": 0.5,
    "hidden": 256,
    "lr": 0.001,
    "weight_decay": 0.1,
    "steps": 15000,
    "eval_every": 200,
    "seed": 0,
    "num_freqs": 4,
    "fourier_normalize": false,
    "num_distractor": 8,
    "train_acc_thresh": 0.99,
    "val_acc_thresh": 0.9
  },
  "metrics_version": "grok-metrics-v1",
  "encoding_version": "enc-v1",
  "steps_log": [
    0,
    200,
    400,
    600,
    800,
    1000,
    1200,
    1400,
    1600,
    1800,
    2000,
    2200,
    2400,
    2600,
    2800,
    3000,
    3200,
    3400,
    3600,
    3800,
    4000,
    4200,
    4400,
    4600,
    4800,
    5000,
    5200,
    5400,
    5600,
    5800,
    6000,
    6200,
    6400,
    6600,
    6800,
    7000,
    7200,
    7400,
    7600,
    7800,
    8000,
    8200,
    8400,
    8600,
    8800,
    9000,
    9200,
    9400,
    9600,
    9800,
    10000,
    10200,
    10400,
    10600,
    10800,
    11000,
    11200,
    11400,
    11600,
    11800,
    12000,
    12200,
    12400,
    12600,
    12800,
    13000,
    13200,
    13400,
    13600,
    13800,
    14000,
    14200,
    14400,
    14600,
    14800,
    15000
  ],
  "train_acc": [
    0.014455782249569893,
    0.39158162474632263,
    0.9732142686843872,
    1.0,
    1.0,
    1.0,
    1.0,
    1.0,
    1.0,
    1.0,
    1.0,
    1.0,
    1.0,
    1.0,
    1.0,
    1.0,
    1.0,
    1.0,
    1.0,
    1.0,
    1.0,
    1.0,
    1.0,
    1.0,
    1.0,
    1.0,
    1.0,
    1.0,
    1.0,
    1.0,
    1.0,
    1.0,
    1.0,
    1.0,
    1.0,
    1.0,
    1.0,
    1.0,
    1.0,
    1.0,
    1.0,
    1.0,
    1.0,
    1.0,
    1.0,
    1.0,
    1.0,
    1.0,
    1.0,
    1.0,
    1.0,
    1.0,
    1.0,
    1.0,
    1.0,
    1.0,
    1.0,
    1.0,
    1.0,
    1.0,
    1.0,
    1.0,
    1.0,
    1.0,
    1.0,
    1.0,
    1.0,
    1.0,
    1.0,
    1.0,
    1.0,
    1.0,
    1.0,
    1.0,
    1.0,
    1.0
  ],
  "val_acc": [
    0.00913921371102333,
    0.0,
    0.0,
    0.0,
    0.00021253984596114606,
    0.001487778965383768,
    0.0031880978494882584,
    0.004463336896151304,
    0.008714133873581886,
    0.011902231723070145,
    0.014452709816396236,
    0.017428267747163773,
    0.02061636559665203,
    0.024017002433538437,
    0.028692880645394325,
    0.03315621614456177,
    0.037194475531578064,
    0.04080765321850777,
    0.047183845192193985,
    0.05122210457921028,
    0.058660998940467834,
    0.06609989702701569,
    0.0692879930138588,
    0.07757704704999924,
    0.08756642043590546,
    0.09521785378456116,
    0.10414452850818634,
    0.110733263194561,
    0.12029755860567093,
    0.12943677604198456,
    0.137725830078125,
    0.1458023339509964,
    0.15536662936210632,
    0.16323061287403107,
    0.17577046155929565,
    0.18788522481918335,
    0.19511158764362335,
    0.20765143632888794,
    0.22082890570163727,
    0.23251859843730927,
    0.24760892987251282,
    0.2622741758823395,
    0.2731136977672577,
    0.28905418515205383,
    0.3032943606376648,
    0.3154091536998749,
    0.3298618495464325,
    0.3447396457195282,
    0.35494154691696167,
    0.3676939308643341,
    0.3812964856624603,
    0.39404886960983276,
    0.40850159525871277,
    0.4191285967826843,
    0.4297555685043335,
    0.4418703615665436,
    0.4510095715522766,
    0.46248671412467957,
    0.47502657771110535,
    0.4873538911342621,
    0.5024442076683044,
    0.5147715210914612,
    0.5283740758895874,
    0.5411264896392822,
    0.5526036024093628,
    0.5672688484191895,
    0.5787460207939148,
    0.5876727104187012,
    0.5978745818138123,
    0.6074389219284058,
    0.615940511226654,
    0.6272050738334656,
    0.636344313621521,
    0.6478214859962463,
    0.657173216342926,
    0.6671625971794128
  ],
  "train_loss": [
    4.5736846923828125,
    3.124748706817627,
    1.1233097314834595,
    0.15793299674987793,
    0.020423881709575653,
    0.002890361938625574,
    0.0004171368491370231,
    6.334121280815452e-05,
    1.180481103801867e-05,
    3.5414514059084468e-06,
    1.842344090619008e-06,
    1.3445245485854684e-06,
    1.1513167237353628e-06,
    1.0667754395399243e-06,
    1.026278823701432e-06,
    1.0039018434326863e-06,
    9.916361705109011e-07,
    9.808152299228823e-07,
    9.748597449288354e-07,
    9.689297257864382e-07,
    9.648498462411226e-07,
    9.615301905796514e-07,
    9.568163932272e-07,
    9.552451274430496e-07,
    9.506835567663074e-07,
    9.469836754760763e-07,
    9.441453698855184e-07,
    9.404960223946546e-07,
    9.375565355185245e-07,
    9.347942295789835e-07,
    9.32690852550877e-07,
    9.288642104365863e-07,
    9.26710129078856e-07,
    9.230861905962229e-07,
    9.215403338203032e-07,
    9.187020282297453e-07,
    9.164971288555535e-07,
    9.122144319917425e-07,
    9.095788300328422e-07,
    9.058028922481753e-07,
    9.026604743667122e-07,
    9.003289846987172e-07,
    8.961475259638974e-07,
    8.934359243539802e-07,
    8.901668024918763e-07,
    8.877339610080526e-07,
    8.83856614564138e-07,
    8.823867574392352e-07,
    8.781546512182103e-07,
    8.763046821513854e-07,
    8.732382639209391e-07,
    8.709321264177561e-07,
    8.662692039251851e-07,
    8.621890970061941e-07,
    8.59452143231465e-07,
    8.574247658543754e-07,
    8.54865220389911e-07,
    8.519255629835243e-07,
    8.483776241519081e-07,
    8.457420790364267e-07,
    8.427263651356043e-07,
    8.38696962546237e-07,
    8.37328514080582e-07,
    8.331217031809501e-07,
    8.315504942402185e-07,
    8.29497764698317e-07,
    8.269636850855022e-07,
    8.260765866907605e-07,
    8.225793521887681e-07,
    8.194369343073049e-07,
    8.179417818610091e-07,
    8.140644354170945e-07,
    8.132535072036262e-07,
    8.105925530799141e-07,
    8.085905847110553e-07,
    8.056255751398567e-07
  ],
  "val_loss": [
    4.576972484588623,
    6.251766204833984,
    8.797468185424805,
    11.01565933227539,
    12.479130744934082,
    13.5332670211792,
    14.347570419311523,
    14.95757007598877,
    15.279430389404297,
    15.188690185546875,
    14.824504852294922,
    14.374177932739258,
    13.9043550491333,
    13.437996864318848,
    12.983940124511719,
    12.546473503112793,
    12.125557899475098,
    11.720890998840332,
    11.328910827636719,
    10.948660850524902,
    10.58143424987793,
    10.22680950164795,
    9.884499549865723,
    9.552285194396973,
    9.2302827835083,
    8.918728828430176,
    8.617010116577148,
    8.325725555419922,
    8.044095039367676,
    7.771785259246826,
    7.508455753326416,
    7.253080368041992,
    7.0056986808776855,
    6.76597261428833,
    6.534660816192627,
    6.310609817504883,
    6.093767166137695,
    5.8842573165893555,
    5.682124614715576,
    5.486907482147217,
    5.297701358795166,
    5.114865779876709,
    4.9382147789001465,
    4.767699241638184,
    4.603724479675293,
    4.445415496826172,
    4.291815757751465,
    4.1434102058410645,
    3.999903678894043,
    3.8613784313201904,
    3.727985143661499,
    3.5997040271759033,
    3.475890636444092,
    3.3562042713165283,
    3.2407116889953613,
    3.1293911933898926,
    3.02192759513855,
    2.9180850982666016,
    2.8177456855773926,
    2.7209954261779785,
    2.6273179054260254,
    2.5367844104766846,
    2.4495818614959717,
    2.365490674972534,
    2.284407138824463,
    2.2064104080200195,
    2.1313090324401855,
    2.0588929653167725,
    1.9890074729919434,
    1.921617865562439,
    1.8569222688674927,
    1.7945911884307861,
    1.7345093488693237,
    1.6766514778137207,
    1.6207945346832275,
    1.5667297840118408
  ],