{
  "config": {
    "encoding": "onehot",
    "p": 97,
    "train_frac": 0.5,
    "hidden": 256,
    "lr": 0.001,
    "weight_decay": 0.0,
    "steps": 25000,
    "eval_every": 200,
    "seed": 0,
    "num_freqs": 4,
    "fourier_normalize": false,
    "num_distractor": 8,
    "train_acc_thresh": 0.99,
    "val_acc_thresh": 0.9
  },
  "metrics_version": "grok-metrics-v1",
  "encoding_version": "enc-v1",
  "steps_log": [
    0,
    200,
    400,
    600,
    800,
    1000,
    1200,
    1400,
    1600,
    1800,
    2000,
    2200,
    2400,
    2600,
    2800,
    3000,
    3200,
    3400,
    3600,
    3800,
    4000,
    4200,
    4400,
    4600,
    4800,
    5000,
    5200,
    5400,
    5600,
    5800,
    6000,
    6200,
    6400,
    6600,
    6800,
    7000,
    7200,
    7400,
    7600,
    7800,
    8000,
    8200,
    8400,
    8600,
    8800,
    9000,
    9200,
    9400,
    9600,
    9800,
    10000,
    10200,
    10400,
    10600,
    10800,
    11000,
    11200,
    11400,
    11600,
    11800,
    12000,
    12200,
    12400,
    12600,
    12800,
    13000,
    13200,
    13400,
    13600,
    13800,
    14000,
    14200,
    14400,
    14600,
    14800,
    15000,
    15200,
    15400,
    15600,
    15800,
    16000,
    16200,
    16400,
    16600,
    16800,
    17000,
    17200,
    17400,
    17600,
    17800,
    18000,
    18200,
    18400,
    18600,
    18800,
    19000,
    19200,
    19400,
    19600,
    19800,
    20000,
    20200,
    20400,
    20600,
    20800,
    21000,
    21200,
    21400,
    21600,
    21800,
    22000,
    22200,
    22400,
    22600,
    22800,
    23000,
    23200,
    23400,
    23600,
    23800,
    24000,
    24200,
    24400,
    24600,
    24800,
    25000
  ],
  "train_acc": [
    0.014455782249569893,
    0.4009353816509247,
    0.980654776096344,
    1.0,
    1.0,
    1.0,
    1.0,
    1.0,
    1.0,
    1.0,
    1.0,
    1.0,
    1.0,
    1.0,
    1.0,
    1.0,
    1.0,
    1.0,
    1.0,
    1.0,
    1.0,
    1.0,
    1.0,
    1.0,
    1.0,
    1.0,
    1.0,
    1.0,
    1.0,
    1.0,
    1.0,
    1.0,
    1.0,
    1.0,
    1.0,
    1.0,
    1.0,
    1.0,
    1.0,
    1.0,
    1.0,
    1.0,
    1.0,
    1.0,
    1.0,
    1.0,
    1.0,
    1.0,
    1.0,
    1.0,
    1.0,
    1.0,
    1.0,
    1.0,
    1.0,
    1.0,
    1.0,
    1.0,
    1.0,
    1.0,
    1.0,
    1.0,
    1.0,
    1.0,
    1.0,
    1.0,
    1.0,
    1.0,
    1.0,
    1.0,
    1.0,
    1.0,
    1.0,
    1.0,
    1.0,
    1.0,
    1.0,
    1.0,
    1.0,
    1.0,
    1.0,
    1.0,
    1.0,
    1.0,
    1.0,
    1.0,
    1.0,
    1.0,
    1.0,
    1.0,
    1.0,
    1.0,
    1.0,
    1.0,
    1.0,
    1.0,
    1.0,
    1.0,
    1.0,
    1.0,
    1.0,
    1.0,
    1.0,
    1.0,
    1.0,
    1.0,
    1.0,
    1.0,
    1.0,
    1.0,
    1.0,
    1.0,
    1.0,
    1.0,
    1.0,
    1.0,
    1.0,
    1.0,
    1.0,
    1.0,
    1.0,
    1.0,
    1.0,
    1.0,
    1.0,
    1.0
  ],
  "val_acc": [
    0.00913921371102333,
    0.0,
    0.0,
    0.0,
    0.00021253984596114606,
    0.0008501593838445842,
    0.0019128586864098907,
    0.003400637535378337,
    0.004888416733592749,
    0.00573857594281435,
    0.006801275070756674,
    0.00807651411741972,
    0.00913921371102333,
    0.009776833467185497,
    0.009776833467185497,
    0.010201913304626942,
    0.01041445229202509,
    0.011052072048187256,
    0.011264611966907978,
    0.011689691804349422,
    0.011902231723070145,
    0.011902231723070145,
    0.012114771641790867,
    0.012539851479232311,
    0.012752391397953033,
    0.013177471235394478,
    0.012964931316673756,
    0.013177471235394478,
    0.013390010222792625,
    0.013390010222792625,
    0.013602550141513348,
    0.013602550141513348,
    0.013602550141513348,
    0.013602550141513348,
    0.013602550141513348,
    0.013602550141513348,
    0.013602550141513348,
    0.013177471235394478,
    0.013177471235394478,
    0.013390010222792625,
    0.012752391397953033,
    0.012964931316673756,
    0.013177471235394478,
    0.012964931316673756,
    0.013177471235394478,
    0.013177471235394478,
    0.013177471235394478,
    0.012964931316673756,
    0.013390010222792625,
    0.013390010222792625,
    0.013390010222792625,
    0.013602550141513348,
    0.01381509006023407,
    0.014240169897675514,
    0.014452709816396236,
    0.015090329572558403,
    0.015090329572558403,
    0.015302869491279125,
    0.015090329572558403,
    0.014665249735116959,
    0.014665249735116959,
    0.014240169897675514,
    0.014027629978954792,
    0.014027629978954792,
    0.014240169897675514,
    0.014240169897675514,
    0.014240169897675514,
    0.014240169897675514,
    0.014665249735116959,
    0.015090329572558403,
    0.01487778965383768,
    0.01487778965383768,
    0.015090329572558403,
    0.015090329572558403,
    0.015515409409999847,
    0.01615302823483944,
    0.017003187909722328,
    0.017215728759765625,
    0.017428267747163773,
    0.017215728759765625,
    0.017215728759765625,
    0.01764080673456192,
    0.017853347584605217,
    0.018703507259488106,
    0.01997874677181244,
    0.020403826609253883,
    0.02082890458405018,
    0.02061636559665203,
    0.021041445434093475,
    0.02082890458405018,
    0.02082890458405018,
    0.021679064258933067,
    0.021891605108976364,
    0.02210414409637451,
    0.02210414409637451,
    0.02210414409637451,
    0.022741764783859253,
    0.023166844621300697,
    0.024017002433538437,
    0.024229543283581734,
    0.024017002433538437,
    0.02444208227097988,
    0.025504782795906067,
    0.02614240162074566,
    0.026567481458187103,
    0.02763018012046814,
    0.028055259957909584,
    0.028055259957909584,
    0.028692880645394325,
    0.028905419632792473,
    0.02975557930767536,
    0.02996811829507351,
    0.030818277969956398,
    0.031030818819999695,
    0.031880978494882584,
    0.031668439507484436,
    0.031668439507484436,
    0.031668439507484436,
    0.03209351748228073,
    0.03315621614456177,
    0.03379383683204651,
    0.03506907448172569,
    0.035706695169210434,
    0.03613177314400673,
    0.03655685484409332,
    0.03698193281888962
  ],