{
  "config": {
    "encoding": "onehot",
    "p": 97,
    "train_frac": 0.5,
    "hidden": 256,
    "lr": 0.001,
    "weight_decay": 0.3,
    "steps": 25000,
    "eval_every": 200,
    "seed": 0,
    "num_freqs": 4,
    "fourier_normalize": false,
    "num_distractor": 8,
    "train_acc_thresh": 0.99,
    "val_acc_thresh": 0.9
  },
  "metrics_version": "grok-metrics-v1",
  "encoding_version": "enc-v1",
  "steps_log": [
    0,
    200,
    400,
    600,
    800,
    1000,
    1200,
    1400,
    1600,
    1800,
    2000,
    2200,
    2400,
    2600,
    2800,
    3000,
    3200,
    3400,
    3600,
    3800,
    4000,
    4200,
    4400,
    4600,
    4800,
    5000,
    5200,
    5400,
    5600,
    5800,
    6000,
    6200,
    6400,
    6600,
    6800,
    7000,
    7200,
    7400,
    7600,
    7800,
    8000,
    8200,
    8400,
    8600,
    8800,
    9000,
    9200,
    9400,
    9600,
    9800,
    10000,
    10200,
    10400,
    10600,
    10800,
    11000,
    11200,
    11400,
    11600,
    11800,
    12000,
    12200,
    12400,
    12600,
    12800,
    13000,
    13200,
    13400,
    13600,
    13800,
    14000,
    14200,
    14400,
    14600,
    14800,
    15000,
    15200,
    15400,
    15600,
    15800,
    16000,
    16200,
    16400,
    16600,
    16800,
    17000,
    17200,
    17400,
    17600,
    17800,
    18000,
    18200,
    18400,
    18600,
    18800,
    19000,
    19200,
    19400,
    19600,
    19800,
    20000,
    20200,
    20400,
    20600,
    20800,
    21000,
    21200,
    21400,
    21600,
    21800,
    22000,
    22200,
    22400,
    22600,
    22800,
    23000,
    23200,
    23400,
    23600,
    23800,
    24000,
    24200,
    24400,
    24600,
    24800,
    25000
  ],
  "train_acc": [
    0.014455782249569893,
    0.38435372710227966,
    0.9630101919174194,
    1.0,
    1.0,
    1.0,
    1.0,
    1.0,
    1.0,
    1.0,
    1.0,
    1.0,
    1.0,
    1.0,
    1.0,
    1.0,
    1.0,
    1.0,
    1.0,
    1.0,
    1.0,
    1.0,
    1.0,
    1.0,
    1.0,
    1.0,
    1.0,
    1.0,
    1.0,
    1.0,
    1.0,
    1.0,
    1.0,
    1.0,
    1.0,
    1.0,
    1.0,
    1.0,
    1.0,
    1.0,
    1.0,
    1.0,
    1.0,
    1.0,
    1.0,
    1.0,
    1.0,
    1.0,
    1.0,
    1.0,
    1.0,
    1.0,
    1.0,
    1.0,
    1.0,
    1.0,
    1.0,
    1.0,
    1.0,
    1.0,
    1.0,
    1.0,
    1.0,
    1.0,
    1.0,
    1.0,
    1.0,
    1.0,
    1.0,
    1.0,
    1.0,
    1.0,
    1.0,
    1.0,
    1.0,
    1.0,
    1.0,
    1.0,
    1.0,
    1.0,
    1.0,
    1.0,
    1.0,
    1.0,
    1.0,
    1.0,
    1.0,
    1.0,
    1.0,
    1.0,
    1.0,
    1.0,
    1.0,
    1.0,
    1.0,
    1.0,
    1.0,
    1.0,
    1.0,
    1.0,
    1.0,
    1.0,
    1.0,
    1.0,
    1.0,
    1.0,
    1.0,
    1.0,
    1.0,
    1.0,
    1.0,
    1.0,
    1.0,
    1.0,
    1.0,
    1.0,
    1.0,
    1.0,
    1.0,
    1.0,
    1.0,
    1.0,
    1.0,
    1.0,
    1.0,
    1.0
  ],
  "val_acc": [
    0.00913921371102333,
    0.0,
    0.0,
    0.0,
    0.0004250796919222921,
    0.0017003187676891685,
    0.0061636557802557945,
    0.009564293548464775,
    0.01912858709692955,
    0.03145589679479599,
    0.049521785229444504,
    0.06843782961368561,
    0.0918172150850296,
    0.11689691990613937,
    0.14367693662643433,
    0.17534537613391876,
    0.20956429839134216,
    0.24059511721134186,
    0.2831030786037445,
    0.3249734342098236,
    0.36514347791671753,
    0.4068012833595276,
    0.45249733328819275,
    0.4888416528701782,
    0.527311384677887,
    0.5625929832458496,
    0.5978745818138123,
    0.6293305158615112,
    0.6601487994194031,
    0.6894792914390564,
    0.7181721329689026,
    0.7426142692565918,
    0.7632306218147278,
    0.7834218740463257,
    0.8023379445075989,
    0.8195536732673645,
    0.833581268787384,
    0.8490967154502869,
    0.8643995523452759,
    0.8767268657684326,
    0.8867162466049194,
    0.8935175538063049,
    0.9005313515663147,
    0.909032940864563,
    0.9154091477394104,
    0.9217853546142578,
    0.9283740520477295,
    0.9341126680374146,
    0.9390010833740234,
    0.9426142573356628,
    0.9458023309707642,
    0.9498406052589417,
    0.9536663293838501,
    0.9551541209220886,
    0.9574920535087585,
    0.9602550268173218,
    0.9628055095672607,
    0.9651434421539307,
    0.9676939249038696,
    0.9700318574905396,
    0.9721572995185852,
    0.973645031452179,
    0.976408064365387,
    0.9785334467887878,
    0.979171097278595,
    0.9815090298652649,
    0.9832093715667725,
    0.9849096536636353,
    0.9857598543167114,
    0.9868225455284119,
    0.9880977869033813,
    0.9887353777885437,
    0.9891604781150818,
    0.9906482696533203,
    0.9914984107017517,
    0.9917109608650208,
    0.9931987524032593,
    0.9934112429618835,
    0.9940488934516907,
    0.994473934173584,
    0.9948990345001221,
    0.9955366849899292,
    0.9955366849899292,
    0.9959617257118225,
    0.9965993762016296,
    0.9965993762016296,
    0.9968119263648987,
    0.997024416923523,
    0.997236967086792,
    0.997236967086792,
    0.997449517250061,
    0.9976620674133301,
    0.9976620674133301,
    0.9976620674133301,
    0.9978746175765991,
    0.9978746175765991,
    0.9982996582984924,
    0.9982996582984924,
    0.9982996582984924,
    0.9982996582984924,
    0.9982996582984924,
    0.9982996582984924,
    0.9985122084617615,
    0.9985122084617615,
    0.9989373087882996,
    0.9989373087882996,
    0.9989373087882996,
    0.9989373087882996,
    0.9991498589515686,
    0.9993624091148376,
    0.9993624091148376,
    0.9993624091148376,
    0.9993624091148376,
    0.9993624091148376,
    0.9995748996734619,
    0.9995748996734619,
    0.9995748996734619,
    0.999787449836731,
    0.999787449836731,
    0.999787449836731,
    0.999787449836731,
    0.999787449836731,
    0.999787449836731,
    0.999787449836731,
    0.999787449836731,
    0.999787449836731
  ],