{
  "config": {
    "encoding": "onehot",
    "p": 97,
    "train_frac": 0.5,
    "hidden": 256,
    "lr": 0.001,
    "weight_decay": 5.0,
    "steps": 25000,
    "eval_every": 200,
    "seed": 0,
    "num_freqs": 4,
    "fourier_normalize": false,
    "num_distractor": 8,
    "train_acc_thresh": 0.99,
    "val_acc_thresh": 0.9
  },
  "metrics_version": "grok-metrics-v1",
  "encoding_version": "enc-v1",
  "steps_log": [
    0,
    200,
    400,
    600,
    800,
    1000,
    1200,
    1400,
    1600,
    1800,
    2000,
    2200,
    2400,
    2600,
    2800,
    3000,
    3200,
    3400,
    3600,
    3800,
    4000,
    4200,
    4400,
    4600,
    4800,
    5000,
    5200,
    5400,
    5600,
    5800,
    6000,
    6200,
    6400,
    6600,
    6800,
    7000,
    7200,
    7400,
    7600,
    7800,
    8000,
    8200,
    8400,
    8600,
    8800,
    9000,
    9200,
    9400,
    9600,
    9800,
    10000,
    10200,
    10400,
    10600,
    10800,
    11000,
    11200,
    11400,
    11600,
    11800,
    12000,
    12200,
    12400,
    12600,
    12800,
    13000,
    13200,
    13400,
    13600,
    13800,
    14000,
    14200,
    14400,
    14600,
    14800,
    15000,
    15200,
    15400,
    15600,
    15800,
    16000,
    16200,
    16400,
    16600,
    16800,
    17000,
    17200,
    17400,
    17600,
    17800,
    18000,
    18200,
    18400,
    18600,
    18800,
    19000,
    19200,
    19400,
    19600,
    19800,
    20000,
    20200,
    20400,
    20600,
    20800,
    21000,
    21200,
    21400,
    21600,
    21800,
    22000,
    22200,
    22400,
    22600,
    22800,
    23000,
    23200,
    23400,
    23600,
    23800,
    24000,
    24200,
    24400,
    24600,
    24800,
    25000
  ],
  "train_acc": [
    0.014668367803096771,
    0.212797611951828,
    0.47002550959587097,
    0.6339285969734192,
    0.7521258592605591,
    0.8269557952880859,
    0.8803146481513977,
    0.9132652878761292,
    0.9372873902320862,
    0.952168345451355,
    0.9627976417541504,
    0.96875,
    0.9738520383834839,
    0.9751275777816772,
    0.978103756904602,
    0.980654776096344,
    0.9827806353569031,
    0.9846938848495483,
    0.9866071343421936,
    0.9857568144798279,
    0.9868197441101074,
    0.9874574542045593,
    0.9872449040412903,
    0.988095223903656,
    0.9874574542045593,
    0.9895833134651184,
    0.9902210831642151,
    0.9919217824935913,
    0.992772102355957,
    0.9931972622871399,
    0.992772102355957,
    0.9919217824935913,
    0.9931972622871399,
    0.9948979616165161,
    0.9946853518486023,
    0.9955357313156128,
    0.9955357313156128,
    0.9955357313156128,
    0.9948979616165161,
    0.9951105713844299,
    0.995323121547699,
    0.9957482814788818,
    0.9959608912467957,
    0.9961734414100647,
    0.9959608912467957,
    0.9963860511779785,
    0.9963860511779785,
    0.9968112111091614,
    0.9961734414100647,
    0.9955357313156128,
    0.9959608912467957,
    0.9961734414100647,
    0.9963860511779785,
    0.9968112111091614,
    0.9963860511779785,
    0.9963860511779785,
    0.9965986609458923,
    0.9965986609458923,
    0.9970238208770752,
    0.9965986609458923,
    0.9968112111091614,
    0.9961734414100647,
    0.9976615905761719,
    0.9976615905761719,
    0.9974489808082581,
    0.9968112111091614,
    0.9968112111091614,
    0.9972363710403442,
    0.9968112111091614,
    0.9965986609458923,
    0.9970238208770752,
    0.9968112111091614,
    0.9961734414100647,
    0.9961734414100647,
    0.9955357313156128,
    0.9961734414100647,
    0.9968112111091614,
    0.9972363710403442,
    0.9974489808082581,
    0.9976615905761719,
    0.9974489808082581,
    0.9972363710403442,
    0.9974489808082581,
    0.9974489808082581,
    0.9976615905761719,
    0.9972363710403442,
    0.9968112111091614,
    0.9970238208770752,
    0.9970238208770752,
    0.9972363710403442,
    0.9974489808082581,
    0.9974489808082581,
    0.9968112111091614,
    0.9965986609458923,
    0.9970238208770752,
    0.9961734414100647,
    0.9963860511779785,
    0.9970238208770752,
    0.9968112111091614,
    0.9968112111091614,
    0.9970238208770752,
    0.9978741407394409,
    0.9976615905761719,
    0.9974489808082581,
    0.9972363710403442,
    0.9965986609458923,
    0.9961734414100647,
    0.9957482814788818,
    0.9961734414100647,
    0.9959608912467957,
    0.9955357313156128,
    0.9957482814788818,
    0.9961734414100647,
    0.9961734414100647,
    0.9963860511779785,
    0.9959608912467957,
    0.9959608912467957,
    0.9968112111091614,
    0.9968112111091614,
    0.9976615905761719,
    0.9970238208770752,
    0.9976615905761719,
    0.9976615905761719,
    0.9970238208770752,
    0.9976615905761719,
    0.9970238208770752
  ],
  "val_acc": [
    0.00913921371102333,
    0.0,
    0.0,
    0.0,
    0.0,
    0.0,
    0.0004250796919222921,
    0.0023379384074360132,
    0.005100956652313471,
    0.008926673792302608,
    0.017215728759765625,
    0.028692880645394325,
    0.039532411843538284,
    0.05653560161590576,
    0.07183846831321716,
    0.08841657638549805,
    0.10499468445777893,
    0.12157279253005981,
    0.13708820939064026,
    0.14643995463848114,
    0.1606801301240921,
    0.16408076882362366,
    0.17364506423473358,
    0.18597236275672913,
    0.19766205549240112,
    0.21253985166549683,
    0.225929856300354,
    0.23570670187473297,
    0.24633368849754333,
    0.25504782795906067,
    0.26099893450737,
    0.27651435136795044,
    0.2782146632671356,
    0.29054197669029236,
    0.29500532150268555,
    0.2956429421901703,
    0.3020191192626953,
    0.30669501423835754,
    0.3132837414741516,
    0.3149840533733368,
    0.3164718449115753,
    0.32284802198410034,
    0.33092454075813293,
    0.33772581815719604,
    0.3415515422821045,
    0.34537726640701294,
    0.35090330243110657,
    0.35749202966690063,
    0.3621678948402405,
    0.36471837759017944,
    0.3664186894893646,
    0.3689691722393036,
    0.37640807032585144,
    0.3855472803115845,
    0.38767269253730774,
    0.39043569564819336,
    0.3942614197731018,
    0.3982996940612793,
    0.4046758711338043,
    0.4155154228210449,
    0.41339001059532166,
    0.4153028726577759,
    0.416790634393692,
    0.419341117143631,
    0.416790634393692,
    0.4189160466194153,
    0.422104150056839,
    0.42146652936935425,
    0.4244420826435089,
    0.4252922534942627,
    0.42337939143180847,
    0.4257173240184784,
    0.4308182895183563,
    0.4252922534942627,
    0.4252922534942627,
    0.4265674948692322,
    0.43188098073005676,
    0.4348565340042114,
    0.43358129262924194,
    0.43549415469169617,
    0.4382571876049042,
    0.4397449493408203,
    0.4405951201915741,
    0.43804463744163513,
    0.43995749950408936,
    0.44123274087905884,
    0.4463336765766144,
    0.442720502614975,
    0.44080764055252075,
    0.440170019865036,
    0.442933052778244,
    0.44718384742736816,
    0.445483535528183,
    0.4501594007015228,
    0.4531349539756775,
    0.454622745513916,
    0.45696067810058594,
    0.45483529567718506,
    0.45929861068725586,
    0.46609988808631897,
    0.4684378206729889,
    0.466312438249588,
    0.47056323289871216,
    0.4671625792980194,
    0.46822530031204224,
    0.4684378206729889,
    0.4716259241104126,
    0.47460147738456726,
    0.48182785511016846,
    0.48076513409614563,
    0.4852284789085388,
    0.48862913250923157,
    0.49564293026924133,
    0.4962805509567261,
    0.4950053095817566,
    0.49117958545684814,
    0.49479275941848755,
    0.4990435838699341,
    0.4998937249183655,
    0.49713072180747986,
    0.4962805509567261,
    0.4998937249183655,
    0.503931999206543,
    0.5079702734947205,
    0.5096705555915833,
    0.5113708972930908
  ],