{
  "config": {
    "encoding": "onehot",
    "p": 97,
    "train_frac": 0.5,
    "hidden": 256,
    "lr": 0.001,
    "weight_decay": 3.0,
    "steps": 25000,
    "eval_every": 200,
    "seed": 0,
    "num_freqs": 4,
    "fourier_normalize": false,
    "num_distractor": 8,
    "train_acc_thresh": 0.99,
    "val_acc_thresh": 0.9
  },
  "metrics_version": "grok-metrics-v1",
  "encoding_version": "enc-v1",
  "steps_log": [
    0,
    200,
    400,
    600,
    800,
    1000,
    1200,
    1400,
    1600,
    1800,
    2000,
    2200,
    2400,
    2600,
    2800,
    3000,
    3200,
    3400,
    3600,
    3800,
    4000,
    4200,
    4400,
    4600,
    4800,
    5000,
    5200,
    5400,
    5600,
    5800,
    6000,
    6200,
    6400,
    6600,
    6800,
    7000,
    7200,
    7400,
    7600,
    7800,
    8000,
    8200,
    8400,
    8600,
    8800,
    9000,
    9200,
    9400,
    9600,
    9800,
    10000,
    10200,
    10400,
    10600,
    10800,
    11000,
    11200,
    11400,
    11600,
    11800,
    12000,
    12200,
    12400,
    12600,
    12800,
    13000,
    13200,
    13400,
    13600,
    13800,
    14000,
    14200,
    14400,
    14600,
    14800,
    15000,
    15200,
    15400,
    15600,
    15800,
    16000,
    16200,
    16400,
    16600,
    16800,
    17000,
    17200,
    17400,
    17600,
    17800,
    18000,
    18200,
    18400,
    18600,
    18800,
    19000,
    19200,
    19400,
    19600,
    19800,
    20000,
    20200,
    20400,
    20600,
    20800,
    21000,
    21200,
    21400,
    21600,
    21800,
    22000,
    22200,
    22400,
    22600,
    22800,
    23000,
    23200,
    23400,
    23600,
    23800,
    24000,
    24200,
    24400,
    24600,
    24800,
    25000
  ],
  "train_acc": [
    0.014668367803096771,
    0.26466837525367737,
    0.6804847121238708,
    0.8949829936027527,
    0.9757652878761292,
    0.9961734414100647,
    0.9993622303009033,
    1.0,
    1.0,
    1.0,
    1.0,
    1.0,
    1.0,
    1.0,
    1.0,
    1.0,
    1.0,
    1.0,
    1.0,
    1.0,
    1.0,
    1.0,
    1.0,
    1.0,
    1.0,
    1.0,
    1.0,
    1.0,
    1.0,
    1.0,
    1.0,
    1.0,
    1.0,
    1.0,
    1.0,
    1.0,
    1.0,
    1.0,
    1.0,
    1.0,
    1.0,
    1.0,
    1.0,
    1.0,
    1.0,
    1.0,
    1.0,
    1.0,
    1.0,
    1.0,
    1.0,
    1.0,
    1.0,
    1.0,
    1.0,
    1.0,
    1.0,
    1.0,
    1.0,
    1.0,
    1.0,
    1.0,
    1.0,
    1.0,
    1.0,
    1.0,
    1.0,
    1.0,
    1.0,
    1.0,
    1.0,
    1.0,
    1.0,
    1.0,
    1.0,
    1.0,
    1.0,
    1.0,
    1.0,
    1.0,
    1.0,
    1.0,
    1.0,
    1.0,
    1.0,
    1.0,
    1.0,
    1.0,
    1.0,
    1.0,
    1.0,
    1.0,
    1.0,
    1.0,
    1.0,
    1.0,
    1.0,
    1.0,
    1.0,
    1.0,
    1.0,
    1.0,
    1.0,
    1.0,
    1.0,
    1.0,
    1.0,
    1.0,
    1.0,
    1.0,
    1.0,
    1.0,
    1.0,
    1.0,
    1.0,
    1.0,
    1.0,
    1.0,
    1.0,
    1.0,
    1.0,
    1.0,
    1.0,
    1.0,
    1.0,
    1.0
  ],
  "val_acc": [
    0.00913921371102333,
    0.0,
    0.0,
    0.0,
    0.0,
    0.0012752391630783677,
    0.011902231723070145,
    0.049521785229444504,
    0.11604675650596619,
    0.22380445897579193,
    0.34984058141708374,
    0.4720510244369507,
    0.5825717449188232,
    0.6646121144294739,
    0.7345377206802368,
    0.7804463505744934,
    0.8299680948257446,
    0.8692879676818848,
    0.9039319753646851,
    0.9211477041244507,
    0.937938392162323,
    0.9466524720191956,
    0.9538788795471191,
    0.9583421945571899,
    0.9619553685188293,
    0.9674813747406006,
    0.9700318574905396,
    0.973857581615448,
    0.9755579233169556,
    0.9772582650184631,
    0.9787459969520569,
    0.9817215800285339,
    0.981934130191803,
    0.9846971035003662,
    0.9846971035003662,
    0.9851222038269043,
    0.9876726865768433,
    0.9863974452018738,
    0.9876726865768433,
    0.9885228276252747,
    0.9891604781150818,
    0.9891604781150818,
    0.9891604781150818,
    0.9908607602119446,
    0.9910733103752136,
    0.9904357194900513,
    0.9904357194900513,
    0.9921360015869141,
    0.9923485517501831,
    0.9931987524032593,
    0.9917109608650208,
    0.9908607602119446,
    0.9912858605384827,
    0.9925611019134521,
    0.9934112429618835,
    0.9925611019134521,
    0.9923485517501831,
    0.9927736520767212,
    0.9934112429618835,
    0.9934112429618835,
    0.9931987524032593,
    0.9940488934516907,
    0.994473934173584,
    0.9948990345001221,
    0.9953241348266602,
    0.9955366849899292,
    0.9953241348266602,
    0.9948990345001221,
    0.9940488934516907,
    0.9942614436149597,
    0.994686484336853,
    0.994686484336853,
    0.9951115846633911,
    0.9955366849899292,
    0.9955366849899292,
    0.9953241348266602,
    0.9953241348266602,
    0.9953241348266602,
    0.9948990345001221,
    0.9948990345001221,
    0.9951115846633911,
    0.9955366849899292,
    0.9957491755485535,
    0.9955366849899292,
    0.9961742758750916,
    0.9957491755485535,
    0.9957491755485535,
    0.9957491755485535,
    0.9957491755485535,
    0.9959617257118225,
    0.9963868260383606,
    0.9959617257118225,
    0.9963868260383606,
    0.9957491755485535,
    0.9957491755485535,
    0.9957491755485535,
    0.9955366849899292,
    0.9959617257118225,
    0.9959617257118225,
    0.9957491755485535,
    0.9961742758750916,
    0.9961742758750916,
    0.9961742758750916,
    0.9961742758750916,
    0.9961742758750916,
    0.9963868260383606,
    0.9961742758750916,
    0.9965993762016296,
    0.9961742758750916,
    0.9959617257118225,
    0.9961742758750916,
    0.9963868260383606,
    0.9959617257118225,
    0.9961742758750916,
    0.9961742758750916,
    0.9963868260383606,
    0.9961742758750916,
    0.9965993762016296,
    0.9963868260383606,
    0.9963868260383606,
    0.9963868260383606,
    0.9959617257118225,
    0.9955366849899292,
    0.9957491755485535,
    0.9963868260383606,
    0.9963868260383606
  ],