{
  "grokked_onehot": {
    "train_acc": 1.0,
    "val_acc": 1.0,
    "weight_l2": 122.83723103924792,
    "spectrum": {
      "per_unit_top1_mean": 0.8793357014656067,
      "per_unit_top2_mean": 0.9261891841888428,
      "flat_baseline_top1": 0.020833333333333332,
      "n_distinct_key_freqs": 48,
      "peak_freq_hist": {
        "1": 4,
        "2": 6,
        "3": 4,
        "4": 2,
        "5": 2,
        "6": 5,
        "7": 8,
        "8": 6,
        "9": 5,
        "10": 6,
        "11": 4,
        "12": 5,
        "13": 4,
        "14": 4,
        "15": 6,
        "16": 6,
        "17": 8,
        "18": 5,
        "19": 8,
        "20": 4,
        "21": 5,
        "22": 6,
        "23": 6,
        "24": 6,
        "25": 6,
        "26": 2,
        "27": 6,
        "28": 6,
        "29": 6,
        "30": 5,
        "31": 6,
        "32": 7,
        "33": 6,
        "34": 6,
        "35": 5,
        "36": 7,
        "37": 2,
        "38": 7,
        "39": 10,
        "40": 6,
        "41": 5,
        "42": 5,
        "43": 4,
        "44": 6,
        "45": 5,
        "46": 4,
        "47": 7,
        "48": 2
      },
      "population_spectrum": [
        0.01655879244208336,
        0.025319643318653107,
        0.016819968819618225,
        0.009934275411069393,
        0.008486141450703144,
        0.019201166927814484,
        0.02908184751868248,
        0.02295129932463169,
        0.019464656710624695,
        0.023866906762123108,
        0.016939114779233932,
        0.015224038623273373,
        0.017314476892352104,
        0.01675027795135975,
        0.023430736735463142,
        0.02227511815726757,
        0.027251727879047394,
        0.021605229005217552,
        0.030867082998156548,
        0.018342891708016396,
        0.01933371089398861,
        0.023742353543639183,
        0.02099367417395115,
        0.025075772777199745,
        0.024723263457417488,
        0.007933340035378933,
        0.020995864644646645,
        0.025277601554989815,
        0.02465265616774559,
        0.019002292305231094,
        0.024219708517193794,
        0.02713475562632084,
        0.023308245465159416,
        0.023660453036427498,
        0.022135159000754356,
        0.026125255972146988,
        0.007761255372315645,
        0.026836715638637543,
        0.034859370440244675,
        0.023094044998288155,
        0.019253643229603767,
        0.021346785128116608,
        0.016893070191144943,
        0.023207105696201324,
        0.021860260516405106,
        0.017833566293120384,
        0.017958246171474457,
        0.009096421301364899
      ],
      "freqs": [
        1,
        2,
        3,
        4,
        5,
        6,
        7,
        8,
        9,
        10,
        11,
        12,
        13,
        14,
        15,
        16,
        17,
        18,
        19,
        20,
        21,
        22,
        23,
        24,
        25,
        26,
        27,
        28,
        29,
        30,
        31,
        32,
        33,
        34,
        35,
        36,
        37,
        38,
        39,
        40,
        41,
        42,
        43,
        44,
        45,
        46,
        47,
        48
      ]
    },
    "note": "opaque medium, groks; the adult who removed the glasses"
  },
  "memorizer_onehot_wd0": {
    "train_acc": 1.0,
    "val_acc": 0.024017002433538437,
    "weight_l2": 270.5384656312451,
    "spectrum": {
      "per_unit_top1_mean": 0.32159101963043213,
      "per_unit_top2_mean": 0.398281455039978,
      "flat_baseline_top1": 0.020833333333333332,
      "n_distinct_key_freqs": 48,
      "peak_freq_hist": {
        "1": 3,
        "2": 5,
        "3": 2,
        "4": 2,
        "5": 5,
        "6": 5,
        "7": 9,
        "8": 3,
        "9": 5,
        "10": 5,
        "11": 4,
        "12": 8,
        "13": 4,
        "14": 6,
        "15": 6,
        "16": 5,
        "17": 11,
        "18": 6,
        "19": 5,
        "20": 5,
        "21": 5,
        "22": 7,
        "23": 7,
        "24": 6,
        "25": 3,
        "26": 1,
        "27": 4,
        "28": 5,
        "29": 5,
        "30": 7,
        "31": 7,
        "32": 7,
        "33": 6,
        "34": 8,
        "35": 5,
        "36": 7,
        "37": 1,
        "38": 9,
        "39": 9,
        "40": 7,
        "41": 5,
        "42": 6,
        "43": 4,
        "44": 5,
        "45": 3,
        "46": 6,
        "47": 4,
        "48": 3
      },
      "population_spectrum": [
        0.015483693219721317,
        0.02367035485804081,
        0.01783079095184803,
        0.01687701977789402,
        0.014873282052576542,
        0.017502421513199806,
        0.027745386585593224,
        0.01943242736160755,
        0.016505438834428787,
        0.02076919935643673,
        0.02500002272427082,
        0.02121950313448906,
        0.021214695647358894,
        0.023781292140483856,
        0.023650437593460083,
        0.022568555548787117,
        0.02413674257695675,
        0.02103472873568535,
        0.01862417720258236,
        0.018543699756264687,
        0.02013138309121132,
        0.020673632621765137,
        0.026472896337509155,
        0.018904728814959526,
        0.01701081171631813,
        0.015824545174837112,
        0.015641849488019943,
        0.021912064403295517,
        0.01710853911936283,
        0.019416606053709984,
        0.021288108080625534,
        0.019898975268006325,
        0.02788049355149269,
        0.022144407033920288,
        0.025635119527578354,
        0.018291542306542397,
        0.017034171149134636,
        0.025677409023046494,
        0.028630578890442848,
        0.02101544663310051,
        0.01817944087088108,
        0.020838964730501175,
        0.0197299774736166,
        0.019543839618563652,
        0.020100180059671402,
        0.02703831158578396,
        0.02228446491062641,
        0.021227693185210228
      ],
      "freqs": [
        1,
        2,
        3,
        4,
        5,
        6,
        7,
        8,
        9,
        10,
        11,
        12,
        13,
        14,
        15,
        16,
        17,
        18,
        19,
        20,
        21,
        22,
        23,
        24,
        25,
        26,
        27,
        28,
        29,
        30,
        31,
        32,
        33,
        34,
        35,
        36,
        37,
        38,
        39,
        40,
        41,
        42,
        43,
        44,
        45,
        46,
        47,
        48
      ]
    },
    "note": "opaque medium, wd=0; still wearing all the glasses"
  },
  "transparent_fourier": {
    "train_acc": 1.0,
    "val_acc": 0.8960680365562439,
    "weight_l2": 289.4855812481246,
    "spectrum": {
      "per_unit_top1_mean": 1.0,
      "per_unit_top2_mean": 1.0,
      "flat_baseline_top1": 0.020833333333333332,
      "n_distinct_key_freqs": 1,
      "peak_freq_hist": {
        "1": 256
      },