{
  "config": {
    "encoding": "onehot_distractor",
    "p": 97,
    "train_frac": 0.5,
    "hidden": 256,
    "lr": 0.001,
    "weight_decay": 1.0,
    "steps": 20000,
    "eval_every": 200,
    "seed": 2,
    "num_freqs": 4,
    "fourier_normalize": false,
    "num_distractor": 8,
    "train_acc_thresh": 0.99,
    "val_acc_thresh": 0.9
  },
  "metrics_version": "grok-metrics-v1",
  "encoding_version": "enc-v1",
  "steps_log": [
    0,
    200,
    400,
    600,
    800,
    1000,
    1200,
    1400,
    1600,
    1800,
    2000,
    2200,
    2400,
    2600,
    2800,
    3000,
    3200,
    3400,
    3600,
    3800,
    4000,
    4200,
    4400,
    4600,
    4800,
    5000,
    5200,
    5400,
    5600,
    5800,
    6000,
    6200,
    6400,
    6600,
    6800,
    7000,
    7200,
    7400,
    7600,
    7800,
    8000,
    8200,
    8400,
    8600,
    8800,
    9000,
    9200,
    9400,
    9600,
    9800,
    10000,
    10200,
    10400,
    10600,
    10800,
    11000,
    11200,
    11400,
    11600,
    11800,
    12000,
    12200,
    12400,
    12600,
    12800,
    13000,
    13200,
    13400,
    13600,
    13800,
    14000,
    14200,
    14400,
    14600,
    14800,
    15000,
    15200,
    15400,
    15600,
    15800,
    16000,
    16200,
    16400,
    16600,
    16800,
    17000,
    17200,
    17400,
    17600,
    17800,
    18000,
    18200,
    18400,
    18600,
    18800,
    19000,
    19200,
    19400,
    19600,
    19800,
    20000
  ],
  "train_acc": [
    0.010841837152838707,
    0.39753401279449463,
    0.925382673740387,
    1.0,
    1.0,
    1.0,
    1.0,
    1.0,
    1.0,
    1.0,
    1.0,
    1.0,
    1.0,
    1.0,
    1.0,
    1.0,
    1.0,
    1.0,
    1.0,
    1.0,
    1.0,
    1.0,
    1.0,
    1.0,
    1.0,
    1.0,
    1.0,
    1.0,
    1.0,
    1.0,
    1.0,
    1.0,
    1.0,
    1.0,
    1.0,
    1.0,
    1.0,
    1.0,
    1.0,
    1.0,
    1.0,
    1.0,
    1.0,
    1.0,
    1.0,
    1.0,
    1.0,
    1.0,
    1.0,
    1.0,
    1.0,
    1.0,
    1.0,
    1.0,
    1.0,
    1.0,
    1.0,
    1.0,
    1.0,
    1.0,
    1.0,
    1.0,
    1.0,
    1.0,
    1.0,
    1.0,
    1.0,
    1.0,
    1.0,
    1.0,
    1.0,
    1.0,
    1.0,
    1.0,
    1.0,
    1.0,
    1.0,
    1.0,
    1.0,
    1.0,
    1.0,
    1.0,
    1.0,
    1.0,
    1.0,
    1.0,
    1.0,
    1.0,
    1.0,
    1.0,
    1.0,
    1.0,
    1.0,
    1.0,
    1.0,
    1.0,
    1.0,
    1.0,
    1.0,
    1.0,
    1.0
  ],
  "val_acc": [
    0.00998937338590622,
    0.0,
    0.0,
    0.0,
    0.0,
    0.00021253984596114606,
    0.0006376195815391839,
    0.0025504783261567354,
    0.003613177454099059,
    0.007651434745639563,
    0.014240169897675514,
    0.0229543037712574,
    0.03676939383149147,
    0.05462274327874184,
    0.07566418498754501,
    0.10286928713321686,
    0.13283739984035492,
    0.1727948933839798,
    0.21339000761508942,
    0.25908607244491577,
    0.30903294682502747,
    0.36068013310432434,
    0.4055260419845581,
    0.45334750413894653,
    0.4973432421684265,
    0.5370882153511047,
    0.5770456790924072,
    0.6119022369384766,
    0.6442083120346069,
    0.6735388040542603,
    0.7075451612472534,
    0.7379383444786072,
    0.7638682126998901,
    0.7857598066329956,
    0.8082890510559082,
    0.8263549208641052,
    0.844420850276947,
    0.862061619758606,
    0.8763018250465393,
    0.8879914879798889,
    0.9028692841529846,
    0.9185972213745117,
    0.9304994940757751,
    0.9402763247489929,
    0.9477152228355408,
    0.9545164704322815,
    0.9602550268173218,
    0.9636557102203369,
    0.9672688841819763,
    0.9708820581436157,
    0.973645031452179,
    0.9772582650184631,
    0.9802337884902954,
    0.9840595126152039,
    0.9859723448753357,
    0.9874601364135742,
    0.9891604781150818,
    0.9912858605384827,
    0.9919235110282898,
    0.9925611019134521,
    0.9931987524032593,
    0.9940488934516907,
    0.994473934173584,
    0.9955366849899292,
    0.9959617257118225,
    0.9963868260383606,
    0.9965993762016296,
    0.997236967086792,
    0.9978746175765991,
    0.9978746175765991,
    0.9980871677398682,
    0.9989373087882996,
    0.9987247586250305,
    0.9989373087882996,
    0.9989373087882996,
    0.9989373087882996,
    0.9989373087882996,
    0.9991498589515686,
    0.9991498589515686,
    0.9993624091148376,
    0.9995748996734619,
    0.9993624091148376,
    0.9995748996734619,
    0.9995748996734619,
    0.9995748996734619,
    0.9995748996734619,
    0.9995748996734619,
    0.999787449836731,
    0.999787449836731,
    0.999787449836731,
    0.999787449836731,
    0.9995748996734619,
    0.9995748996734619,
    0.999787449836731,
    0.999787449836731,
    0.999787449836731,
    0.999787449836731,
    0.999787449836731,
    0.999787449836731,
    0.999787449836731,
    0.999787449836731
  ],
  "train_loss": [
    4.5728044509887695,
    3.0983729362487793,
    1.4242068529129028,
    0.4730268120765686,
    0.1457017958164215,
    0.04844842106103897,
    0.016914183273911476,
    0.006195109337568283,
    0.002345271175727248,
    0.0009262613602913916,
    0.000387828127713874,
    0.0001762088795658201,
    9.13694457267411e-05,
    5.6084209063556045e-05,
    4.057126716361381e-05,
    3.339557952131145e-05,
    2.9813498258590698e-05,
    2.780137219815515e-05,
    2.658886296558194e-05,
    2.5667904992587864e-05,
    2.487357778591104e-05,
    2.422767829557415e-05,
    2.3657948986510746e-05,
    2.3100970793166198e-05,
    2.260483415739145e-05,
    2.218147892563138e-05,
    2.1756728528998792e-05,
    2.1367330191424116e-05,
    2.101693462464027e-05,
    2.0653764295275323e-05,
    2.0314924768172204e-05,
    1.9988750864285976e-05,
    1.9671500922413543e-05,
    1.936707485583611e-05,
    1.9073315343121067e-05,
    1.879012052086182e-05,
    1.8518459910410456e-05,
    1.827310370572377e-05,
    1.8041859220829792e-05,
    1.7799215129343793e-05,
    1.7538372048875317e-05,
    1.72985910467105e-05,
    1.7076876247301698e-05,
    1.687186158960685e-05,
    1.6678808606229722e-05,
    1.6487125321873464e-05,
    1.631077248021029e-05,
    1.6146253983606584e-05,
    1.5987539882189594e-05,
    1.5840887499507517e-05,
    1.569752930663526e-05,
    1.5562713088002056e-05,
    1.543306279927492e-05,
    1.5312665709643625e-05,
    1.5198349501588382e-05,
    1.5089151929714717e-05,
    1.4974835721659474e-05,
    1.4870072845951654e-05,
    1.4777220712858252e-05,
    1.467970560042886e-05,
    1.4594581443816423e-05,
    1.4505279068544041e-05,
    1.44203577292501e-05,
    1.434055684512714e-05,
    1.4267092410591431e-05,
    1.41944883580436e-05,
    1.4131234820524696e-05,
    1.4069654753257055e-05,
    1.4016791283211205e-05,
    1.395622530253604e-05,
    1.3900677004130557e-05,
    1.3837981896358542e-05,
    1.3780178051092662e-05,
    1.3727289115195163e-05,
    1.3677593415195588e-05,
    1.362465354759479e-05,
    1.3569713701144792e-05,
    1.3516875696950592e-05,
    1.346697627013782e-05,
    1.3412467524176463e-05,
    1.334830085397698e-05,
    1.3286010471347254e-05,
    1.3230539479991421e-05,
    1.317620808549691e-05,
    1.3123193639330566e-05,
    1.3074764865450561e-05,
    1.303168301092228e-05,
    1.298728420806583e-05,
    1.2950386917509604e-05,
    1.2901780792162754e-05,
    1.2859763955930248e-05,
    1.2824058103433345e-05,
    1.2786552360921632e-05,
    1.2751303074765019e-05,
    1.2710957889794372e-05,
    1.2676771802944131e-05,
    1.2642509318538941e-05,
    1.261250417883275e-05,
    1.2576062545122113e-05,
    1.2540381248982158e-05,
    1.2500696357164998e-05
  ],