{
  "config": {
    "encoding": "onehot_distractor",
    "p": 97,
    "train_frac": 0.5,
    "hidden": 256,
    "lr": 0.001,
    "weight_decay": 1.0,
    "steps": 20000,
    "eval_every": 200,
    "seed": 4,
    "num_freqs": 4,
    "fourier_normalize": false,
    "num_distractor": 8,
    "train_acc_thresh": 0.99,
    "val_acc_thresh": 0.9
  },
  "metrics_version": "grok-metrics-v1",
  "encoding_version": "enc-v1",
  "steps_log": [
    0,
    200,
    400,
    600,
    800,
    1000,
    1200,
    1400,
    1600,
    1800,
    2000,
    2200,
    2400,
    2600,
    2800,
    3000,
    3200,
    3400,
    3600,
    3800,
    4000,
    4200,
    4400,
    4600,
    4800,
    5000,
    5200,
    5400,
    5600,
    5800,
    6000,
    6200,
    6400,
    6600,
    6800,
    7000,
    7200,
    7400,
    7600,
    7800,
    8000,
    8200,
    8400,
    8600,
    8800,
    9000,
    9200,
    9400,
    9600,
    9800,
    10000,
    10200,
    10400,
    10600,
    10800,
    11000,
    11200,
    11400,
    11600,
    11800,
    12000,
    12200,
    12400,
    12600,
    12800,
    13000,
    13200,
    13400,
    13600,
    13800,
    14000,
    14200,
    14400,
    14600,
    14800,
    15000,
    15200,
    15400,
    15600,
    15800,
    16000,
    16200,
    16400,
    16600,
    16800,
    17000,
    17200,
    17400,
    17600,
    17800,
    18000,
    18200,
    18400,
    18600,
    18800,
    19000,
    19200,
    19400,
    19600,
    19800,
    20000
  ],
  "train_acc": [
    0.012755102477967739,
    0.4011479616165161,
    0.9192177057266235,
    1.0,
    1.0,
    1.0,
    1.0,
    1.0,
    1.0,
    1.0,
    1.0,
    1.0,
    1.0,
    1.0,
    1.0,
    1.0,
    1.0,
    1.0,
    1.0,
    1.0,
    1.0,
    1.0,
    1.0,
    1.0,
    1.0,
    1.0,
    1.0,
    1.0,
    1.0,
    1.0,
    1.0,
    1.0,
    1.0,
    1.0,
    1.0,
    1.0,
    1.0,
    1.0,
    1.0,
    1.0,
    1.0,
    1.0,
    1.0,
    1.0,
    1.0,
    1.0,
    1.0,
    1.0,
    1.0,
    1.0,
    1.0,
    1.0,
    1.0,
    1.0,
    1.0,
    1.0,
    1.0,
    1.0,
    1.0,
    1.0,
    1.0,
    1.0,
    1.0,
    1.0,
    1.0,
    1.0,
    1.0,
    1.0,
    1.0,
    1.0,
    1.0,
    1.0,
    1.0,
    1.0,
    1.0,
    1.0,
    1.0,
    1.0,
    1.0,
    1.0,
    1.0,
    1.0,
    1.0,
    1.0,
    1.0,
    1.0,
    1.0,
    1.0,
    1.0,
    1.0,
    1.0,
    1.0,
    1.0,
    1.0,
    1.0,
    1.0,
    1.0,
    1.0,
    1.0,
    1.0,
    1.0
  ],
  "val_acc": [
    0.00998937338590622,
    0.0,
    0.0,
    0.0,
    0.0,
    0.00021253984596114606,
    0.0006376195815391839,
    0.002763018012046814,
    0.00403825705870986,
    0.007013814989477396,
    0.012114771641790867,
    0.02231668494641781,
    0.034218914806842804,
    0.05058448389172554,
    0.07885228842496872,
    0.10669500380754471,
    0.13687565922737122,
    0.17619553208351135,
    0.21700318157672882,
    0.2669500410556793,
    0.3181721568107605,
    0.37194472551345825,
    0.4257173240184784,
    0.4788522720336914,
    0.5328373908996582,
    0.5872476100921631,
    0.6331562399864197,
    0.6705632209777832,
    0.7134962677955627,
    0.7458023428916931,
    0.7723698019981384,
    0.8019128441810608,
    0.8240169882774353,
    0.844208300113678,
    0.8607863783836365,
    0.8771519660949707,
    0.8918172121047974,
    0.9028692841529846,
    0.91434645652771,
    0.924548327922821,
    0.9362380504608154,
    0.9447396397590637,
    0.9526036381721497,
    0.9581296443939209,
    0.9628055095672607,
    0.9674813747406006,
    0.9719447493553162,
    0.9761955142021179,
    0.9787459969520569,
    0.9817215800285339,
    0.9851222038269043,
    0.9861848950386047,
    0.9876726865768433,
    0.9893730282783508,
    0.9906482696533203,
    0.9923485517501831,
    0.9927736520767212,
    0.9934112429618835,
    0.994686484336853,
    0.9948990345001221,
    0.9957491755485535,
    0.9959617257118225,
    0.9961742758750916,
    0.9965993762016296,
    0.9965993762016296,
    0.997024416923523,
    0.997236967086792,
    0.9976620674133301,
    0.9976620674133301,
    0.9978746175765991,
    0.9985122084617615,
    0.9987247586250305,
    0.9989373087882996,
    0.9989373087882996,
    0.9993624091148376,
    0.9995748996734619,
    0.9995748996734619,
    0.9995748996734619,
    0.9995748996734619,
    0.9995748996734619,
    0.999787449836731,
    0.999787449836731,
    0.999787449836731,
    0.999787449836731,
    0.999787449836731,
    0.999787449836731,
    0.999787449836731,
    0.999787449836731,
    0.999787449836731,
    0.999787449836731,
    0.999787449836731,
    0.999787449836731,
    0.999787449836731,
    0.999787449836731,
    0.999787449836731,
    0.999787449836731,
    0.999787449836731,
    0.999787449836731,
    0.999787449836731,
    0.999787449836731,
    0.999787449836731
  ],
  "train_loss": [
    4.572254180908203,
    3.0799195766448975,
    1.393791675567627,
    0.46010059118270874,
    0.1422070413827896,
    0.04739176109433174,
    0.01665329746901989,
    0.006068096496164799,
    0.0022879999596625566,
    0.0009047531057149172,
    0.0003797327808570117,
    0.00017391296569257975,
    9.07923822524026e-05,
    5.573138332692906e-05,
    4.0374670788878575e-05,
    3.3301490475423634e-05,
    2.9807688406435773e-05,
    2.7819467504741624e-05,
    2.6493351469980553e-05,
    2.5473918867646717e-05,
    2.465029501763638e-05,
    2.392862006672658e-05,
    2.323887929378543e-05,
    2.2606431230087765e-05,
    2.204047814302612e-05,
    2.151221087842714e-05,
    2.1058698621345684e-05,
    2.0665676856879145e-05,
    2.0306915757828392e-05,
    1.998051448026672e-05,
    1.9649176465463825e-05,
    1.934451938723214e-05,
    1.904832970467396e-05,
    1.87865716725355e-05,
    1.854598303907551e-05,
    1.832284760894254e-05,
    1.8098526197718456e-05,
    1.7881093299365602e-05,
    1.7670628949417733e-05,
    1.7457610738347284e-05,
    1.7266254872083664e-05,
    1.708186937321443e-05,
    1.6910507838474587e-05,
    1.6733951269998215e-05,
    1.657764551055152e-05,
    1.643038740439806e-05,
    1.6291030988213606e-05,
    1.6139589206431992e-05,
    1.5992382031981833e-05,
    1.584960409672931e-05,
    1.5703461031080224e-05,
    1.5576091755065136e-05,
    1.5452096704393625e-05,
    1.53326091094641e-05,
    1.521244030300295e-05,
    1.5092218745849095e-05,
    1.4980208106862847e-05,
    1.48702501974185e-05,
    1.4776205716771074e-05,
    1.4682291293866001e-05,
    1.4589134480047505e-05,
    1.450662239221856e-05,
    1.4421751984627917e-05,
    1.4334171282825992e-05,
    1.4242737051972654e-05,
    1.414917642250657e-05,
    1.4066360563447233e-05,
    1.3986307749291882e-05,
    1.3905415471526794e-05,
    1.382439677399816e-05,
    1.375027477479307e-05,
    1.3661323464475572e-05,
    1.3574705917562824e-05,
    1.3494802260538563e-05,
    1.340456037723925e-05,
    1.3337226846488193e-05,
    1.3274758202896919e-05,
    1.3214268619776703e-05,
    1.3164041774871293e-05,
    1.3109177416481543e-05,
    1.3049953849986196e-05,
    1.2997471458220389e-05,
    1.2944558875460643e-05,
    1.2894483006675728e-05,
    1.2842254363931715e-05,
    1.2794306712748948e-05,
    1.274983151233755e-05,
    1.270586290047504e-05,
    1.2651987162826117e-05,
    1.2604244147951249e-05,
    1.2567751582537312e-05,
    1.2536834219645243e-05,
    1.2504573533078656e-05,
    1.2472972230170853e-05,
    1.2442587831174023e-05,
    1.240799520019209e-05,
    1.237591277458705e-05,
    1.23483905554167e-05,
    1.2325533134571742e-05,
    1.2300900380068924e-05,
    1.2274722394067794e-05
  ],