{
  "config": {
    "encoding": "onehot_distractor",
    "p": 97,
    "train_frac": 0.5,
    "hidden": 256,
    "lr": 0.001,
    "weight_decay": 1.0,
    "steps": 20000,
    "eval_every": 200,
    "seed": 3,
    "num_freqs": 4,
    "fourier_normalize": false,
    "num_distractor": 8,
    "train_acc_thresh": 0.99,
    "val_acc_thresh": 0.9
  },
  "metrics_version": "grok-metrics-v1",
  "encoding_version": "enc-v1",
  "steps_log": [
    0,
    200,
    400,
    600,
    800,
    1000,
    1200,
    1400,
    1600,
    1800,
    2000,
    2200,
    2400,
    2600,
    2800,
    3000,
    3200,
    3400,
    3600,
    3800,
    4000,
    4200,
    4400,
    4600,
    4800,
    5000,
    5200,
    5400,
    5600,
    5800,
    6000,
    6200,
    6400,
    6600,
    6800,
    7000,
    7200,
    7400,
    7600,
    7800,
    8000,
    8200,
    8400,
    8600,
    8800,
    9000,
    9200,
    9400,
    9600,
    9800,
    10000,
    10200,
    10400,
    10600,
    10800,
    11000,
    11200,
    11400,
    11600,
    11800,
    12000,
    12200,
    12400,
    12600,
    12800,
    13000,
    13200,
    13400,
    13600,
    13800,
    14000,
    14200,
    14400,
    14600,
    14800,
    15000,
    15200,
    15400,
    15600,
    15800,
    16000,
    16200,
    16400,
    16600,
    16800,
    17000,
    17200,
    17400,
    17600,
    17800,
    18000,
    18200,
    18400,
    18600,
    18800,
    19000,
    19200,
    19400,
    19600,
    19800,
    20000
  ],
  "train_acc": [
    0.012329932302236557,
    0.39987245202064514,
    0.9145408272743225,
    1.0,
    1.0,
    1.0,
    1.0,
    1.0,
    1.0,
    1.0,
    1.0,
    1.0,
    1.0,
    1.0,
    1.0,
    1.0,
    1.0,
    1.0,
    1.0,
    1.0,
    1.0,
    1.0,
    1.0,
    1.0,
    1.0,
    1.0,
    1.0,
    1.0,
    1.0,
    1.0,
    1.0,
    1.0,
    1.0,
    1.0,
    1.0,
    1.0,
    1.0,
    1.0,
    1.0,
    1.0,
    1.0,
    1.0,
    1.0,
    1.0,
    1.0,
    1.0,
    1.0,
    1.0,
    1.0,
    1.0,
    1.0,
    1.0,
    1.0,
    1.0,
    1.0,
    1.0,
    1.0,
    1.0,
    1.0,
    1.0,
    1.0,
    1.0,
    1.0,
    1.0,
    1.0,
    1.0,
    1.0,
    1.0,
    1.0,
    1.0,
    1.0,
    1.0,
    1.0,
    1.0,
    1.0,
    1.0,
    1.0,
    1.0,
    1.0,
    1.0,
    1.0,
    1.0,
    1.0,
    1.0,
    1.0,
    1.0,
    1.0,
    1.0,
    1.0,
    1.0,
    1.0,
    1.0,
    1.0,
    1.0,
    1.0,
    1.0,
    1.0,
    1.0,
    1.0,
    1.0,
    1.0
  ],
  "val_acc": [
    0.01041445229202509,
    0.0,
    0.0,
    0.0,
    0.0,
    0.0,
    0.0,
    0.0006376195815391839,
    0.0012752391630783677,
    0.00403825705870986,
    0.00913921371102333,
    0.017428267747163773,
    0.02763018012046814,
    0.04697130620479584,
    0.07120084762573242,
    0.09883102774620056,
    0.12943677604198456,
    0.16365568339824677,
    0.21190223097801208,
    0.25185972452163696,
    0.29989373683929443,
    0.34984058141708374,
    0.3955366611480713,
    0.4463336765766144,
    0.49713072180747986,
    0.545589804649353,
    0.5880977511405945,
    0.6257173418998718,
    0.6635494232177734,
    0.7032943964004517,
    0.7336875796318054,
    0.7632306218147278,
    0.7889479398727417,
    0.8114771246910095,
    0.8331562280654907,
    0.8533474802970886,
    0.8709883093833923,
    0.8852284550666809,
    0.901168942451477,
    0.9134962558746338,
    0.9232730865478516,
    0.932624876499176,
    0.9421891570091248,
    0.9498406052589417,
    0.9583421945571899,
    0.9642933011054993,
    0.9700318574905396,
    0.9734325408935547,
    0.976408064365387,
    0.9787459969520569,
    0.9815090298652649,
    0.9832093715667725,
    0.9844846129417419,
    0.9857598543167114,
    0.9885228276252747,
    0.9902231693267822,
    0.9914984107017517,
    0.9921360015869141,
    0.9927736520767212,
    0.9938363432884216,
    0.994473934173584,
    0.9951115846633911,
    0.9948990345001221,
    0.9955366849899292,
    0.9957491755485535,
    0.9965993762016296,
    0.9965993762016296,
    0.9963868260383606,
    0.9963868260383606,
    0.9968119263648987,
    0.9968119263648987,
    0.997236967086792,
    0.9976620674133301,
    0.9978746175765991,
    0.9980871677398682,
    0.9980871677398682,
    0.9980871677398682,
    0.9982996582984924,
    0.9985122084617615,
    0.9985122084617615,
    0.9985122084617615,
    0.9985122084617615,
    0.9985122084617615,
    0.9989373087882996,
    0.9989373087882996,
    0.9989373087882996,
    0.9987247586250305,
    0.9987247586250305,
    0.9987247586250305,
    0.9987247586250305,
    0.9987247586250305,
    0.9987247586250305,
    0.9989373087882996,
    0.9989373087882996,
    0.9989373087882996,
    0.9991498589515686,
    0.9991498589515686,
    0.9989373087882996,
    0.9993624091148376,
    0.9993624091148376,
    0.9993624091148376
  ],
  "train_loss": [
    4.572790622711182,
    3.084315538406372,
    1.4053500890731812,
    0.4602445662021637,
    0.1418166160583496,
    0.047445084899663925,
    0.016742875799536705,
    0.006132826209068298,
    0.0023326948285102844,
    0.0009293495677411556,
    0.00039116910193115473,
    0.00017946945445146412,
    9.343697456642985e-05,
    5.726639210479334e-05,
    4.1420975321670994e-05,
    3.408868724363856e-05,
    3.0413124477490783e-05,
    2.8378288334351964e-05,
    2.701074663491454e-05,
    2.6002031518146396e-05,
    2.5180006559821777e-05,
    2.4510460207238793e-05,
    2.3856802727095783e-05,
    2.3219341528601944e-05,
    2.2641679606749676e-05,
    2.2124229872133583e-05,
    2.1662586732418276e-05,
    2.12247105082497e-05,
    2.0793677322217263e-05,
    2.042424603132531e-05,
    2.007296097872313e-05,
    1.9732675355044194e-05,
    1.9425790014793165e-05,
    1.916548171720933e-05,
    1.8923874449683353e-05,
    1.8662020011106506e-05,
    1.8387061572866514e-05,
    1.8141325199394487e-05,
    1.7884996850625612e-05,
    1.765314482327085e-05,
    1.7437665519537404e-05,
    1.722421256999951e-05,
    1.7014104741974734e-05,
    1.680394598224666e-05,
    1.6593761756666936e-05,
    1.6399368178099394e-05,
    1.6225725630647503e-05,
    1.6059131667134352e-05,
    1.5905457985354587e-05,
    1.577140028530266e-05,
    1.564215745020192e-05,
    1.5527613868471235e-05,
    1.5406583770527504e-05,
    1.5290694136638194e-05,
    1.5174984582699835e-05,
    1.5061529666127171e-05,
    1.4956918676034547e-05,
    1.4865207049297169e-05,
    1.4769871995667927e-05,
    1.4680542335554492e-05,
    1.4598815141653176e-05,
    1.4513287169393152e-05,
    1.442512348148739e-05,
    1.434114165022038e-05,
    1.426288508810103e-05,
    1.419147247361252e-05,
    1.4123557775747031e-05,
    1.4063673916098196e-05,
    1.4003562682773918e-05,
    1.3941957149654627e-05,
    1.3872116142010782e-05,
    1.3816516002407297e-05,
    1.3762715752818622e-05,
    1.3707925972994417e-05,
    1.3656685950991232e-05,
    1.3605697859020438e-05,
    1.3555116311181337e-05,
    1.3507295989256818e-05,
    1.345195050816983e-05,
    1.3392497749009635e-05,
    1.3343942555366084e-05,
    1.3302636034495663e-05,
    1.3255550584290177e-05,
    1.3213661986810621e-05,
    1.3171392311051022e-05,
    1.313340453634737e-05,
    1.3092933841107879e-05,
    1.304861234530108e-05,
    1.3007127563469112e-05,
    1.2958445950062014e-05,
    1.29125264720642e-05,
    1.2869318197772373e-05,
    1.2835004781663883e-05,
    1.2800946024071891e-05,
    1.2768255146511365e-05,
    1.27265675473609e-05,
    1.2688708011410199e-05,
    1.2653659723582678e-05,
    1.2612427781277802e-05,
    1.2572134437505156e-05,
    1.2539342606032733e-05
  ],