{
  "config": {
    "encoding": "onehot_distractor",
    "p": 97,
    "train_frac": 0.5,
    "hidden": 256,
    "lr": 0.001,
    "weight_decay": 1.0,
    "steps": 20000,
    "eval_every": 200,
    "seed": 0,
    "num_freqs": 4,
    "fourier_normalize": false,
    "num_distractor": 8,
    "train_acc_thresh": 0.99,
    "val_acc_thresh": 0.9
  },
  "metrics_version": "grok-metrics-v1",
  "encoding_version": "enc-v1",
  "steps_log": [
    0,
    200,
    400,
    600,
    800,
    1000,
    1200,
    1400,
    1600,
    1800,
    2000,
    2200,
    2400,
    2600,
    2800,
    3000,
    3200,
    3400,
    3600,
    3800,
    4000,
    4200,
    4400,
    4600,
    4800,
    5000,
    5200,
    5400,
    5600,
    5800,
    6000,
    6200,
    6400,
    6600,
    6800,
    7000,
    7200,
    7400,
    7600,
    7800,
    8000,
    8200,
    8400,
    8600,
    8800,
    9000,
    9200,
    9400,
    9600,
    9800,
    10000,
    10200,
    10400,
    10600,
    10800,
    11000,
    11200,
    11400,
    11600,
    11800,
    12000,
    12200,
    12400,
    12600,
    12800,
    13000,
    13200,
    13400,
    13600,
    13800,
    14000,
    14200,
    14400,
    14600,
    14800,
    15000,
    15200,
    15400,
    15600,
    15800,
    16000,
    16200,
    16400,
    16600,
    16800,
    17000,
    17200,
    17400,
    17600,
    17800,
    18000,
    18200,
    18400,
    18600,
    18800,
    19000,
    19200,
    19400,
    19600,
    19800,
    20000
  ],
  "train_acc": [
    0.012117346748709679,
    0.3862670063972473,
    0.9073129296302795,
    1.0,
    1.0,
    1.0,
    1.0,
    1.0,
    1.0,
    1.0,
    1.0,
    1.0,
    1.0,
    1.0,
    1.0,
    1.0,
    1.0,
    1.0,
    1.0,
    1.0,
    1.0,
    1.0,
    1.0,
    1.0,
    1.0,
    1.0,
    1.0,
    1.0,
    1.0,
    1.0,
    1.0,
    1.0,
    1.0,
    1.0,
    1.0,
    1.0,
    1.0,
    1.0,
    1.0,
    1.0,
    1.0,
    1.0,
    1.0,
    1.0,
    1.0,
    1.0,
    1.0,
    1.0,
    1.0,
    1.0,
    1.0,
    1.0,
    1.0,
    1.0,
    1.0,
    1.0,
    1.0,
    1.0,
    1.0,
    1.0,
    1.0,
    1.0,
    1.0,
    1.0,
    1.0,
    1.0,
    1.0,
    1.0,
    1.0,
    1.0,
    1.0,
    1.0,
    1.0,
    1.0,
    1.0,
    1.0,
    1.0,
    1.0,
    1.0,
    1.0,
    1.0,
    1.0,
    1.0,
    1.0,
    1.0,
    1.0,
    1.0,
    1.0,
    1.0,
    1.0,
    1.0,
    1.0,
    1.0,
    1.0,
    1.0,
    1.0,
    1.0,
    1.0,
    1.0,
    1.0,
    1.0
  ],
  "val_acc": [
    0.0114771518856287,
    0.0,
    0.0,
    0.0,
    0.0,
    0.0,
    0.0,
    0.00021253984596114606,
    0.0017003187676891685,
    0.0025504783261567354,
    0.00573857594281435,
    0.007863974198698997,
    0.014027629978954792,
    0.02444208227097988,
    0.0382571741938591,
    0.05164718255400658,
    0.07162593305110931,
    0.09500531107187271,
    0.12263549119234085,
    0.15855473279953003,
    0.19107332825660706,
    0.2299681156873703,
    0.26971307396888733,
    0.31073325872421265,
    0.3500531315803528,
    0.39043569564819336,
    0.4325186014175415,
    0.4735387861728668,
    0.5177471041679382,
    0.56365567445755,
    0.6074389219284058,
    0.6429330706596375,
    0.6814027428627014,
    0.7141339182853699,
    0.7496280670166016,
    0.7838469743728638,
    0.8148778080940247,
    0.8376195430755615,
    0.8605738282203674,
    0.8784272074699402,
    0.8954303860664368,
    0.911583423614502,
    0.9234856367111206,
    0.9356003999710083,
    0.9447396397590637,
    0.9536663293838501,
    0.9613177180290222,
    0.9681190252304077,
    0.973645031452179,
    0.9774707555770874,
    0.9808714389801025,
    0.9844846129417419,
    0.9859723448753357,
    0.9874601364135742,
    0.9893730282783508,
    0.9906482696533203,
    0.9914984107017517,
    0.9929862022399902,
    0.9938363432884216,
    0.994473934173584,
    0.9951115846633911,
    0.9957491755485535,
    0.9963868260383606,
    0.9963868260383606,
    0.9968119263648987,
    0.997024416923523,
    0.997024416923523,
    0.997236967086792,
    0.9976620674133301,
    0.9978746175765991,
    0.9982996582984924,
    0.9985122084617615,
    0.9985122084617615,
    0.9987247586250305,
    0.9987247586250305,
    0.9987247586250305,
    0.9989373087882996,
    0.9989373087882996,
    0.9993624091148376,
    0.9995748996734619,
    0.9995748996734619,
    0.9995748996734619,
    1.0,
    1.0,
    1.0,
    1.0,
    1.0,
    1.0,
    1.0,
    1.0,
    1.0,
    1.0,
    0.999787449836731,
    0.999787449836731,
    0.999787449836731,
    0.999787449836731,
    0.999787449836731,
    0.999787449836731,
    0.999787449836731,
    0.999787449836731,
    0.999787449836731
  ],
  "train_loss": [
    4.572607517242432,
    3.0979292392730713,
    1.4479764699935913,
    0.5006282925605774,
    0.16133061051368713,
    0.05605646222829819,
    0.020491721108555794,
    0.007769808638840914,
    0.0030541312880814075,
    0.0012506472412496805,
    0.0005380833754315972,
    0.00024851690977811813,
    0.00012758432421833277,
    7.51796251279302e-05,
    5.155850521987304e-05,
    4.0328326576855034e-05,
    3.471178206382319e-05,
    3.174255107296631e-05,
    2.9969020033604465e-05,
    2.871513061108999e-05,
    2.7712298106052913e-05,
    2.6848589186556637e-05,
    2.6065565180033445e-05,
    2.537062573537696e-05,
    2.473488711984828e-05,
    2.4181024855352007e-05,
    2.3678601792198606e-05,
    2.3195039830170572e-05,
    2.2721531422575936e-05,
    2.2257732780417427e-05,
    2.17839715332957e-05,
    2.1321109670680016e-05,
    2.0850262444582768e-05,
    2.0402860172907822e-05,
    1.995852289837785e-05,
    1.9564711692510173e-05,
    1.9191913452232257e-05,
    1.8843438738258556e-05,
    1.8504422769183293e-05,
    1.8194263248005882e-05,
    1.7867052520159632e-05,
    1.756536221364513e-05,
    1.7285261492361315e-05,
    1.6999434592435136e-05,
    1.674893246672582e-05,
    1.6536567272851244e-05,
    1.631609302421566e-05,
    1.6112675439217128e-05,
    1.5932117094052956e-05,
    1.575774331286084e-05,
    1.5593046555295587e-05,
    1.5432053260155953e-05,
    1.530148983874824e-05,
    1.517592045274796e-05,
    1.504510782979196e-05,
    1.491530656494433e-05,
    1.4798128177062608e-05,
    1.4685459063912276e-05,
    1.4583813026547432e-05,
    1.4483307495538611e-05,
    1.4386578186531551e-05,
    1.4285008546721656e-05,
    1.419154887116747e-05,
    1.4106627531873528e-05,
    1.400604651280446e-05,
    1.3909597328165546e-05,
    1.3825233509123791e-05,
    1.3754658539255615e-05,
    1.3672144632437266e-05,
    1.3592926734418143e-05,
    1.3533755009120796e-05,
    1.347888792224694e-05,
    1.3419461538433097e-05,
    1.3358792784856632e-05,
    1.3294651580508798e-05,
    1.3226762348494958e-05,
    1.3158365618437529e-05,
    1.308490118390182e-05,
    1.3020379810768645e-05,
    1.2969037925358862e-05,
    1.2911486919620074e-05,
    1.2858902664447669e-05,
    1.2809385225409642e-05,
    1.2765619430865627e-05,
    1.2727405191981234e-05,
    1.2688099559454713e-05,
    1.2653913472604472e-05,
    1.2613315448106732e-05,
    1.258049815078266e-05,
    1.2552292901091278e-05,
    1.2525733836810105e-05,
    1.2499632248363923e-05,
    1.2469602552300785e-05,
    1.2446769687812775e-05,
    1.2428269656084012e-05,
    1.2411544048518408e-05,
    1.2390079064061865e-05,
    1.2369020623737015e-05,
    1.2351433724688832e-05,
    1.2336837244220078e-05,
    1.2317576874920633e-05
  ],