{
  "config": {
    "encoding": "onehot_distractor",
    "p": 97,
    "train_frac": 0.5,
    "hidden": 256,
    "lr": 0.001,
    "weight_decay": 1.0,
    "steps": 20000,
    "eval_every": 200,
    "seed": 1,
    "num_freqs": 4,
    "fourier_normalize": false,
    "num_distractor": 8,
    "train_acc_thresh": 0.99,
    "val_acc_thresh": 0.9
  },
  "metrics_version": "grok-metrics-v1",
  "encoding_version": "enc-v1",
  "steps_log": [
    0,
    200,
    400,
    600,
    800,
    1000,
    1200,
    1400,
    1600,
    1800,
    2000,
    2200,
    2400,
    2600,
    2800,
    3000,
    3200,
    3400,
    3600,
    3800,
    4000,
    4200,
    4400,
    4600,
    4800,
    5000,
    5200,
    5400,
    5600,
    5800,
    6000,
    6200,
    6400,
    6600,
    6800,
    7000,
    7200,
    7400,
    7600,
    7800,
    8000,
    8200,
    8400,
    8600,
    8800,
    9000,
    9200,
    9400,
    9600,
    9800,
    10000,
    10200,
    10400,
    10600,
    10800,
    11000,
    11200,
    11400,
    11600,
    11800,
    12000,
    12200,
    12400,
    12600,
    12800,
    13000,
    13200,
    13400,
    13600,
    13800,
    14000,
    14200,
    14400,
    14600,
    14800,
    15000,
    15200,
    15400,
    15600,
    15800,
    16000,
    16200,
    16400,
    16600,
    16800,
    17000,
    17200,
    17400,
    17600,
    17800,
    18000,
    18200,
    18400,
    18600,
    18800,
    19000,
    19200,
    19400,
    19600,
    19800,
    20000
  ],
  "train_acc": [
    0.013818027451634407,
    0.38414114713668823,
    0.9230442047119141,
    1.0,
    1.0,
    1.0,
    1.0,
    1.0,
    1.0,
    1.0,
    1.0,
    1.0,
    1.0,
    1.0,
    1.0,
    1.0,
    1.0,
    1.0,
    1.0,
    1.0,
    1.0,
    1.0,
    1.0,
    1.0,
    1.0,
    1.0,
    1.0,
    1.0,
    1.0,
    1.0,
    1.0,
    1.0,
    1.0,
    1.0,
    1.0,
    1.0,
    1.0,
    1.0,
    1.0,
    1.0,
    1.0,
    1.0,
    1.0,
    1.0,
    1.0,
    1.0,
    1.0,
    1.0,
    1.0,
    1.0,
    1.0,
    1.0,
    1.0,
    1.0,
    1.0,
    1.0,
    1.0,
    1.0,
    1.0,
    1.0,
    1.0,
    1.0,
    1.0,
    1.0,
    1.0,
    1.0,
    1.0,
    1.0,
    1.0,
    1.0,
    1.0,
    1.0,
    1.0,
    1.0,
    1.0,
    1.0,
    1.0,
    1.0,
    1.0,
    1.0,
    1.0,
    1.0,
    1.0,
    1.0,
    1.0,
    1.0,
    1.0,
    1.0,
    1.0,
    1.0,
    1.0,
    1.0,
    1.0,
    1.0,
    1.0,
    1.0,
    1.0,
    1.0,
    1.0,
    1.0,
    1.0
  ],
  "val_acc": [
    0.009564293548464775,
    0.0,
    0.0,
    0.0,
    0.0,
    0.0006376195815391839,
    0.0006376195815391839,
    0.0023379384074360132,
    0.004888416733592749,
    0.00807651411741972,
    0.014027629978954792,
    0.023379383608698845,
    0.03846971318125725,
    0.059298619627952576,
    0.08522848039865494,
    0.11987247318029404,
    0.1574920266866684,
    0.19659936428070068,
    0.2416578084230423,
    0.2916046679019928,
    0.3349628150463104,
    0.38235920667648315,
    0.43145591020584106,
    0.47778958082199097,
    0.5215727686882019,
    0.563443124294281,
    0.6027629971504211,
    0.6384696960449219,
    0.6735388040542603,
    0.7030818462371826,
    0.7321997880935669,
    0.7594048976898193,
    0.7838469743728638,
    0.8036131858825684,
    0.8248671889305115,
    0.8476089239120483,
    0.8643995523452759,
    0.8809776902198792,
    0.8962805271148682,
    0.9096705913543701,
    0.9217853546142578,
    0.9313496351242065,
    0.9413390159606934,
    0.9466524720191956,
    0.9528161287307739,
    0.9598299860954285,
    0.9645058512687683,
    0.9700318574905396,
    0.974070131778717,
    0.9783209562301636,
    0.9815090298652649,
    0.9849096536636353,
    0.9866099953651428,
    0.9883103370666504,
    0.9900106191635132,
    0.9910733103752136,
    0.9921360015869141,
    0.9929862022399902,
    0.9931987524032593,
    0.9942614436149597,
    0.994686484336853,
    0.9957491755485535,
    0.9961742758750916,
    0.9963868260383606,
    0.9968119263648987,
    0.997024416923523,
    0.997449517250061,
    0.9976620674133301,
    0.9978746175765991,
    0.9978746175765991,
    0.9980871677398682,
    0.9982996582984924,
    0.9982996582984924,
    0.9982996582984924,
    0.9985122084617615,
    0.9985122084617615,
    0.9985122084617615,
    0.9987247586250305,
    0.9987247586250305,
    0.9987247586250305,
    0.9987247586250305,
    0.9987247586250305,
    0.9991498589515686,
    0.9991498589515686,
    0.9991498589515686,
    0.9991498589515686,
    0.9989373087882996,
    0.9991498589515686,
    0.9991498589515686,
    0.9991498589515686,
    0.9993624091148376,
    0.9995748996734619,
    0.9995748996734619,
    0.9995748996734619,
    0.999787449836731,
    0.999787449836731,
    0.999787449836731,
    0.999787449836731,
    0.999787449836731,
    0.999787449836731,
    0.999787449836731
  ],
  "train_loss": [
    4.5728044509887695,
    3.0873966217041016,
    1.3946561813354492,
    0.4482457637786865,
    0.13615693151950836,
    0.04456407204270363,
    0.0154072605073452,
    0.005576909985393286,
    0.0020960411056876183,
    0.0008213898399844766,
    0.0003419004497118294,
    0.00015590687689837068,
    8.176050323527306e-05,
    5.094796506455168e-05,
    3.7652236642315984e-05,
    3.1636525818612427e-05,
    2.8607404601643793e-05,
    2.685137587832287e-05,
    2.56793628068408e-05,
    2.4777282305876724e-05,
    2.4096738343359903e-05,
    2.3501721443608403e-05,
    2.298204526596237e-05,
    2.252734157082159e-05,
    2.2129603166831657e-05,
    2.1750573068857193e-05,
    2.136530565621797e-05,
    2.1004316295147873e-05,
    2.0646366465371102e-05,
    2.03132294700481e-05,
    1.9986371626146138e-05,
    1.9678114767884836e-05,
    1.938678906299174e-05,
    1.911038998514414e-05,
    1.8841108612832613e-05,
    1.8572462067822926e-05,
    1.8302371245226823e-05,
    1.803494342311751e-05,
    1.7772401406546123e-05,
    1.753484866640065e-05,
    1.730051553749945e-05,
    1.7075024516088888e-05,
    1.6845633581397124e-05,
    1.6639505702187307e-05,
    1.6452408090117387e-05,
    1.6283376680803485e-05,
    1.6101348592201248e-05,
    1.592915396031458e-05,
    1.5754700143588707e-05,
    1.558901567477733e-05,
    1.545880877529271e-05,
    1.5335903299273923e-05,
    1.5215884559438564e-05,
    1.5110084859770723e-05,
    1.5018778867670335e-05,
    1.4927928532415535e-05,
    1.4832213310000952e-05,
    1.47308192026685e-05,
    1.4629604265792295e-05,
    1.4537840797856916e-05,
    1.4464024388871621e-05,
    1.4397097402252257e-05,
    1.4334425941342488e-05,
    1.4268232916947454e-05,
    1.4213317626854405e-05,
    1.4154956261336338e-05,
    1.4096694940235466e-05,
    1.404084287059959e-05,
    1.3983011740492657e-05,
    1.3931695320934523e-05,
    1.3882683560950682e-05,
    1.38375498863752e-05,
    1.3791276614938397e-05,
    1.374332896375563e-05,
    1.369974052067846e-05,
    1.365131356578786e-05,
    1.360815622319933e-05,
    1.356472148472676e-05,
    1.351776245428482e-05,
    1.3469814803102054e-05,
    1.3424376447801478e-05,
    1.3378027688304428e-05,
    1.3330995898286346e-05,
    1.3279930499265902e-05,
    1.3234518519311678e-05,
    1.3192197002354078e-05,
    1.3147317986295093e-05,
    1.3100358955853153e-05,
    1.3061636309430469e-05,
    1.3020912774663884e-05,
    1.2971065189049114e-05,
    1.2928491742059123e-05,
    1.288812291022623e-05,
    1.2851174687966704e-05,
    1.2817976312362589e-05,
    1.2780977158399764e-05,
    1.274896931136027e-05,
    1.2721017810690682e-05,
    1.2692939890257549e-05,
    1.2662757399084512e-05,
    1.2631739082280546e-05
  ],