{
  "config": {
    "encoding": "fourier",
    "p": 97,
    "train_frac": 0.5,
    "hidden": 256,
    "lr": 0.001,
    "weight_decay": 0.1,
    "steps": 12000,
    "eval_every": 200,
    "seed": 1,
    "num_freqs": 1,
    "fourier_normalize": true,
    "num_distractor": 8,
    "train_acc_thresh": 0.99,
    "val_acc_thresh": 0.9
  },
  "metrics_version": "grok-metrics-v1",
  "encoding_version": "enc-v1",
  "steps_log": [
    0,
    200,
    400,
    600,
    800,
    1000,
    1200,
    1400,
    1600,
    1800,
    2000,
    2200,
    2400,
    2600,
    2800,
    3000,
    3200,
    3400,
    3600,
    3800,
    4000,
    4200,
    4400,
    4600,
    4800,
    5000,
    5200,
    5400,
    5600,
    5800,
    6000,
    6200,
    6400,
    6600,
    6800,
    7000,
    7200,
    7400,
    7600,
    7800,
    8000,
    8200,
    8400,
    8600,
    8800,
    9000,
    9200,
    9400,
    9600,
    9800,
    10000,
    10200,
    10400,
    10600,
    10800,
    11000,
    11200,
    11400,
    11600,
    11800,
    12000
  ],
  "train_acc": [
    0.010416666977107525,
    0.20599490404129028,
    0.33056971430778503,
    0.41390305757522583,
    0.4874574840068817,
    0.5529336929321289,
    0.5950255393981934,
    0.6364796161651611,
    0.6777210831642151,
    0.7217261791229248,
    0.7565901279449463,
    0.7838010191917419,
    0.8086734414100647,
    0.8367347121238708,
    0.8611819744110107,
    0.8818027377128601,
    0.9005101919174194,
    0.9164540767669678,
    0.9317601919174194,
    0.9466411471366882,
    0.9547193646430969,
    0.9608843326568604,
    0.9681122303009033,
    0.973426878452301,
    0.9770408272743225,
    0.9832057952880859,
    0.9863945841789246,
    0.9883078336715698,
    0.9891581535339355,
    0.9904336929321289,
    0.992772102355957,
    0.9934098720550537,
    0.9948979616165161,
    0.9948979616165161,
    0.9961734414100647,
    0.9963860511779785,
    0.9970238208770752,
    0.9974489808082581,
    0.9978741407394409,
    0.9978741407394409,
    0.9982993006706238,
    0.9985119104385376,
    0.9985119104385376,
    0.9987244606018066,
    0.9987244606018066,
    0.9987244606018066,
    0.9987244606018066,
    0.9987244606018066,
    0.9987244606018066,
    0.9989370703697205,
    0.9987244606018066,
    0.9987244606018066,
    0.9987244606018066,
    0.9989370703697205,
    0.9991496801376343,
    0.9989370703697205,
    0.9989370703697205,
    0.9991496801376343,
    0.9991496801376343,
    0.9991496801376343,
    0.9991496801376343
  ],
  "val_acc": [
    0.008714133873581886,
    0.10116896778345108,
    0.15727949142456055,
    0.18512220680713654,
    0.20573857426643372,
    0.2344314604997635,
    0.25951117277145386,
    0.28246545791625977,
    0.30138149857521057,
    0.32561105489730835,
    0.34814026951789856,
    0.37236982583999634,
    0.3929861783981323,
    0.41700318455696106,
    0.43889477849006653,
    0.46652495861053467,
    0.4892667233943939,
    0.5096705555915833,
    0.5332624912261963,
    0.5547289848327637,
    0.5702444314956665,
    0.5919234752655029,
    0.60765141248703,
    0.6233794093132019,
    0.6354941725730896,
    0.6510095596313477,
    0.662274181842804,
    0.677789568901062,
    0.6879914999008179,
    0.698405921459198,
    0.7086078524589539,
    0.7185972332954407,
    0.727098822593689,
    0.7373007535934448,
    0.7411264777183533,
    0.7513283491134644,
    0.7583422064781189,
    0.765993595123291,
    0.7732200026512146,
    0.7774707674980164,
    0.7844845652580261,
    0.7902231812477112,
    0.7957491874694824,
    0.8023379445075989,
    0.8059511184692383,
    0.8112646341323853,
    0.8159404993057251,
    0.8184909820556641,
    0.8240169882774353,
    0.8248671889305115,
    0.8284803628921509,
    0.8325185775756836,
    0.8348565101623535,
    0.8374069929122925,
    0.8408076763153076,
    0.8429330587387085,
    0.8450584411621094,
    0.8486716151237488,
    0.8495217561721802,
    0.8503719568252563,
    0.8533474802970886
  ],
  "train_loss": [
    4.579318046569824,
    2.957451343536377,
    2.4000513553619385,
    2.0345282554626465,
    1.767552375793457,
    1.5692999362945557,
    1.4167578220367432,
    1.29373037815094,
    1.1909143924713135,
    1.1026073694229126,
    1.0255025625228882,
    0.9573342204093933,
    0.8965085744857788,
    0.8419554233551025,
    0.7926427125930786,
    0.7479895949363708,
    0.7072867751121521,
    0.6700946092605591,
    0.6360604166984558,
    0.6048120260238647,
    0.5760575532913208,
    0.5495733618736267,
    0.5251179337501526,
    0.5026575922966003,
    0.48203355073928833,
    0.46289902925491333,
    0.44518449902534485,
    0.42873653769493103,
    0.4135749042034149,
    0.39940184354782104,
    0.38631564378738403,
    0.3741743266582489,
    0.36274296045303345,
    0.3521522879600525,
    0.3422784209251404,
    0.3331366181373596,
    0.3246653079986572,
    0.3166951537132263,
    0.30933237075805664,
    0.30243510007858276,
    0.29589852690696716,
    0.2897830903530121,
    0.2840571105480194,
    0.2786955237388611,
    0.27357134222984314,
    0.26872777938842773,
    0.2641700804233551,
    0.25995880365371704,
    0.25585198402404785,
    0.252071738243103,
    0.24843639135360718,
    0.24508681893348694,
    0.24190741777420044,
    0.23892788589000702,
    0.23611579835414886,
    0.23345863819122314,
    0.23098887503147125,
    0.22857630252838135,
    0.2263306826353073,
    0.2241646945476532,
    0.22221815586090088
  ],
  "val_loss": [
    4.582746982574463,
    3.0766513347625732,
    2.5539541244506836,
    2.237967014312744,
    2.0308005809783936,
    1.8867170810699463,
    1.7777464389801025,
    1.6884589195251465,
    1.6122283935546875,
    1.5455554723739624,
    1.4867300987243652,
    1.4328685998916626,
    1.3840488195419312,
    1.3391129970550537,
    1.2972782850265503,
    1.2581969499588013,
    1.2218928337097168,
    1.1865124702453613,
    1.1542911529541016,
    1.1233471632003784,
    1.093799352645874,
    1.0656895637512207,
    1.0387076139450073,
    1.0125936269760132,
    0.9893918037414551,
    0.9656766653060913,
    0.942903459072113,
    0.9218811392784119,
    0.9017044901847839,
    0.8815221190452576,
    0.8616705536842346,
    0.8422145843505859,
    0.8252833485603333,
    0.8086755871772766,
    0.7929145693778992,
    0.7776700854301453,
    0.7627882957458496,
    0.7489561438560486,
    0.7354663610458374,
    0.7237451076507568,
    0.7113403081893921,
    0.6992347836494446,
    0.6880643367767334,
    0.6775960326194763,
    0.6661799550056458,
    0.6567495465278625,
    0.647514820098877,
    0.6391984820365906,
    0.629872739315033,
    0.6224629878997803,
    0.6138826012611389,
    0.6063962578773499,
    0.5996661186218262,
    0.5930600762367249,
    0.5867833495140076,
    0.5808532238006592,
    0.5745574235916138,
    0.5688597559928894,
    0.5639253854751587,
    0.5584889650344849,
    0.5539581179618835
  ],