{
  "config": {
    "encoding": "fourier",
    "p": 97,
    "train_frac": 0.5,
    "hidden": 256,
    "lr": 0.001,
    "weight_decay": 0.1,
    "steps": 12000,
    "eval_every": 200,
    "seed": 0,
    "num_freqs": 1,
    "fourier_normalize": true,
    "num_distractor": 8,
    "train_acc_thresh": 0.99,
    "val_acc_thresh": 0.9
  },
  "metrics_version": "grok-metrics-v1",
  "encoding_version": "enc-v1",
  "steps_log": [
    0,
    200,
    400,
    600,
    800,
    1000,
    1200,
    1400,
    1600,
    1800,
    2000,
    2200,
    2400,
    2600,
    2800,
    3000,
    3200,
    3400,
    3600,
    3800,
    4000,
    4200,
    4400,
    4600,
    4800,
    5000,
    5200,
    5400,
    5600,
    5800,
    6000,
    6200,
    6400,
    6600,
    6800,
    7000,
    7200,
    7400,
    7600,
    7800,
    8000,
    8200,
    8400,
    8600,
    8800,
    9000,
    9200,
    9400,
    9600,
    9800,
    10000,
    10200,
    10400,
    10600,
    10800,
    11000,
    11200,
    11400,
    11600,
    11800,
    12000
  ],
  "train_acc": [
    0.01424319762736559,
    0.21152210235595703,
    0.33673468232154846,
    0.42899659276008606,
    0.4985119104385376,
    0.555059552192688,
    0.6067177057266235,
    0.6543367505073547,
    0.6930271983146667,
    0.7323554158210754,
    0.7597789168357849,
    0.793154776096344,
    0.8212159872055054,
    0.8488520383834839,
    0.8713860511779785,
    0.8903061151504517,
    0.9096513390541077,
    0.9217687249183655,
    0.9340986609458923,
    0.9466411471366882,
    0.956632673740387,
    0.9657738208770752,
    0.9704506993293762,
    0.9757652878761292,
    0.9795918464660645,
    0.9825680255889893,
    0.9849064350128174,
    0.9870322942733765,
    0.9893707633018494,
    0.9904336929321289,
    0.9923469424247742,
    0.992772102355957,
    0.9942601919174194,
    0.995323121547699,
    0.9963860511779785,
    0.9970238208770752,
    0.9970238208770752,
    0.9976615905761719,
    0.9978741407394409,
    0.9978741407394409,
    0.9978741407394409,
    0.9985119104385376,
    0.9980867505073547,
    0.9980867505073547,
    0.9985119104385376,
    0.9987244606018066,
    0.9991496801376343,
    0.9991496801376343,
    0.9989370703697205,
    0.9991496801376343,
    0.9993622303009033,
    0.9991496801376343,
    0.9993622303009033,
    0.9995748400688171,
    0.9995748400688171,
    0.9993622303009033,
    0.9995748400688171,
    0.9995748400688171,
    0.9993622303009033,
    0.9995748400688171,
    0.9995748400688171
  ],
  "val_acc": [
    0.010201913304626942,
    0.10541976988315582,
    0.15940488874912262,
    0.19638682901859283,
    0.22295430302619934,
    0.25143465399742126,
    0.2735387980937958,
    0.29861849546432495,
    0.31944739818573,
    0.3411264717578888,
    0.360892653465271,
    0.38193410634994507,
    0.40616366267204285,
    0.42911794781684875,
    0.44760891795158386,
    0.4680127501487732,
    0.4888416528701782,
    0.5113708972930908,
    0.5307120084762573,
    0.548352837562561,
    0.5691817402839661,
    0.5874601602554321,
    0.6029755473136902,
    0.6172157526016235,
    0.631030797958374,
    0.6444208025932312,
    0.6565356254577637,
    0.6671625971794128,
    0.6790648102760315,
    0.6871413588523865,
    0.6981934309005737,
    0.7073326110839844,
    0.7196599245071411,
    0.7260361313819885,
    0.7343251705169678,
    0.7392135858535767,
    0.7483528256416321,
    0.7540913820266724,
    0.7615302801132202,
    0.7698193192481995,
    0.7753453850746155,
    0.7810839414596558,
    0.7872475981712341,
    0.7923485636711121,
    0.8017002940177917,
    0.8040382862091064,
    0.8087141513824463,
    0.8114771246910095,
    0.8167906403541565,
    0.8223167061805725,
    0.8263549208641052,
    0.8312433362007141,
    0.8342189192771912,
    0.838682234287262,
    0.8403825759887695,
    0.844208300113678,
    0.8429330587387085,
    0.8459085822105408,
    0.8499468564987183,
    0.8522847890853882,
    0.8544102311134338
  ],
  "train_loss": [
    4.58231782913208,
    2.946049213409424,
    2.389096975326538,
    2.022922992706299,
    1.7557505369186401,
    1.5579354763031006,
    1.4054536819458008,
    1.2821946144104004,
    1.1790601015090942,
    1.0904780626296997,
    1.0131622552871704,
    0.9447513222694397,
    0.8837916851043701,
    0.8290728330612183,
    0.77970290184021,
    0.7349863648414612,
    0.694360613822937,
    0.6571736931800842,
    0.6232579946517944,
    0.5921499133110046,
    0.5635701417922974,
    0.5373098254203796,
    0.5130672454833984,
    0.4907189607620239,
    0.47005218267440796,
    0.45098087191581726,
    0.4333462119102478,
    0.4169425070285797,
    0.4018859267234802,
    0.38783615827560425,
    0.3747067451477051,
    0.362491637468338,
    0.351175457239151,
    0.3407188653945923,
    0.3308311402797699,
    0.32173851132392883,
    0.31322747468948364,
    0.30520981550216675,
    0.2977604568004608,
    0.29061558842658997,
    0.28394943475723267,
    0.277707576751709,
    0.27186185121536255,
    0.26639246940612793,
    0.26123446226119995,
    0.2563042640686035,
    0.2516520619392395,
    0.24731110036373138,
    0.24308942258358002,
    0.2391718626022339,
    0.23538340628147125,
    0.23170121014118195,
    0.22833287715911865,
    0.22493961453437805,
    0.2218988835811615,
    0.21901975572109222,
    0.21634012460708618,
    0.21373394131660461,
    0.21129311621189117,
    0.20892101526260376,
    0.20661936700344086
  ],
  "val_loss": [
    4.585062026977539,
    3.069218397140503,
    2.54495906829834,
    2.228804111480713,
    2.020620346069336,
    1.8758244514465332,
    1.7665388584136963,
    1.6787558794021606,
    1.6049902439117432,
    1.5416430234909058,
    1.485162377357483,
    1.433349609375,
    1.3862836360931396,
    1.3435009717941284,
    1.3032879829406738,
    1.2662664651870728,
    1.230777382850647,
    1.1980828046798706,
    1.1668777465820312,
    1.137056589126587,
    1.1083475351333618,
    1.0811631679534912,
    1.0543843507766724,
    1.028602957725525,
    1.0049313306808472,
    0.9817163944244385,
    0.959460437297821,
    0.9377567768096924,
    0.916344940662384,
    0.8972573280334473,
    0.8768066763877869,
    0.8591899871826172,
    0.840855062007904,
    0.8230776190757751,
    0.8065366148948669,
    0.7914824485778809,
    0.7752624750137329,
    0.7610458135604858,
    0.7467517852783203,
    0.7326082587242126,
    0.7201588749885559,
    0.7074323296546936,
    0.6950324773788452,
    0.684838056564331,
    0.673172652721405,
    0.6627159118652344,
    0.6539493799209595,
    0.643416166305542,
    0.633344829082489,
    0.6245151162147522,
    0.6150527000427246,
    0.6061991453170776,
    0.5966877341270447,
    0.5894119739532471,
    0.5817813873291016,
    0.5747479200363159,
    0.5686154961585999,
    0.5616672039031982,
    0.5549643039703369,
    0.5489354133605957,
    0.543469250202179
  ],