{
  "config": {
    "encoding": "fourier",
    "p": 97,
    "train_frac": 0.5,
    "hidden": 256,
    "lr": 0.001,
    "weight_decay": 0.1,
    "steps": 12000,
    "eval_every": 200,
    "seed": 2,
    "num_freqs": 1,
    "fourier_normalize": true,
    "num_distractor": 8,
    "train_acc_thresh": 0.99,
    "val_acc_thresh": 0.9
  },
  "metrics_version": "grok-metrics-v1",
  "encoding_version": "enc-v1",
  "steps_log": [
    0,
    200,
    400,
    600,
    800,
    1000,
    1200,
    1400,
    1600,
    1800,
    2000,
    2200,
    2400,
    2600,
    2800,
    3000,
    3200,
    3400,
    3600,
    3800,
    4000,
    4200,
    4400,
    4600,
    4800,
    5000,
    5200,
    5400,
    5600,
    5800,
    6000,
    6200,
    6400,
    6600,
    6800,
    7000,
    7200,
    7400,
    7600,
    7800,
    8000,
    8200,
    8400,
    8600,
    8800,
    9000,
    9200,
    9400,
    9600,
    9800,
    10000,
    10200,
    10400,
    10600,
    10800,
    11000,
    11200,
    11400,
    11600,
    11800,
    12000
  ],
  "train_acc": [
    0.01403061207383871,
    0.2232142835855484,
    0.3258928656578064,
    0.4306972920894623,
    0.5004251599311829,
    0.5588860511779785,
    0.6086309552192688,
    0.6477466225624084,
    0.6885629296302795,
    0.7240646481513977,
    0.7563775777816772,
    0.788477897644043,
    0.8107993006706238,
    0.8354591727256775,
    0.8577806353569031,
    0.8779761791229248,
    0.8998724222183228,
    0.9139030575752258,
    0.9292091727256775,
    0.9415391087532043,
    0.9515306353569031,
    0.9606717824935913,
    0.9681122303009033,
    0.9753401279449463,
    0.9802296161651611,
    0.9838435649871826,
    0.9859693646430969,
    0.987882673740387,
    0.9897959232330322,
    0.990646243095398,
    0.9917091727256775,
    0.9934098720550537,
    0.9934098720550537,
    0.9957482814788818,
    0.9963860511779785,
    0.9961734414100647,
    0.9970238208770752,
    0.9976615905761719,
    0.9980867505073547,
    0.9985119104385376,
    0.9987244606018066,
    0.9985119104385376,
    0.9991496801376343,
    0.9995748400688171,
    0.9995748400688171,
    0.9997873902320862,
    0.9997873902320862,
    0.9997873902320862,
    0.9997873902320862,
    0.9997873902320862,
    1.0,
    0.9997873902320862,
    1.0,
    1.0,
    1.0,
    1.0,
    1.0,
    1.0,
    1.0,
    1.0,
    1.0
  ],
  "val_acc": [
    0.009776833467185497,
    0.10180658847093582,
    0.1453772634267807,
    0.18235918879508972,
    0.20531348884105682,
    0.22869287431240082,
    0.24803400039672852,
    0.26716259121894836,
    0.28246545791625977,
    0.30626991391181946,
    0.32476088404655457,
    0.3466525077819824,
    0.36918172240257263,
    0.3897980749607086,
    0.4176408052444458,
    0.43400636315345764,
    0.4563230574131012,
    0.4765143394470215,
    0.49798086285591125,
    0.5202975273132324,
    0.5373007655143738,
    0.5553666353225708,
    0.5710945725440979,
    0.5876727104187012,
    0.6019128561019897,
    0.612752377986908,
    0.6267800331115723,
    0.6422954201698303,
    0.6548352837562561,
    0.6682252883911133,
    0.68055260181427,
    0.6905419826507568,
    0.698618471622467,
    0.7083953022956848,
    0.7154091596603394,
    0.7241232991218567,
    0.7317746877670288,
    0.7381508946418762,
    0.7487778663635254,
    0.75345379114151,
    0.7598299384117126,
    0.7647184133529663,
    0.7721572518348694,
    0.7778958678245544,
    0.7827842831611633,
    0.7887353897094727,
    0.7929862141609192,
    0.7963868379592896,
    0.8012752532958984,
    0.8040382862091064,
    0.8085016012191772,
    0.812964916229248,
    0.8172157406806946,
    0.8204038143157959,
    0.8214665055274963,
    0.8252922296524048,
    0.8293305039405823,
    0.8306057453155518,
    0.8346440196037292,
    0.836344301700592,
    0.838894784450531
  ],
  "train_loss": [
    4.581268787384033,
    2.944793701171875,
    2.3859856128692627,
    2.018841505050659,
    1.7501758337020874,
    1.5506103038787842,
    1.3972088098526,
    1.2737233638763428,
    1.1705387830734253,
    1.082084059715271,
    1.0049880743026733,
    0.9369548559188843,
    0.8764614462852478,
    0.8222317099571228,
    0.7733811140060425,
    0.7292510867118835,
    0.6891312599182129,
    0.6526439785957336,
    0.6192829608917236,
    0.5888018608093262,
    0.5606777667999268,
    0.5348460674285889,
    0.510948121547699,
    0.48902884125709534,
    0.4687635600566864,
    0.4500792622566223,
    0.43275561928749084,
    0.4166957437992096,
    0.4018532335758209,
    0.38813480734825134,
    0.3752906620502472,
    0.3633972406387329,
    0.352398544549942,
    0.34213414788246155,
    0.33263474702835083,
    0.3235960602760315,
    0.31515029072761536,
    0.3072969615459442,
    0.2999779284000397,
    0.2931079864501953,
    0.28667354583740234,
    0.2806423306465149,
    0.2749359905719757,
    0.26956474781036377,
    0.2644701302051544,
    0.2595929801464081,
    0.2549774646759033,
    0.2506074607372284,
    0.2465883046388626,
    0.24268141388893127,
    0.2390041947364807,
    0.23548302054405212,
    0.23224754631519318,
    0.22900435328483582,
    0.22602196037769318,
    0.2232620120048523,
    0.22047574818134308,
    0.217950701713562,
    0.21549701690673828,
    0.21306583285331726,
    0.21083791553974152
  ],
  "val_loss": [
    4.590025424957275,
    3.0720839500427246,
    2.553955078125,
    2.244206666946411,
    2.0452778339385986,
    1.9065592288970947,
    1.801489233970642,
    1.7158039808273315,
    1.643560767173767,
    1.579563021659851,
    1.5233224630355835,
    1.4721986055374146,
    1.4265609979629517,
    1.3839095830917358,
    1.343270182609558,
    1.3061282634735107,
    1.2702319622039795,
    1.237575650215149,
    1.2057712078094482,
    1.174880027770996,
    1.1463030576705933,
    1.1178420782089233,
    1.091724157333374,
    1.06605863571167,
    1.0411179065704346,
    1.018209457397461,
    0.994742214679718,
    0.9726613163948059,
    0.9517046809196472,
    0.9313594102859497,
    0.911861002445221,
    0.8936781883239746,
    0.8757025599479675,
    0.8578994870185852,
    0.8420713543891907,
    0.8259576559066772,
    0.8105072975158691,
    0.7955961227416992,
    0.780664324760437,
    0.767518937587738,
    0.7544187903404236,
    0.7418023943901062,
    0.7296035885810852,
    0.7175139784812927,
    0.7055955529212952,
    0.6951331496238708,
    0.6838846206665039,
    0.6729573607444763,
    0.6629354357719421,
    0.6535868048667908,
    0.6437922716140747,
    0.6354381442070007,
    0.6268364191055298,
    0.6187418103218079,
    0.6114488244056702,
    0.6033507585525513,
    0.5963308811187744,
    0.5889956951141357,
    0.583166778087616,
    0.5771388411521912,
    0.5708192586898804
  ],