{
  "config": {
    "encoding": "onehot",
    "p": 97,
    "train_frac": 0.5,
    "hidden": 256,
    "lr": 0.001,
    "weight_decay": 0.1,
    "steps": 8000,
    "eval_every": 200,
    "seed": 0,
    "num_freqs": 4,
    "fourier_normalize": false,
    "num_distractor": 8,
    "train_acc_thresh": 0.99,
    "val_acc_thresh": 0.9
  },
  "metrics_version": "grok-metrics-v1",
  "encoding_version": "enc-v1",
  "steps_log": [
    0,
    200,
    400,
    600,
    800,
    1000,
    1200,
    1400,
    1600,
    1800,
    2000,
    2200,
    2400,
    2600,
    2800,
    3000,
    3200,
    3400,
    3600,
    3800,
    4000,
    4200,
    4400,
    4600,
    4800,
    5000,
    5200,
    5400,
    5600,
    5800,
    6000,
    6200,
    6400,
    6600,
    6800,
    7000,
    7200,
    7400,
    7600,
    7800,
    8000
  ],
  "train_acc": [
    0.014455782249569893,
    0.39158162474632263,
    0.9732142686843872,
    1.0,
    1.0,
    1.0,
    1.0,
    1.0,
    1.0,
    1.0,
    1.0,
    1.0,
    1.0,
    1.0,
    1.0,
    1.0,
    1.0,
    1.0,
    1.0,
    1.0,
    1.0,
    1.0,
    1.0,
    1.0,
    1.0,
    1.0,
    1.0,
    1.0,
    1.0,
    1.0,
    1.0,
    1.0,
    1.0,
    1.0,
    1.0,
    1.0,
    1.0,
    1.0,
    1.0,
    1.0,
    1.0
  ],
  "val_acc": [
    0.00913921371102333,
    0.0,
    0.0,
    0.0,
    0.00021253984596114606,
    0.001487778965383768,
    0.0031880978494882584,
    0.004463336896151304,
    0.008714133873581886,
    0.011902231723070145,
    0.014452709816396236,
    0.017428267747163773,
    0.02061636559665203,
    0.024017002433538437,
    0.028692880645394325,
    0.03315621614456177,
    0.037194475531578064,
    0.04080765321850777,
    0.047183845192193985,
    0.05122210457921028,
    0.058660998940467834,
    0.06609989702701569,
    0.0692879930138588,
    0.07757704704999924,
    0.08756642043590546,
    0.09521785378456116,
    0.10414452850818634,
    0.110733263194561,
    0.12029755860567093,
    0.12943677604198456,
    0.137725830078125,
    0.1458023339509964,
    0.15536662936210632,
    0.16323061287403107,
    0.17577046155929565,
    0.18788522481918335,
    0.19511158764362335,
    0.20765143632888794,
    0.22082890570163727,
    0.23251859843730927,
    0.24760892987251282
  ],
  "train_loss": [
    4.5736846923828125,
    3.124748706817627,
    1.1233097314834595,
    0.15793299674987793,
    0.020423881709575653,
    0.002890361938625574,
    0.0004171368491370231,
    6.334121280815452e-05,
    1.180481103801867e-05,
    3.5414514059084468e-06,
    1.842344090619008e-06,
    1.3445245485854684e-06,
    1.1513167237353628e-06,
    1.0667754395399243e-06,
    1.026278823701432e-06,
    1.0039018434326863e-06,
    9.916361705109011e-07,
    9.808152299228823e-07,
    9.748597449288354e-07,
    9.689297257864382e-07,
    9.648498462411226e-07,
    9.615301905796514e-07,
    9.568163932272e-07,
    9.552451274430496e-07,
    9.506835567663074e-07,
    9.469836754760763e-07,
    9.441453698855184e-07,
    9.404960223946546e-07,
    9.375565355185245e-07,
    9.347942295789835e-07,
    9.32690852550877e-07,
    9.288642104365863e-07,
    9.26710129078856e-07,
    9.230861905962229e-07,
    9.215403338203032e-07,
    9.187020282297453e-07,
    9.164971288555535e-07,
    9.122144319917425e-07,
    9.095788300328422e-07,
    9.058028922481753e-07,
    9.026604743667122e-07
  ],
  "val_loss": [
    4.576972484588623,
    6.251766204833984,
    8.797468185424805,
    11.01565933227539,
    12.479130744934082,
    13.5332670211792,
    14.347570419311523,
    14.95757007598877,
    15.279430389404297,
    15.188690185546875,
    14.824504852294922,
    14.374177932739258,
    13.9043550491333,
    13.437996864318848,
    12.983940124511719,
    12.546473503112793,
    12.125557899475098,
    11.720890998840332,
    11.328910827636719,
    10.948660850524902,
    10.58143424987793,
    10.22680950164795,
    9.884499549865723,
    9.552285194396973,
    9.2302827835083,
    8.918728828430176,
    8.617010116577148,
    8.325725555419922,
    8.044095039367676,
    7.771785259246826,
    7.508455753326416,
    7.253080368041992,
    7.0056986808776855,
    6.76597261428833,
    6.534660816192627,
    6.310609817504883,
    6.093767166137695,
    5.8842573165893555,
    5.682124614715576,
    5.486907482147217,
    5.297701358795166
  ],
  "weight_l2": [
    10.847382930091246,
    55.306637092259095,
    96.92523724770702,
    127.59369627283195,
    147.61876983803955,
    163.19453535105382,
    176.54796790080036,
    188.0093826637351,
    196.75735048986178,
    201.57773622635443,
    203.13579685097423,
    203.0685019904952,
    202.3211849258797,
    201.29911930390915,
    200.17216014774752,
    199.0239055019338,
    197.88512490178337,
    196.76780280597794,
    195.6721346733955,
    194.60216999598515,
    193.56141464229648,
    192.54848343284877,
    191.56657755931926,
    190.6130826658111,
    189.68555481116013,
    188.78114775143553,
    187.90208613789196,
    187.0478492171633,
    186.21694566825906,
    185.41097280896543,
    184.62625021436955,
    183.86202297928142,
    183.11763493826518,
    182.39404698239116,
    181.6906660963462,
    181.00628567287563,
    180.33909335988255,
    179.68677166733124,
    179.05163736066103,
    178.432725167065,
    177.82789932503462
  ],
  "step_train_saturate": 600,
  "step_val_generalize": null,
  "grok_delay": null,
  "final_val_acc": 0.24760892987251282,
  "wall_seconds": 114.47601389884949
}