{
  "config": {
    "encoding": "onehot",
    "p": 97,
    "train_frac": 0.5,
    "hidden": 256,
    "lr": 0.001,
    "weight_decay": 1.0,
    "steps": 20000,
    "eval_every": 200,
    "seed": 1,
    "num_freqs": 4,
    "fourier_normalize": false,
    "num_distractor": 8,
    "train_acc_thresh": 0.99,
    "val_acc_thresh": 0.9
  },
  "metrics_version": "grok-metrics-v1",
  "encoding_version": "enc-v1",
  "steps_log": [
    0,
    200,
    400,
    600,
    800,
    1000,
    1200,
    1400,
    1600,
    1800,
    2000,
    2200,
    2400,
    2600,
    2800,
    3000,
    3200,
    3400,
    3600,
    3800,
    4000,
    4200,
    4400,
    4600,
    4800,
    5000,
    5200,
    5400,
    5600,
    5800,
    6000,
    6200,
    6400,
    6600,
    6800,
    7000,
    7200,
    7400,
    7600,
    7800,
    8000,
    8200,
    8400,
    8600,
    8800,
    9000,
    9200,
    9400,
    9600,
    9800,
    10000,
    10200,
    10400,
    10600,
    10800,
    11000,
    11200,
    11400,
    11600,
    11800,
    12000,
    12200,
    12400,
    12600,
    12800,
    13000,
    13200,
    13400,
    13600,
    13800,
    14000,
    14200,
    14400,
    14600,
    14800,
    15000,
    15200,
    15400,
    15600,
    15800,
    16000,
    16200,
    16400,
    16600,
    16800,
    17000,
    17200,
    17400,
    17600,
    17800,
    18000,
    18200,
    18400,
    18600,
    18800,
    19000,
    19200,
    19400,
    19600,
    19800,
    20000
  ],
  "train_acc": [
    0.013605441898107529,
    0.35161563754081726,
    0.8954081535339355,
    1.0,
    1.0,
    1.0,
    1.0,
    1.0,
    1.0,
    1.0,
    1.0,
    1.0,
    1.0,
    1.0,
    1.0,
    1.0,
    1.0,
    1.0,
    1.0,
    1.0,
    1.0,
    1.0,
    1.0,
    1.0,
    1.0,
    1.0,
    1.0,
    1.0,
    1.0,
    1.0,
    1.0,
    1.0,
    1.0,
    1.0,
    1.0,
    1.0,
    1.0,
    1.0,
    1.0,
    1.0,
    1.0,
    1.0,
    1.0,
    1.0,
    1.0,
    1.0,
    1.0,
    1.0,
    1.0,
    1.0,
    1.0,
    1.0,
    1.0,
    1.0,
    1.0,
    1.0,
    1.0,
    1.0,
    1.0,
    1.0,
    1.0,
    1.0,
    1.0,
    1.0,
    1.0,
    1.0,
    1.0,
    1.0,
    1.0,
    1.0,
    1.0,
    1.0,
    1.0,
    1.0,
    1.0,
    1.0,
    1.0,
    1.0,
    1.0,
    1.0,
    1.0,
    1.0,
    1.0,
    1.0,
    1.0,
    1.0,
    1.0,
    1.0,
    1.0,
    1.0,
    1.0,
    1.0,
    1.0,
    1.0,
    1.0,
    1.0,
    1.0,
    1.0,
    1.0,
    1.0,
    1.0
  ],
  "val_acc": [
    0.00913921371102333,
    0.0,
    0.0,
    0.0,
    0.00021253984596114606,
    0.0031880978494882584,
    0.014665249735116959,
    0.052497342228889465,
    0.12816153466701508,
    0.22975558042526245,
    0.3528161644935608,
    0.49351754784584045,
    0.6257173418998718,
    0.7375133037567139,
    0.8263549208641052,
    0.8901168704032898,
    0.9283740520477295,
    0.9543039202690125,
    0.9668437838554382,
    0.979171097278595,
    0.9870350956916809,
    0.9917109608650208,
    0.9951115846633911,
    0.9959617257118225,
    0.997449517250061,
    0.997449517250061,
    0.9976620674133301,
    0.9982996582984924,
    0.9991498589515686,
    0.9991498589515686,
    0.9993624091148376,
    0.9993624091148376,
    0.999787449836731,
    0.999787449836731,
    0.999787449836731,
    0.999787449836731,
    0.999787449836731,
    0.999787449836731,
    1.0,
    1.0,
    1.0,
    1.0,
    1.0,
    1.0,
    1.0,
    1.0,
    1.0,
    1.0,
    1.0,
    1.0,
    1.0,
    1.0,
    1.0,
    1.0,
    1.0,
    1.0,
    1.0,
    1.0,
    1.0,
    1.0,
    1.0,
    1.0,
    1.0,
    1.0,
    1.0,
    1.0,
    1.0,
    1.0,
    1.0,
    1.0,
    1.0,
    1.0,
    1.0,
    1.0,
    1.0,
    1.0,
    1.0,
    1.0,
    1.0,
    1.0,
    1.0,
    1.0,
    1.0,
    1.0,
    1.0,
    1.0,
    1.0,
    1.0,
    1.0,
    1.0,
    1.0,
    1.0,
    1.0,
    1.0,
    1.0,
    1.0,
    1.0,
    1.0,
    1.0,
    1.0,
    1.0
  ],
  "train_loss": [
    4.573645114898682,
    3.3041470050811768,
    1.7186803817749023,
    0.5945677757263184,
    0.16685932874679565,
    0.04910455644130707,
    0.014930088073015213,
    0.0046593197621405125,
    0.001486851368099451,
    0.0004931673756800592,
    0.0001758776925271377,
    7.248317706398666e-05,
    3.7666119169443846e-05,
    2.5515289962640963e-05,
    2.1004383597755805e-05,
    1.9159871953888796e-05,
    1.8257664123666473e-05,
    1.7713224224280566e-05,
    1.731062184262555e-05,
    1.695789433142636e-05,
    1.6649637473165058e-05,
    1.638058529351838e-05,
    1.6143616448971443e-05,
    1.5926361811580136e-05,
    1.5720281226094812e-05,
    1.5527966752415523e-05,
    1.533917020424269e-05,
    1.5159471331571694e-05,
    1.4994673620094545e-05,
    1.4817408555245493e-05,
    1.4657276551588438e-05,
    1.4514728718495462e-05,
    1.4386652765097097e-05,
    1.426308517693542e-05,
    1.4140582607069518e-05,
    1.4029915291757789e-05,
    1.3915017007093411e-05,
    1.3810482414555736e-05,
    1.3703262084163725e-05,
    1.3603797015093733e-05,
    1.3506029063137248e-05,
    1.340947528660763e-05,
    1.332022020505974e-05,
    1.3231752745923586e-05,
    1.3157095963833854e-05,
    1.3083427802484948e-05,
    1.3019414836890064e-05,
    1.2956339560332708e-05,
    1.2896963198727462e-05,
    1.2839386727137025e-05,
    1.2784851605829317e-05,
    1.2734624760923907e-05,
    1.2688755305134691e-05,
    1.264526872546412e-05,
    1.2600314221344888e-05,
    1.2557308764371555e-05,
    1.2516507013060618e-05,
    1.2478114513214678e-05,
    1.2443193554645404e-05,
    1.2413393051247112e-05,
    1.2383413377392571e-05,
    1.234871888300404e-05,
    1.2313367733440828e-05,
    1.2283768228371628e-05,
    1.2254396096977871e-05,
    1.2225204045535065e-05,
    1.220224476128351e-05,
    1.2181616511952598e-05,
    1.2162027815065812e-05,
    1.2142869309172966e-05,
    1.2124623026465997e-05,
    1.2107720067433547e-05,
    1.2093503755750135e-05,
    1.207543391501531e-05,
    1.2057822459610179e-05,
    1.2037320630042814e-05,
    1.201897430291865e-05,
    1.2006455108348746e-05,
    1.1992540748906322e-05,
    1.1975917914242018e-05,
    1.19575952339801e-05,
    1.1940819604205899e-05,
    1.1925640137633309e-05,
    1.1910966350114904e-05,
    1.1894696399394888e-05,
    1.1878123586939182e-05,
    1.1862081919389311e-05,
    1.1850045666506048e-05,
    1.183686799777206e-05,
    1.1818088751169853e-05,
    1.1805316717072856e-05,
    1.1793103112722747e-05,
    1.1778050065913703e-05,
    1.1764035662054084e-05,
    1.1750376870622858e-05,
    1.173925102193607e-05,
    1.1730939149856567e-05,
    1.172204520116793e-05,
    1.1715784239640925e-05,
    1.1706915756803937e-05,
    1.1697413356159814e-05
  ],