{
  "config": {
    "encoding": "onehot",
    "p": 97,
    "train_frac": 0.5,
    "hidden": 256,
    "lr": 0.001,
    "weight_decay": 1.0,
    "steps": 20000,
    "eval_every": 200,
    "seed": 2,
    "num_freqs": 4,
    "fourier_normalize": false,
    "num_distractor": 8,
    "train_acc_thresh": 0.99,
    "val_acc_thresh": 0.9
  },
  "metrics_version": "grok-metrics-v1",
  "encoding_version": "enc-v1",
  "steps_log": [
    0,
    200,
    400,
    600,
    800,
    1000,
    1200,
    1400,
    1600,
    1800,
    2000,
    2200,
    2400,
    2600,
    2800,
    3000,
    3200,
    3400,
    3600,
    3800,
    4000,
    4200,
    4400,
    4600,
    4800,
    5000,
    5200,
    5400,
    5600,
    5800,
    6000,
    6200,
    6400,
    6600,
    6800,
    7000,
    7200,
    7400,
    7600,
    7800,
    8000,
    8200,
    8400,
    8600,
    8800,
    9000,
    9200,
    9400,
    9600,
    9800,
    10000,
    10200,
    10400,
    10600,
    10800,
    11000,
    11200,
    11400,
    11600,
    11800,
    12000,
    12200,
    12400,
    12600,
    12800,
    13000,
    13200,
    13400,
    13600,
    13800,
    14000,
    14200,
    14400,
    14600,
    14800,
    15000,
    15200,
    15400,
    15600,
    15800,
    16000,
    16200,
    16400,
    16600,
    16800,
    17000,
    17200,
    17400,
    17600,
    17800,
    18000,
    18200,
    18400,
    18600,
    18800,
    19000,
    19200,
    19400,
    19600,
    19800,
    20000
  ],
  "train_acc": [
    0.011904762126505375,
    0.3579931855201721,
    0.8928571343421936,
    1.0,
    1.0,
    1.0,
    1.0,
    1.0,
    1.0,
    1.0,
    1.0,
    1.0,
    1.0,
    1.0,
    1.0,
    1.0,
    1.0,
    1.0,
    1.0,
    1.0,
    1.0,
    1.0,
    1.0,
    1.0,
    1.0,
    1.0,
    1.0,
    1.0,
    1.0,
    1.0,
    1.0,
    1.0,
    1.0,
    1.0,
    1.0,
    1.0,
    1.0,
    1.0,
    1.0,
    1.0,
    1.0,
    1.0,
    1.0,
    1.0,
    1.0,
    1.0,
    1.0,
    1.0,
    1.0,
    1.0,
    1.0,
    1.0,
    1.0,
    1.0,
    1.0,
    1.0,
    1.0,
    1.0,
    1.0,
    1.0,
    1.0,
    1.0,
    1.0,
    1.0,
    1.0,
    1.0,
    1.0,
    1.0,
    1.0,
    1.0,
    1.0,
    1.0,
    1.0,
    1.0,
    1.0,
    1.0,
    1.0,
    1.0,
    1.0,
    1.0,
    1.0,
    1.0,
    1.0,
    1.0,
    1.0,
    1.0,
    1.0,
    1.0,
    1.0,
    1.0,
    1.0,
    1.0,
    1.0,
    1.0,
    1.0,
    1.0,
    1.0,
    1.0,
    1.0,
    1.0,
    1.0
  ],
  "val_acc": [
    0.010626992210745811,
    0.0,
    0.0,
    0.0,
    0.0010626992443576455,
    0.004250796977430582,
    0.017853347584605217,
    0.04973432421684265,
    0.10690754652023315,
    0.20148777961730957,
    0.3083953261375427,
    0.4446333646774292,
    0.5825717449188232,
    0.7054197788238525,
    0.7993623614311218,
    0.8701381683349609,
    0.911795973777771,
    0.9385759830474854,
    0.9577045440673828,
    0.971307098865509,
    0.9802337884902954,
    0.9849096536636353,
    0.9891604781150818,
    0.9934112429618835,
    0.994686484336853,
    0.9957491755485535,
    0.9965993762016296,
    0.9976620674133301,
    0.9982996582984924,
    0.9991498589515686,
    0.9991498589515686,
    0.9993624091148376,
    0.9995748996734619,
    0.9995748996734619,
    0.999787449836731,
    0.999787449836731,
    1.0,
    1.0,
    1.0,
    1.0,
    1.0,
    1.0,
    1.0,
    1.0,
    1.0,
    1.0,
    1.0,
    1.0,
    1.0,
    1.0,
    1.0,
    1.0,
    1.0,
    1.0,
    1.0,
    1.0,
    1.0,
    1.0,
    1.0,
    1.0,
    1.0,
    1.0,
    1.0,
    1.0,
    1.0,
    1.0,
    1.0,
    1.0,
    1.0,
    1.0,
    1.0,
    1.0,
    1.0,
    1.0,
    1.0,
    1.0,
    1.0,
    1.0,
    1.0,
    1.0,
    1.0,
    1.0,
    1.0,
    1.0,
    1.0,
    1.0,
    1.0,
    1.0,
    1.0,
    1.0,
    1.0,
    1.0,
    1.0,
    1.0,
    1.0,
    1.0,
    1.0,
    1.0,
    1.0,
    1.0,
    1.0
  ],
  "train_loss": [
    4.573746204376221,
    3.3017830848693848,
    1.695597529411316,
    0.5638238787651062,
    0.1554078906774521,
    0.04561847075819969,
    0.014032414183020592,
    0.0044538723304867744,
    0.0014507656451314688,
    0.0004889093688689172,
    0.0001777706784196198,
    7.424623618135229e-05,
    3.873802052112296e-05,
    2.60685683315387e-05,
    2.1311090677045286e-05,
    1.9339368009241298e-05,
    1.8389744582236744e-05,
    1.7808890333981253e-05,
    1.737136517476756e-05,
    1.700419124972541e-05,
    1.668412733124569e-05,
    1.6385272829211317e-05,
    1.610555045772344e-05,
    1.584040182933677e-05,
    1.559504380566068e-05,
    1.5369401808129624e-05,
    1.5158686437644064e-05,
    1.4972044482419733e-05,
    1.4802862096985336e-05,
    1.4635202205681708e-05,
    1.4489410204987507e-05,
    1.434846217307495e-05,
    1.4199908946466167e-05,
    1.4054268831387162e-05,
    1.3926750398240983e-05,
    1.3809268239128869e-05,
    1.3702070646104403e-05,
    1.3597967154055368e-05,
    1.3499945453077089e-05,
    1.34171541503747e-05,
    1.33410267153522e-05,
    1.327473273704527e-05,
    1.3204357856011484e-05,
    1.3137456335243769e-05,
    1.3079677955829538e-05,
    1.3021392078371719e-05,
    1.2967262591701001e-05,
    1.2914577382616699e-05,
    1.2861867617175449e-05,
    1.280976357520558e-05,
    1.27602706925245e-05,
    1.2712654097413179e-05,
    1.2663693269132636e-05,
    1.261797751794802e-05,
    1.2576161680044606e-05,
    1.2531129868875723e-05,
    1.248817534360569e-05,
    1.2451911061361898e-05,
    1.2416913705237675e-05,
    1.2383514331304468e-05,
    1.2351760233286768e-05,
    1.23208428703947e-05,
    1.2285364391573239e-05,
    1.2253358363523148e-05,
    1.2222746590850875e-05,
    1.2191525456728414e-05,
    1.2162838174845092e-05,
    1.2139396858401597e-05,
    1.2113599041185807e-05,
    1.2089145457139239e-05,
    1.2065655027981848e-05,
    1.2045938092342112e-05,
    1.2025183423247654e-05,
    1.2007874829578213e-05,
    1.1991124665655661e-05,
    1.1974423614447005e-05,
    1.1956811249547172e-05,
    1.1941556294914335e-05,
    1.1922905287065078e-05,
    1.1902605365321506e-05,
    1.1884612831636332e-05,
    1.1868495676026214e-05,
    1.1850806913571432e-05,
    1.183615950139938e-05,
    1.1823057320725638e-05,
    1.1804786481661722e-05,
    1.1792267287091818e-05,
    1.1776301107602194e-05,
    1.175825764221372e-05,
    1.1741683920263313e-05,
    1.172032170870807e-05,
    1.1702456504281145e-05,
    1.168953167507425e-05,
    1.167389564216137e-05,
    1.1662643373711035e-05,
    1.1651695785985794e-05,
    1.1640393495326862e-05,
    1.163000433734851e-05,
    1.1619105862337165e-05,
    1.1607449778239243e-05,
    1.159827570518246e-05
  ],