{
  "config": {
    "encoding": "onehot",
    "p": 97,
    "train_frac": 0.5,
    "hidden": 256,
    "lr": 0.001,
    "weight_decay": 1.0,
    "steps": 20000,
    "eval_every": 200,
    "seed": 3,
    "num_freqs": 4,
    "fourier_normalize": false,
    "num_distractor": 8,
    "train_acc_thresh": 0.99,
    "val_acc_thresh": 0.9
  },
  "metrics_version": "grok-metrics-v1",
  "encoding_version": "enc-v1",
  "steps_log": [
    0,
    200,
    400,
    600,
    800,
    1000,
    1200,
    1400,
    1600,
    1800,
    2000,
    2200,
    2400,
    2600,
    2800,
    3000,
    3200,
    3400,
    3600,
    3800,
    4000,
    4200,
    4400,
    4600,
    4800,
    5000,
    5200,
    5400,
    5600,
    5800,
    6000,
    6200,
    6400,
    6600,
    6800,
    7000,
    7200,
    7400,
    7600,
    7800,
    8000,
    8200,
    8400,
    8600,
    8800,
    9000,
    9200,
    9400,
    9600,
    9800,
    10000,
    10200,
    10400,
    10600,
    10800,
    11000,
    11200,
    11400,
    11600,
    11800,
    12000,
    12200,
    12400,
    12600,
    12800,
    13000,
    13200,
    13400,
    13600,
    13800,
    14000,
    14200,
    14400,
    14600,
    14800,
    15000,
    15200,
    15400,
    15600,
    15800,
    16000,
    16200,
    16400,
    16600,
    16800,
    17000,
    17200,
    17400,
    17600,
    17800,
    18000,
    18200,
    18400,
    18600,
    18800,
    19000,
    19200,
    19400,
    19600,
    19800,
    20000
  ],
  "train_acc": [
    0.011692176572978497,
    0.3624574840068817,
    0.9000850319862366,
    1.0,
    1.0,
    1.0,
    1.0,
    1.0,
    1.0,
    1.0,
    1.0,
    1.0,
    1.0,
    1.0,
    1.0,
    1.0,
    1.0,
    1.0,
    1.0,
    1.0,
    1.0,
    1.0,
    1.0,
    1.0,
    1.0,
    1.0,
    1.0,
    1.0,
    1.0,
    1.0,
    1.0,
    1.0,
    1.0,
    1.0,
    1.0,
    1.0,
    1.0,
    1.0,
    1.0,
    1.0,
    1.0,
    1.0,
    1.0,
    1.0,
    1.0,
    1.0,
    1.0,
    1.0,
    1.0,
    1.0,
    1.0,
    1.0,
    1.0,
    1.0,
    1.0,
    1.0,
    1.0,
    1.0,
    1.0,
    1.0,
    1.0,
    1.0,
    1.0,
    1.0,
    1.0,
    1.0,
    1.0,
    1.0,
    1.0,
    1.0,
    1.0,
    1.0,
    1.0,
    1.0,
    1.0,
    1.0,
    1.0,
    1.0,
    1.0,
    1.0,
    1.0,
    1.0,
    1.0,
    1.0,
    1.0,
    1.0,
    1.0,
    1.0,
    1.0,
    1.0,
    1.0,
    1.0,
    1.0,
    1.0,
    1.0,
    1.0,
    1.0,
    1.0,
    1.0,
    1.0,
    1.0
  ],
  "val_acc": [
    0.008714133873581886,
    0.0,
    0.0,
    0.0,
    0.0010626992443576455,
    0.007863974198698997,
    0.025079702958464622,
    0.06588735431432724,
    0.13985122740268707,
    0.24378320574760437,
    0.3676939308643341,
    0.4901168942451477,
    0.6116896867752075,
    0.7192348837852478,
    0.8025504946708679,
    0.8673751354217529,
    0.9071201086044312,
    0.9343251585960388,
    0.955791711807251,
    0.9698193669319153,
    0.9774707555770874,
    0.9855473041534424,
    0.9889479279518127,
    0.9910733103752136,
    0.9938363432884216,
    0.9948990345001221,
    0.9957491755485535,
    0.997236967086792,
    0.9985122084617615,
    0.9987247586250305,
    0.9989373087882996,
    0.9993624091148376,
    0.9995748996734619,
    0.999787449836731,
    1.0,
    1.0,
    1.0,
    1.0,
    1.0,
    1.0,
    1.0,
    1.0,
    1.0,
    1.0,
    1.0,
    1.0,
    1.0,
    1.0,
    1.0,
    1.0,
    1.0,
    1.0,
    1.0,
    1.0,
    1.0,
    1.0,
    1.0,
    1.0,
    1.0,
    1.0,
    1.0,
    1.0,
    1.0,
    1.0,
    1.0,
    1.0,
    1.0,
    1.0,
    1.0,
    1.0,
    1.0,
    1.0,
    1.0,
    1.0,
    1.0,
    1.0,
    1.0,
    1.0,
    1.0,
    1.0,
    1.0,
    1.0,
    1.0,
    1.0,
    1.0,
    1.0,
    1.0,
    1.0,
    1.0,
    1.0,
    1.0,
    1.0,
    1.0,
    1.0,
    1.0,
    1.0,
    1.0,
    1.0,
    1.0,
    1.0,
    1.0
  ],
  "train_loss": [
    4.573907852172852,
    3.293633222579956,
    1.6608994007110596,
    0.5351958274841309,
    0.14400874078273773,
    0.041869353502988815,
    0.012693075463175774,
    0.003959894645959139,
    0.0012692937161773443,
    0.000425934384111315,
    0.00015567072841804475,
    6.660096551058814e-05,
    3.6165900382911786e-05,
    2.5283363356720656e-05,
    2.1188310711295344e-05,
    1.9506012904457748e-05,
    1.8675951650948264e-05,
    1.812168011383619e-05,
    1.7683776604826562e-05,
    1.7311835108557716e-05,
    1.6963771486189216e-05,
    1.661578062339686e-05,
    1.6293255612254143e-05,
    1.6018146197893657e-05,
    1.5768277080496773e-05,
    1.553650145069696e-05,
    1.5310810340452008e-05,
    1.5113904737518169e-05,
    1.4934082173567731e-05,
    1.4768701475986745e-05,
    1.4612975064665079e-05,
    1.4468300832959358e-05,
    1.4334750630951021e-05,
    1.4199651559465565e-05,
    1.4078646927373484e-05,
    1.395373692503199e-05,
    1.3843578017258551e-05,
    1.3730224054597784e-05,
    1.3627363841806073e-05,
    1.353445986751467e-05,
    1.344822157989256e-05,
    1.3365734957915265e-05,
    1.3286846296978183e-05,
    1.320965475315461e-05,
    1.3131299056112766e-05,
    1.3060088349448051e-05,
    1.2996963050682098e-05,
    1.2937841347593348e-05,
    1.2881024304078892e-05,
    1.2822889402741566e-05,
    1.2773297385137994e-05,
    1.27265157061629e-05,
    1.2672969205596019e-05,
    1.2621297173609491e-05,
    1.2568433703563642e-05,
    1.251825688086683e-05,
    1.2472311937017366e-05,
    1.2431486538844183e-05,
    1.2396235433698166e-05,
    1.2364685971988365e-05,
    1.2334225175436586e-05,
    1.2303536095714662e-05,
    1.2270337720110547e-05,
    1.2234530004207045e-05,
    1.2206198334752116e-05,
    1.2183467333670706e-05,
    1.2154299838584848e-05,
    1.2125916327931918e-05,
    1.2104503184673376e-05,
    1.20781987789087e-05,
    1.2058609172527213e-05,
    1.2041705304000061e-05,
    1.2024498573737219e-05,
    1.2003084520983975e-05,
    1.1986358913418371e-05,
    1.1965275916736573e-05,
    1.1941529919567984e-05,
    1.1916593393834773e-05,
    1.189267095469404e-05,
    1.1870394700963516e-05,
    1.1850045666506048e-05,
    1.1827441085188184e-05,
    1.1812159755208995e-05,
    1.1800503671111073e-05,
    1.178831371362321e-05,
    1.1774071026593447e-05,
    1.176550540549215e-05,
    1.1754279512388166e-05,
    1.1742343303922098e-05,
    1.1729038305929862e-05,
    1.1715049367921893e-05,
    1.169966890302021e-05,
    1.168015478469897e-05,
    1.1665380952763371e-05,
    1.1648909094219562e-05,
    1.1634844668151345e-05,
    1.1619563338172156e-05,
    1.1601494406932034e-05,
    1.1587505468924064e-05,
    1.157283168140566e-05,
    1.1561909559532069e-05
  ],