{
  "config": {
    "encoding": "onehot",
    "p": 97,
    "train_frac": 0.5,
    "hidden": 256,
    "lr": 0.001,
    "weight_decay": 1.0,
    "steps": 20000,
    "eval_every": 200,
    "seed": 4,
    "num_freqs": 4,
    "fourier_normalize": false,
    "num_distractor": 8,
    "train_acc_thresh": 0.99,
    "val_acc_thresh": 0.9
  },
  "metrics_version": "grok-metrics-v1",
  "encoding_version": "enc-v1",
  "steps_log": [
    0,
    200,
    400,
    600,
    800,
    1000,
    1200,
    1400,
    1600,
    1800,
    2000,
    2200,
    2400,
    2600,
    2800,
    3000,
    3200,
    3400,
    3600,
    3800,
    4000,
    4200,
    4400,
    4600,
    4800,
    5000,
    5200,
    5400,
    5600,
    5800,
    6000,
    6200,
    6400,
    6600,
    6800,
    7000,
    7200,
    7400,
    7600,
    7800,
    8000,
    8200,
    8400,
    8600,
    8800,
    9000,
    9200,
    9400,
    9600,
    9800,
    10000,
    10200,
    10400,
    10600,
    10800,
    11000,
    11200,
    11400,
    11600,
    11800,
    12000,
    12200,
    12400,
    12600,
    12800,
    13000,
    13200,
    13400,
    13600,
    13800,
    14000,
    14200,
    14400,
    14600,
    14800,
    15000,
    15200,
    15400,
    15600,
    15800,
    16000,
    16200,
    16400,
    16600,
    16800,
    17000,
    17200,
    17400,
    17600,
    17800,
    18000,
    18200,
    18400,
    18600,
    18800,
    19000,
    19200,
    19400,
    19600,
    19800,
    20000
  ],
  "train_acc": [
    0.012967687100172043,
    0.3469387888908386,
    0.8837159872055054,
    0.9995748400688171,
    1.0,
    1.0,
    1.0,
    1.0,
    1.0,
    1.0,
    1.0,
    1.0,
    1.0,
    1.0,
    1.0,
    1.0,
    1.0,
    1.0,
    1.0,
    1.0,
    1.0,
    1.0,
    1.0,
    1.0,
    1.0,
    1.0,
    1.0,
    1.0,
    1.0,
    1.0,
    1.0,
    1.0,
    1.0,
    1.0,
    1.0,
    1.0,
    1.0,
    1.0,
    1.0,
    1.0,
    1.0,
    1.0,
    1.0,
    1.0,
    1.0,
    1.0,
    1.0,
    1.0,
    1.0,
    1.0,
    1.0,
    1.0,
    1.0,
    1.0,
    1.0,
    1.0,
    1.0,
    1.0,
    1.0,
    1.0,
    1.0,
    1.0,
    1.0,
    1.0,
    1.0,
    1.0,
    1.0,
    1.0,
    1.0,
    1.0,
    1.0,
    1.0,
    1.0,
    1.0,
    1.0,
    1.0,
    1.0,
    1.0,
    1.0,
    1.0,
    1.0,
    1.0,
    1.0,
    1.0,
    1.0,
    1.0,
    1.0,
    1.0,
    1.0,
    1.0,
    1.0,
    1.0,
    1.0,
    1.0,
    1.0,
    1.0,
    1.0,
    1.0,
    1.0,
    1.0,
    1.0
  ],
  "val_acc": [
    0.010626992210745811,
    0.0,
    0.0,
    0.0,
    0.00021253984596114606,
    0.00403825705870986,
    0.01679064892232418,
    0.04697130620479584,
    0.10329436510801315,
    0.19808714091777802,
    0.30541977286338806,
    0.42189159989356995,
    0.545377254486084,
    0.662486732006073,
    0.7645058631896973,
    0.8408076763153076,
    0.8841657638549805,
    0.9224229454994202,
    0.9475026726722717,
    0.9672688841819763,
    0.976833164691925,
    0.9849096536636353,
    0.9887353777885437,
    0.9921360015869141,
    0.9942614436149597,
    0.9959617257118225,
    0.997449517250061,
    0.9980871677398682,
    0.9982996582984924,
    0.9987247586250305,
    0.9989373087882996,
    0.9989373087882996,
    0.9991498589515686,
    0.9991498589515686,
    0.9995748996734619,
    0.9995748996734619,
    0.9995748996734619,
    0.9995748996734619,
    0.999787449836731,
    0.999787449836731,
    0.999787449836731,
    1.0,
    1.0,
    1.0,
    1.0,
    1.0,
    1.0,
    1.0,
    1.0,
    1.0,
    1.0,
    1.0,
    1.0,
    1.0,
    1.0,
    1.0,
    1.0,
    1.0,
    1.0,
    1.0,
    1.0,
    1.0,
    1.0,
    1.0,
    1.0,
    1.0,
    1.0,
    1.0,
    1.0,
    1.0,
    1.0,
    1.0,
    1.0,
    1.0,
    1.0,
    1.0,
    1.0,
    1.0,
    1.0,
    1.0,
    1.0,
    1.0,
    1.0,
    1.0,
    1.0,
    1.0,
    1.0,
    1.0,
    1.0,
    1.0,
    1.0,
    1.0,
    1.0,
    1.0,
    1.0,
    1.0,
    1.0,
    1.0,
    1.0,
    1.0,
    1.0
  ],
  "train_loss": [
    4.57436466217041,
    3.3142294883728027,
    1.7359975576400757,
    0.6078077554702759,
    0.16937819123268127,
    0.04913086071610451,
    0.014993628486990929,
    0.004722808487713337,
    0.0015340979443863034,
    0.0005189171060919762,
    0.00018865372112486511,
    7.909948180895299e-05,
    4.1374776628799736e-05,
    2.7749230866902508e-05,
    2.261478584841825e-05,
    2.0495297576417215e-05,
    1.9460858311504126e-05,
    1.876746136986185e-05,
    1.821995829232037e-05,
    1.7779697373043746e-05,
    1.739853178150952e-05,
    1.7086502339225262e-05,
    1.681415415077936e-05,
    1.6559979485464282e-05,
    1.6322046576533467e-05,
    1.6093108570203185e-05,
    1.587836231919937e-05,
    1.5662883015465923e-05,
    1.5461544535355642e-05,
    1.5282732420018874e-05,
    1.5096849892870523e-05,
    1.4919104614818934e-05,
    1.4752863535250071e-05,
    1.4597622794099152e-05,
    1.4449753507506102e-05,
    1.4306266166386195e-05,
    1.416579652868677e-05,
    1.4037543223821558e-05,
    1.3915142517362256e-05,
    1.3789070180791896e-05,
    1.3674120054929517e-05,
    1.3565148947236594e-05,
    1.3450984624796547e-05,
    1.334401713393163e-05,
    1.3254155419417657e-05,
    1.3165026757633314e-05,
    1.3082742043479811e-05,
    1.3008061614527833e-05,
    1.2937233805132564e-05,
    1.2863286428910214e-05,
    1.279585194424726e-05,
    1.273335874429904e-05,
    1.2678645362029783e-05,
    1.2631179743038956e-05,
    1.258325846720254e-05,
    1.2536605936475098e-05,
    1.2495475857576821e-05,
    1.245619569090195e-05,
    1.2428014997567516e-05,
    1.2397959835652728e-05,
    1.2372694072837476e-05,
    1.2351989425951615e-05,
    1.2330068784649484e-05,
    1.2307437827985268e-05,
    1.2288102880120277e-05,
    1.2267601050552912e-05,
    1.2241726835782174e-05,
    1.2220186363265384e-05,
    1.219879777636379e-05,
    1.2173937648185529e-05,
    1.2146720109740272e-05,
    1.2117855476390105e-05,
    1.209444053529296e-05,
    1.2066766430507414e-05,
    1.2042261914757546e-05,
    1.2013955711154267e-05,
    1.1990843631792814e-05,
    1.1963829820160754e-05,
    1.1943404388148338e-05,
    1.1920192264369689e-05,
    1.1896398063981906e-05,
    1.1876580174430273e-05,
    1.1861780876643024e-05,
    1.1848095709865447e-05,
    1.1837122656288557e-05,
    1.1825186447822489e-05,
    1.1810006981249899e-05,
    1.1797994375228882e-05,
    1.1787401490437333e-05,
    1.1780533895944245e-05,
    1.1770751370931976e-05,
    1.1762288522731978e-05,
    1.1754709703382105e-05,
    1.1745157280529384e-05,
    1.1739201909222174e-05,
    1.1727062883437611e-05,
    1.1716445442289114e-05,
    1.1710361832228955e-05,
    1.1700656614266336e-05,
    1.1694093700498343e-05,
    1.1686616744555067e-05
  ],