{
  "config": {
    "encoding": "onehot",
    "p": 97,
    "train_frac": 0.5,
    "hidden": 256,
    "lr": 0.001,
    "weight_decay": 0.1,
    "steps": 8000,
    "eval_every": 200,
    "seed": 2,
    "num_freqs": 4,
    "fourier_normalize": false,
    "num_distractor": 8,
    "train_acc_thresh": 0.99,
    "val_acc_thresh": 0.9
  },
  "metrics_version": "grok-metrics-v1",
  "encoding_version": "enc-v1",
  "steps_log": [
    0,
    200,
    400,
    600,
    800,
    1000,
    1200,
    1400,
    1600,
    1800,
    2000,
    2200,
    2400,
    2600,
    2800,
    3000,
    3200,
    3400,
    3600,
    3800,
    4000,
    4200,
    4400,
    4600,
    4800,
    5000,
    5200,
    5400,
    5600,
    5800,
    6000,
    6200,
    6400,
    6600,
    6800,
    7000,
    7200,
    7400,
    7600,
    7800,
    8000
  ],
  "train_acc": [
    0.011904762126505375,
    0.4053996503353119,
    0.9738520383834839,
    1.0,
    1.0,
    1.0,
    1.0,
    1.0,
    1.0,
    1.0,
    1.0,
    1.0,
    1.0,
    1.0,
    1.0,
    1.0,
    1.0,
    1.0,
    1.0,
    1.0,
    1.0,
    1.0,
    1.0,
    1.0,
    1.0,
    1.0,
    1.0,
    1.0,
    1.0,
    1.0,
    1.0,
    1.0,
    1.0,
    1.0,
    1.0,
    1.0,
    1.0,
    1.0,
    1.0,
    1.0,
    1.0
  ],
  "val_acc": [
    0.010626992210745811,
    0.0,
    0.0,
    0.00021253984596114606,
    0.0004250796919222921,
    0.001487778965383768,
    0.0023379384074360132,
    0.004250796977430582,
    0.007013814989477396,
    0.012327311560511589,
    0.01615302823483944,
    0.01849096640944481,
    0.01997874677181244,
    0.0229543037712574,
    0.02614240162074566,
    0.028905419632792473,
    0.03443145751953125,
    0.03931987285614014,
    0.043358128517866135,
    0.048671625554561615,
    0.05377258360385895,
    0.059298619627952576,
    0.06503719091415405,
    0.06971307098865509,
    0.07736450433731079,
    0.08650372177362442,
    0.09734325110912323,
    0.10733262449502945,
    0.11455897986888885,
    0.12369818985462189,
    0.1341126412153244,
    0.14410202205181122,
    0.1534537672996521,
    0.16301806271076202,
    0.17577046155929565,
    0.18618491291999817,
    0.19681189954280853,
    0.20956429839134216,
    0.22401700913906097,
    0.23974494636058807,
    0.2546227276325226
  ],
  "train_loss": [
    4.573746204376221,
    3.1287283897399902,
    1.131134271621704,
    0.15741035342216492,
    0.020117320120334625,
    0.0028389759827405214,
    0.000411488872487098,
    6.265006231842563e-05,
    1.1685071513056755e-05,
    3.5156278954673326e-06,
    1.831979375310766e-06,
    1.3401404430624098e-06,
    1.1504043868626468e-06,
    1.0659899771781056e-06,
    1.0254171911583398e-06,
    1.002685394269065e-06,
    9.89811610452307e-07,
    9.797254278964829e-07,
    9.730605370350531e-07,
    9.67611981650407e-07,
    9.63405227594194e-07,
    9.594517678124248e-07,
    9.557518296787748e-07,
    9.528881150799862e-07,
    9.491630521551997e-07,
    9.474396733821777e-07,
    9.43283851029264e-07,
    9.394316293764859e-07,
    9.358583952234767e-07,
    9.325134442406124e-07,
    9.301059549216006e-07,
    9.281544066652714e-07,
    9.243531735592114e-07,
    9.213121643369959e-07,
    9.196141377287859e-07,
    9.145458079728996e-07,
    9.120116146732471e-07,
    9.09781476821081e-07,
    9.062842991625075e-07,
    9.038768666869146e-07,
    9.001515763884527e-07
  ],
  "val_loss": [
    4.577033042907715,
    6.251056671142578,
    8.802799224853516,
    10.962088584899902,
    12.33659553527832,
    13.330243110656738,
    14.121979713439941,
    14.731047630310059,
    15.04741096496582,
    14.942180633544922,
    14.567037582397461,
    14.111013412475586,
    13.639446258544922,
    13.172032356262207,
    12.717130661010742,
    12.278274536132812,
    11.855796813964844,
    11.448821067810059,
    11.0563383102417,
    10.676441192626953,
    10.30873966217041,
    9.952179908752441,
    9.607251167297363,
    9.273421287536621,
    8.949563980102539,
    8.636395454406738,
    8.333361625671387,
    8.040103912353516,
    7.7559661865234375,
    7.480775833129883,
    7.21484375,
    6.957364559173584,
    6.708388328552246,
    6.4675374031066895,
    6.234565258026123,
    6.009270191192627,
    5.79149055480957,
    5.5811567306518555,
    5.377921104431152,
    5.18172550201416,
    4.992419242858887
  ],
  "weight_l2": [
    10.84732003698879,
    55.45548323461585,
    97.10335398979613,
    127.71789521373957,
    147.59629490451576,
    163.03769384982579,
    176.34010761331578,
    187.82042996045982,
    196.58818336043504,
    201.40005564845129,
    202.946934012265,
    202.8740616528146,
    202.1273105963453,
    201.10817382112353,
    199.98783992278507,
    198.8431490322961,
    197.70652237100603,
    196.5866408256481,
    195.49145727444636,
    194.42348223939078,
    193.38263565133678,
    192.36971661263394,
    191.38676940437688,
    190.43241049735855,
    189.50334460193122,
    188.60214111825928,
    187.72691662117714,
    186.87423963742913,
    186.04369907643087,
    185.23379518312782,
    184.44481679453986,
    183.67744159708616,
    182.93304816284396,
    182.2085673156755,
    181.50330300911773,
    180.81485267714595,
    180.14362462610518,
    179.48994270191173,
    178.85333131636926,
    178.2336585805558,
    177.62923921362565
  ],
  "step_train_saturate": 600,
  "step_val_generalize": null,
  "grok_delay": null,
  "final_val_acc": 0.2546227276325226,
  "wall_seconds": 118.3695969581604
}