{
  "config": {
    "encoding": "onehot",
    "p": 97,
    "train_frac": 0.5,
    "hidden": 256,
    "lr": 0.001,
    "weight_decay": 0.1,
    "steps": 8000,
    "eval_every": 200,
    "seed": 1,
    "num_freqs": 4,
    "fourier_normalize": false,
    "num_distractor": 8,
    "train_acc_thresh": 0.99,
    "val_acc_thresh": 0.9
  },
  "metrics_version": "grok-metrics-v1",
  "encoding_version": "enc-v1",
  "steps_log": [
    0,
    200,
    400,
    600,
    800,
    1000,
    1200,
    1400,
    1600,
    1800,
    2000,
    2200,
    2400,
    2600,
    2800,
    3000,
    3200,
    3400,
    3600,
    3800,
    4000,
    4200,
    4400,
    4600,
    4800,
    5000,
    5200,
    5400,
    5600,
    5800,
    6000,
    6200,
    6400,
    6600,
    6800,
    7000,
    7200,
    7400,
    7600,
    7800,
    8000
  ],
  "train_acc": [
    0.013605441898107529,
    0.40136054158210754,
    0.9636479616165161,
    1.0,
    1.0,
    1.0,
    1.0,
    1.0,
    1.0,
    1.0,
    1.0,
    1.0,
    1.0,
    1.0,
    1.0,
    1.0,
    1.0,
    1.0,
    1.0,
    1.0,
    1.0,
    1.0,
    1.0,
    1.0,
    1.0,
    1.0,
    1.0,
    1.0,
    1.0,
    1.0,
    1.0,
    1.0,
    1.0,
    1.0,
    1.0,
    1.0,
    1.0,
    1.0,
    1.0,
    1.0,
    1.0
  ],
  "val_acc": [
    0.00913921371102333,
    0.0,
    0.0,
    0.0,
    0.0004250796919222921,
    0.0010626992443576455,
    0.0017003187676891685,
    0.003613177454099059,
    0.00743889482691884,
    0.011902231723070145,
    0.01487778965383768,
    0.019553666934370995,
    0.023166844621300697,
    0.026354942470788956,
    0.029330499470233917,
    0.032518595457077026,
    0.035494156181812286,
    0.039532411843538284,
    0.04442082718014717,
    0.0499468632042408,
    0.053985122591257095,
    0.05823592096567154,
    0.06695005297660828,
    0.07205101102590561,
    0.07778958231210709,
    0.08501593768596649,
    0.09309245645999908,
    0.10074388980865479,
    0.10775770246982574,
    0.11413390189409256,
    0.12433581054210663,
    0.1336875706911087,
    0.14473964273929596,
    0.1566418707370758,
    0.16535601019859314,
    0.1764080822467804,
    0.18873538076877594,
    0.20531348884105682,
    0.21530286967754364,
    0.22699256241321564,
    0.2416578084230423
  ],
  "train_loss": [
    4.57364559173584,
    3.130645275115967,
    1.1576253175735474,
    0.16918563842773438,
    0.021791815757751465,
    0.003097967244684696,
    0.0004500816576182842,
    6.844363088021055e-05,
    1.2613820217666216e-05,
    3.7136508126422996e-06,
    1.8990598391610547e-06,
    1.3765317135039368e-06,
    1.173719169855758e-06,
    1.0828676977325813e-06,
    1.0408505204395624e-06,
    1.0169276265514782e-06,
    1.0028627457359107e-06,
    9.926499160428648e-07,
    9.85173983281129e-07,
    9.789144996830146e-07,
    9.747330977916135e-07,
    9.691071909401217e-07,
    9.663448281571618e-07,
    9.608963864593534e-07,
    9.58336840994889e-07,
    9.545608463668032e-07,
    9.509876690572128e-07,
    9.46324689721223e-07,
    9.422446396456508e-07,
    9.394569815412979e-07,
    9.354529311167425e-07,
    9.322598089056555e-07,
    9.295229119743453e-07,
    9.250882158085005e-07,
    9.225793746736599e-07,
    9.173080002256029e-07,
    9.145459216597374e-07,
    9.114287990996672e-07,
    9.084637895284686e-07,
    9.051693155015528e-07,
    9.011145607473736e-07
  ],
  "val_loss": [
    4.577045440673828,
    6.273728847503662,
    8.884553909301758,
    11.146200180053711,
    12.596673965454102,
    13.64918327331543,
    14.472841262817383,
    15.087871551513672,
    15.4120454788208,
    15.317108154296875,
    14.941093444824219,
    14.47864818572998,
    14.000174522399902,
    13.522846221923828,
    13.05953311920166,
    12.612523078918457,
    12.18204402923584,
    11.765297889709473,
    11.361869812011719,
    10.971185684204102,
    10.592818260192871,
    10.225677490234375,
    9.868138313293457,
    9.521846771240234,
    9.185909271240234,
    8.859515190124512,
    8.542885780334473,
    8.235356330871582,
    7.937201023101807,
    7.647609710693359,
    7.36691951751709,
    7.094783782958984,
    6.831043243408203,
    6.575389385223389,
    6.327754497528076,
    6.087797164916992,
    5.855886459350586,
    5.631824016571045,
    5.415639877319336,
    5.207264423370361,
    5.006164073944092
  ],
  "weight_l2": [
    10.858648434353142,
    55.330909097686295,
    97.04532083407119,
    128.01768438544488,
    148.31694477428306,
    164.03549475036857,
    177.55420722045477,
    189.19878808401077,
    198.14431101072807,
    203.13086177525565,
    204.77495016428776,
    204.7356359930187,
    203.99914202439578,
    202.96926427457407,
    201.8330874463869,
    200.67021963732813,
    199.51279142191297,
    198.37196159559812,
    197.25120086812035,
    196.1560972224393,
    195.0876821942755,
    194.04757760336386,
    193.03471323358437,
    192.05126396528985,
    191.0938807851199,
    190.1612784705839,
    189.2539029770875,
    188.3696585671873,
    187.50760247140212,
    186.6658871173192,
    185.84485175725203,
    185.04407020381635,
    184.26459781525722,
    183.5032528477209,
    182.76167427587686,
    182.03834001477904,
    181.33215964059613,
    180.64357898422807,
    179.97151062999663,
    179.31674586069573,
    178.67673085048082
  ],
  "step_train_saturate": 600,
  "step_val_generalize": null,
  "grok_delay": null,
  "final_val_acc": 0.2416578084230423,
  "wall_seconds": 122.64674663543701
}